,fLength,fWidth,fConc1,fM3Long,fAlpha,fDist,class
0,158.312,46.8503,0.1555,141.528,2.9828,106.176,1
1,24.8738,19.3399,0.1648,-13.6964,31.2269,68.9708,0
2,43.6872,20.4355,0.2482,34.2563,71.4563,158.894,1
3,19.1636,9.9135,0.4277,-14.4368,24.6194,228.02,0
4,34.6563,21.1375,0.1528,29.9303,24.765,55.6633,0
5,56.484,23.799,0.1389,36.9168,73.4803,111.9264,1
6,238.202,95.1143,0.0199,-142.109,88.1881,286.833,1
7,12.9516,11.0089,0.4614,-6.9576,27.5273,162.27100000000002,1
8,39.0894,22.4388,0.161,9.4193,10.505999999999998,133.345,0
9,78.3645,32.9876,0.077,15.4703,34.7235,153.3301,1
10,216.8868,93.9395,0.0519,-152.3833,28.7696,166.265,1
11,173.882,72.4744,0.0733,196.643,67.5281,191.605,1
12,31.502,13.576,0.2815,-12.2638,88.3349,206.0526,1
13,169.747,32.3063,0.3519,-155.558,12.4205,253.122,1
14,25.0766,15.1314,0.2277,16.6171,20.4432,169.707,0
15,20.2643,16.5704,0.27,18.3715,12.4856,204.254,0
16,62.9978,39.3379,0.2309,-33.3566,19.8975,300.4438,1
17,81.4835,27.3376,0.1761,-30.9463,6.3243,353.048,0
18,27.2244,11.9221,0.2373,20.8847,1.6146,189.699,0
19,65.541,22.516,0.2438,-25.133000000000003,1.423,323.5516,1
20,12.6161,11.8178,0.3642,-7.2472,65.013,198.666,0
21,20.2095,12.6471,0.2556,8.9677,10.6952,227.206,1
22,34.7405,11.5225,0.2697,20.7494,12.6698,128.282,0
23,22.0722,10.7539,0.2801,17.765,6.6616,204.261,1
24,215.1743,102.3745,0.0381,152.7208,89.7163,162.8776,1
25,21.4807,6.7982,0.4249,13.5509,38.6659,98.2402,1
26,44.5915,14.6315,0.201,-24.2456,6.6863,183.489,0
27,190.003,57.3551,0.0572,-93.0602,75.7876,243.901,1
28,19.2274,10.2241,0.4108,15.4282,61.45399999999999,188.82,1
29,22.3966,15.2822,0.2942,15.2297,18.996,118.244,0
30,58.4422,19.6955,0.1953,-59.4655,19.889,190.746,0
31,20.5966,17.8906,0.2944,20.3017,45.299,244.401,0
32,25.1685,23.4817,0.1518,-19.1357,72.786,121.01,0
33,21.1063,6.6598,0.4737,15.6882,7.8499,150.165,0
34,40.2526,15.3646,0.1419,16.8333,73.9986,233.5299,1
35,21.7072,7.8764,0.2166,21.3202,50.5844,161.373,1
36,33.7757,17.5674,0.2458,-25.8761,1.314,231.062,0
37,20.2999,8.2207,0.3973,19.4298,52.414,147.8757,1
38,21.88,10.4753,0.2874,16.7449,7.041,125.935,0
39,110.4091,25.138,0.1332,78.3212,16.5937,284.8169,1
40,22.9757,14.8362,0.3879999999999999,19.6848,16.534000000000002,143.194,0
41,114.176,96.2985,0.3057,-129.515,60.221,412.636,1
42,96.5547,23.1913,0.1076,99.3906,1.5716,278.802,0
43,77.982,16.512999999999998,0.1391,55.5577,14.4624,270.126,1
44,117.546,48.6587,0.0845,-117.82,28.412,323.658,1
45,89.5857,43.8501,0.0405,79.7874,1.2147,219.917,0
46,21.843000000000004,9.901,0.3239,15.3604,6.251,155.282,0
47,34.3305,17.4936,0.2059,31.6675,17.7258,256.083,1
48,114.427,14.5557,0.2005,-103.334,51.8893,173.274,1
49,13.068,10.6084,0.487,-3.5096,75.237,194.547,1
50,163.4418,50.7677,0.1579,-127.0888,33.5233,175.0866,1
51,34.6454,8.0247,0.2715,-14.0368,34.4267,200.5275,1
52,52.5855,13.1735,0.311,-41.4743,89.3695,229.851,1
53,38.2553,10.8926,0.2218,34.4629,1.2447,177.764,0
54,67.0577,35.8086,0.1073,31.277,7.3095,283.958,0
55,12.9801,10.8815,0.4723,6.0371,30.803,78.2618,1
56,50.6363,22.112,0.2023,45.6706,2.6594,258.334,1
57,94.2369,17.6341,0.1612,50.552,1.854,302.219,0
58,31.3662,15.6784,0.2328,25.3387,9.4083,203.315,0
59,66.4347,17.664,0.2162,67.7566,10.237,219.291,0
60,43.4047,8.0794,0.213,24.416,12.8929,111.09,1
61,55.1056,44.6224,0.0767,45.6519,1.1528,52.1409,0
62,17.9477,12.9279,0.377,14.8981,41.8467,123.624,1
63,20.8102,12.1864,0.2616,-8.6124,5.8095,187.384,0
64,41.2574,26.6586,0.1002,32.32,15.4434,93.7199,0
65,45.4692,28.2858,0.0946,-12.0953,7.3989,83.3164,1
66,114.5547,80.0698,0.0631,94.7292,0.2862,276.2978,1
67,80.3573,46.7521,0.0395,92.2686,72.1289,122.6955,1
68,194.2284,92.2648,0.0281,-179.4198,45.7527,295.2372,1
69,22.7184,8.7598,0.3842,-18.7684,6.1543,174.7,0
70,12.6909,11.6998,0.3839,8.7551,56.8101,155.297,0
71,16.1931,11.1654,0.3855,-6.9421,56.5349,168.497,0
72,80.0032,21.2266,0.1022,64.7447,9.041,303.467,0
73,65.7635,19.7758,0.2126,46.0977,47.095,102.318,1
74,19.7259,17.0208,0.2843,-12.3171,7.3544,187.628,0
75,25.6723,11.1212,0.3263,-21.3006,2.303,144.529,0
76,29.7832,22.1604,0.1563,-8.7597,33.7068,158.8411,1
77,88.0016,41.5354,0.0602,85.6667,26.8401,179.895,0
78,28.4899,1.6230000000000002,0.4732,20.1165,26.6149,194.6653,1
79,49.3308,19.4102,0.1314,31.7972,1.5672,195.495,0
80,18.8542,9.0044,0.484,13.3154,37.1081,181.296,0
81,49.9108,18.041,0.1564,41.3432,21.104,252.329,0
82,16.1915,1.2858,0.3241,11.1344,43.7638,235.5025,1
83,81.92399999999999,24.0344,0.1823,67.9563,4.2963,200.021,0
84,84.1042,23.3751,0.1559,47.1038,4.8025,352.5014,1
85,68.1129,28.1608,0.2289,-46.5571,36.0399,275.663,1
86,31.022,18.0006,0.2757,25.9397,76.8234,188.3716,1
87,27.0596,15.8193,0.2884,13.371,37.992,114.849,0
88,23.5333,15.0319,0.2927,20.3183,16.392,183.989,1
89,13.0087,10.6477,0.4931,2.7445,18.8501,66.5816,0
90,21.833,12.845999999999998,0.3848,17.2369,19.3319,40.1037,0
91,93.6809,73.2173,0.0355,90.6286,4.961,139.803,0
92,12.925999999999998,11.3551,0.3812,4.5285,60.0829,193.697,1
93,23.3107,18.2154,0.1867,2.0355,2.761,67.2404,0
94,74.4723,16.3375,0.2777,-83.8889,84.6412,120.3313,1
95,39.5326,10.7886,0.2743,-18.8,9.0374,181.501,0
96,22.7955,10.6579,0.4003,20.5625,42.293,210.976,0
97,12.952,11.2497,0.4142,6.6654,42.6363,183.213,0
98,84.6887,63.0898,0.0506,75.8326,44.209,224.205,1
99,30.7731,11.1271,0.2368,25.1084,30.1263,135.757,1
100,33.5344,17.8185,0.1938,26.712,85.7651,140.1944,1
101,14.2327,13.5176,0.2702,-0.1953,50.1706,163.8506,1
102,112.388,54.2316,0.1186,50.6508,10.8136,291.2586,1
103,35.0517,12.7947,0.3134,-10.8897,40.8358,213.9211,1
104,30.1632,22.9526,0.1748,11.598,87.2246,63.4176,0
105,37.9583,16.002,0.1939,24.4434,14.86,230.16,0
106,37.2895,21.5961,0.1729,9.1394,3.2352,145.565,0
107,36.045,17.1907,0.1953,27.4065,60.1685,217.647,1
108,53.4514,39.2208,0.0979,-54.8529,28.6929,159.4686,1
109,25.5431,7.6108,0.3196,-8.0852,35.4068,73.9748,1
110,28.1606,20.2805,0.2119,18.2669,1.0892,167.862,0
111,81.0863,18.6924,0.2132,78.0873,33.6786,330.05300000000005,1
112,39.6595,22.153,0.1292,23.1097,6.372000000000001,239.169,0
113,153.344,40.1891,0.1504,-84.68,2.1684,199.65,1
114,31.0653,17.5793,0.1837,-26.0578,58.3585,200.181,0
115,28.0556,10.0426,0.3069,-22.0884,6.912000000000001,179.05,0
116,33.6832,15.2972,0.1939999999999999,27.3937,1.5730000000000002,151.441,0
117,86.8639,21.8827,0.2672,30.8593,2.0243,257.121,0
118,89.6414,24.2344,0.1681,-95.2879,10.52,71.5688,0
119,105.8399,43.4692,0.0511,126.2927,16.3486,132.5441,1
120,242.091,105.708,0.0175,-180.16,67.9337,243.077,1
121,180.7054,99.6185,0.0191,-124.8521,68.8813,303.1109,1
122,131.0348,85.2287,0.0215,103.3835,88.7998,317.071,1
123,13.5634,10.0317,0.4127,-2.7401,33.723,197.661,1
124,144.6026,76.9853,0.1189,121.749,39.6929,205.3179,1
125,37.0979,8.0876,0.2585,25.3223,1.472,169.17700000000002,0
126,18.9455,9.996,0.3549,11.8739,47.57,224.052,0
127,17.4934,7.4535,0.5457,-1.162,15.087,159.278,1
128,33.8773,14.58,0.2141,24.106,17.282,208.599,0
129,13.0916,10.5668,0.4872,-4.3567,51.288,216.562,0
130,258.7196,188.8866,0.0535,42.4851,75.4253,135.2064,1
131,52.5845,11.4244,0.1933,-25.4734,83.6585,237.024,1
132,27.0715,14.5224,0.2731,18.5975,12.5387,185.4123,1
133,20.7262,12.8883,0.2567,-9.4132,14.549,190.537,0
134,84.0748,26.5362,0.0595,64.82600000000001,35.5998,183.4185,1
135,24.1699,18.731,0.2157,6.7161,5.1352,193.7732,1
136,36.4676,17.3779,0.1885,-26.6732,46.7456,196.1418,1
137,180.1338,84.4265,0.0333,-161.9227,76.8384,223.097,1
138,23.8371,13.8984,0.258,8.8619,53.595,178.355,1
139,117.58,62.1755,0.0308,116.825,9.964,169.88,0
140,49.871,22.3306,0.0934,-20.3188,8.326,220.734,0
141,26.4554,16.9124,0.1741,-10.4256,88.1553,99.3337,0
142,55.0826,20.1824,0.102,42.2168,3.919,227.332,0
143,64.2085,33.2754,0.0794,31.0346,13.8747,183.081,0
144,43.5269,13.9408,0.2295,41.3843,3.9958,164.793,0
145,21.1109,11.5522,0.3571,-19.9271,68.7418,61.5813,1
146,49.8798,38.312,0.0874,-28.9663,56.821000000000005,234.3,1
147,33.1849,11.7922,0.299,29.5911,4.632,151.756,0
148,23.4942,10.9288,0.3464,-21.919,82.964,41.1838,1
149,77.22800000000001,30.2298,0.0769,55.6943,0.386,254.872,0
150,24.7542,15.3671,0.2666,-15.3471,26.265,202.563,0
151,120.631,70.7331,0.0478,-120.188,48.8321,71.1156,1
152,56.2016,45.1354,0.1475,39.609,45.1622,246.6297,1
153,143.5247,37.6482,0.1372,115.4094,4.428999999999999,190.7188,1
154,23.6252,13.6622,0.3383,14.2182,79.2617,238.9139,1
155,101.165,27.0771,0.1126,-41.0916,1.0165,355.033,0
156,67.0744,20.1901,0.3572,-61.3223,12.4831,290.1345,1
157,31.1619,12.4768,0.2079,13.476,27.917,204.543,1
158,55.5017,28.7067,0.131,31.4793,0.936,313.47700000000003,0
159,19.7247,12.8248,0.2985,6.771,17.9567,220.061,0
160,28.7928,14.4369,0.2344,-20.6637,86.9663,26.9984,0
161,128.627,21.6801,0.1335,128.975,3.1073,221.05,1
162,56.6568,17.5866,0.1833,43.7768,4.2330000000000005,281.16200000000003,0
163,75.3249,31.1934,0.1132,-78.225,29.81,246.753,0
164,107.5882,53.3276,0.1509,-56.8794,50.1435,285.113,1
165,107.2769,56.6684,0.0819999999999999,90.6892,48.5291,308.2689,1
166,38.8166,14.9294,0.2795,31.8315,27.0738,156.033,1
167,92.9886,43.8052,0.1085,-63.9611,78.548,172.733,1
168,72.9599,30.7461,0.0765,59.2303,4.988,258.822,0
169,22.7103,17.5142,0.2,9.9208,78.773,140.18200000000002,0
170,53.1582,16.1254,0.1262,-39.7663,16.39,178.782,0
171,47.1009,23.5645,0.1309,22.1658,1.477,155.445,0
172,64.4135,19.3063,0.1375,71.3995,88.5315,68.0154,1
173,30.1141,11.4561,0.3411,44.0529,56.1464,254.5616,1
174,47.7946,20.001,0.0985,-30.4123,3.1846,197.918,0
175,39.6908,7.4277,0.2428,42.8343,0.9875,135.536,1
176,34.3515,17.7977,0.2183,27.3734,0.4904,159.66,0
177,33.6678,18.4041,0.1644,-18.2515,46.0907,174.362,1
178,27.8634,9.4193,0.278,21.3019,10.3051,229.915,0
179,15.1849,12.0951,0.3353,3.6559,49.197,197.166,0
180,58.4239,27.5702,0.1296,-52.1259,88.223,141.6031,1
181,35.5935,25.3124,0.1446,31.0518,10.241,132.90200000000002,0
182,83.1099,38.2191,0.1089,-40.7731,1.9969,366.082,0
183,81.6199,18.4244,0.1316,90.2055,1.821,217.098,0
184,41.9175,14.8591,0.1944,33.3481,9.541,172.52900000000002,0
185,94.0219,48.0452,0.0602,87.6518,21.1214,267.5615,1
186,36.6834,23.4707,0.1598,32.8215,66.6917,148.279,1
187,34.4815,20.0701,0.1213,19.4901,18.7586,160.018,0
188,45.7526,17.9873,0.1458,-8.2795,1.1401,156.4013,1
189,182.1544,35.9937,0.2431,-193.0007,24.73,336.8741,1
190,37.1784,20.2962,0.1931,36.1904,34.5112,257.3683,1
191,95.3862,43.1623,0.0478,87.8497,4.0819,291.29900000000004,0
192,54.6986,27.7552,0.1173,31.1115,23.358,278.165,0
193,157.684,74.3316,0.0915,-138.151,49.2403,391.029,1
194,83.0942,27.4695,0.0877,87.1243,1.763,211.57,0
195,61.8236,24.113000000000003,0.1545,33.6217,5.6814,278.24,0
196,20.6487,11.5458,0.4204,17.6078,87.3569,233.5546,1
197,158.4158,24.8759,0.1819,-113.2999,54.9384,203.3284,1
198,26.611,14.1842,0.2715,20.5257,29.5051,135.119,0
199,19.4158,7.4291,0.4393,-7.3542,80.829,205.232,0
200,30.2128,22.8856,0.212,25.8419,39.7337,83.5209,1
201,98.8696,26.9624,0.177,46.837,0.812,347.069,0
202,23.1468,11.1021,0.2311,13.5006,56.3508,99.6463,1
203,67.3731,29.9996,0.0886,-47.1058,50.191,155.438,1
204,92.3826,43.6424,0.1193,64.8439,47.6989,335.9619,1
205,36.9048,16.4389,0.179,34.0336,1.8977,148.19799999999998,0
206,97.9047,42.34,0.0599,99.2544,8.181000000000001,238.303,0
207,43.5004,21.3132,0.1291,33.0916,18.5411,166.93599999999998,0
208,72.6737,7.5386,0.1267,-24.5477,62.8116,205.9366,1
209,20.4776,12.9345,0.2532,-7.0063,16.162,110.983,0
210,27.0762,19.3349,0.149,11.9309,10.25,165.614,0
211,23.6547,17.5581,0.2138,-17.6837,73.7828,140.1876,1
212,85.6095,32.714,0.0856,38.2362,6.809,267.29400000000004,0
213,107.1313,44.7646,0.0796,-32.2597,55.4419,148.8936,1
214,16.3371,11.6489,0.3131,4.6868,69.7431,224.031,0
215,122.811,62.1895,0.1426,-85.8585,25.743,134.534,1
216,58.4195,18.7126,0.14,53.4838,3.8408,250.466,0
217,25.0275,12.8142,0.3078,-8.9993,65.2451,72.7386,0
218,48.4816,8.4573,0.2021,26.9926,0.7494,204.643,0
219,16.6403,5.7734,0.4309,23.7453,4.4329,94.8949,1
220,43.03,19.1207,0.2121,32.873000000000005,4.3534,214.71400000000003,0
221,30.2961,11.6071,0.2421,23.0618,23.3886,195.078,1
222,171.894,70.2817,0.063,-159.374,33.3319,257.985,1
223,49.2968,32.0297,0.184,31.3691,33.8486,230.3021,1
224,18.6623,16.6923,0.4441,11.9869,20.0382,198.3459,1
225,29.9448,10.7167,0.3223,-7.77,79.77199999999999,185.495,1
226,143.47,54.3127,0.0453,-40.2249,2.037,282.608,1
227,55.3259,10.7461,0.1681,16.3418,71.62899999999999,142.504,1
228,36.8597,13.989,0.247,18.6898,74.455,219.649,1
229,46.1856,20.0613,0.1248,40.0579,13.438,233.109,0
230,59.7398,13.2616,0.2087,65.1432,6.22,248.268,1
231,52.0784,40.8296,0.0634,38.9315,5.8020000000000005,140.33,0
232,101.236,18.7607,0.1414,-70.376,81.3618,154.153,1
233,65.0483,33.8061,0.1398,42.9006,54.1282,146.618,1
234,81.0884,22.4182,0.1265,88.1513,3.357,275.778,0
235,116.4181,40.0715,0.0442,76.9285,45.3222,104.9433,1
236,126.097,52.5459,0.1069,95.5463,61.3952,314.245,1
237,20.4322,18.0502,0.2736,11.7714,89.0757,180.229,0
238,93.2473,27.8615,0.1279,51.7111,10.055,316.7016,1
239,24.4481,10.0887,0.3495,11.5541,73.0773,117.5153,1
240,81.5093,22.6787,0.1823,-22.4769,4.376,335.89,0
241,131.91299999999998,40.049,0.0867,-62.3433,31.124,276.301,1
242,116.9997,88.1903,0.1225,-56.32899999999999,12.6866,279.8138,1
243,142.6733,50.4449,0.0704,-121.6169,48.9907,290.7578,1
244,24.7731,21.3805,0.2492,-26.4838,53.7318,90.5866,1
245,22.0591,0.0969,0.3943,-6.2334,15.507,118.7977,1
246,22.1614,15.3687,0.1358,-10.3657,13.592,141.7225,1
247,21.9693,10.1512,0.3977,20.192,5.7620000000000005,200.756,0
248,31.5762,20.5726,0.1817,22.8823,0.5489999999999999,145.619,0
249,39.6573,11.0999,0.1649,19.5955,16.72,142.327,0
250,13.002,10.93,0.4613,6.0316,62.424,204.586,0
251,110.206,70.9532,0.0551,-47.7365,35.959,377.899,1
252,99.7739,25.7452,0.1063,85.6814,0.447,289.77,0
253,149.4279,92.2107,0.0197,-148.5828,89.3512,270.7509,1
254,32.0205,17.3002,0.1704,18.6074,5.6933,179.787,0
255,75.2453,41.4855,0.0529,64.9674,11.2356,173.953,0
256,63.3325,26.8284,0.1135,-26.456,60.4225,175.94099999999997,1
257,36.2224,9.3149,0.2696,28.1541,5.066,136.539,1
258,33.2574,15.3579,0.1537,17.3116,52.234,109.506,1
259,79.066,53.9581,0.1506,-72.1199,0.9643,406.997,1
260,24.4351,7.6651,0.3092,7.4472,20.9227,229.4494,1
261,38.0313,12.424,0.2012,-31.941,7.966,224.595,0
262,25.1112,0.0,0.3625,-8.9276,16.042,188.039,1
263,27.8036,11.2593,0.2957,22.3189,13.0353,211.66,1
264,24.1044,10.5084,0.2717,19.2134,0.134,111.337,0
265,19.6892,0.0,0.5692,-3.6483,59.9239,120.092,0
266,55.6113,27.9507,0.1445,45.8123,8.0384,290.016,1
267,35.8248,13.4182,0.1998,17.5123,6.6856,217.976,0
268,19.0848,13.7346,0.3966,19.4696,5.3161,213.71400000000003,1
269,47.8913,10.0342,0.2213,30.2795,53.102,102.927,1
270,22.4846,12.964,0.2507,-8.823,78.7388,167.476,0
271,49.5366,25.5985,0.1146,44.6411,13.989,287.843,1
272,148.322,93.8771,0.0759,-192.496,55.947,299.82,1
273,149.0388,108.5058,0.0499,85.2039,54.3542,222.3967,1
274,19.1141,12.2076,0.3186,10.6297,48.2306,177.912,1
275,13.0105,11.9466,0.3995,10.3197,64.2228,132.0409,1
276,87.5136,11.4218,0.2685,-57.7875,1.683,284.26,0
277,42.395,20.4129,0.1491,32.657,7.9513,206.328,0
278,77.2493,46.1283,0.0512,-39.8901,59.2516,134.392,1
279,71.4412,14.6007,0.1647,70.2992,21.9358,112.144,0
280,31.9212,16.7667,0.2348,21.017,3.045,249.375,0
281,81.5058,23.5413,0.1581,54.3659,8.5332,248.42,0
282,20.8891,10.571,0.3802,14.7551,38.241,197.907,1
283,22.8715,10.1929,0.3092,15.0916,50.757,55.7284,0
284,36.0227,21.2618,0.142,16.2844,7.4337,203.547,0
285,34.0689,7.3637,0.255,8.4436,87.1904,97.4652,1
286,19.9786,9.2008,0.4283,14.4521,78.2768,32.3245,1
287,133.485,43.5293,0.1998,-116.55,13.1124,325.573,1
288,52.0771,21.9372,0.1753,-27.9491,87.7374,147.016,1
289,94.3067,91.1296,0.0255,76.663,49.8113,43.3309,1
290,30.1845,14.0803,0.2262,29.6991,53.8928,112.369,0
291,191.9532,74.8707,0.0712,36.727,51.4866,295.7634,1
292,123.5097,71.642,0.0325,78.0804,35.1456,286.9649,1
293,32.2155,11.5934,0.2201,20.5685,42.6677,219.8024,1
294,247.8475,69.0481,0.1403,-217.1795,14.2665,113.8216,1
295,60.4423,12.5589,0.2823,43.8339,26.708,172.97400000000002,1
296,49.6571,16.8233,0.1467,29.1891,9.1405,155.975,0
297,73.8934,40.0651,0.0788,58.6358,3.9424,255.277,0
298,71.0185,17.7497,0.1298,75.4977,1.003,239.627,0
299,16.6775,11.4413,0.305,-6.7611,61.153,221.504,1
300,41.7981,19.6858,0.1515,-31.5654,3.627,195.093,0
301,42.0944,11.5611,0.1817,14.6892,67.577,89.4111,1
302,41.2629,20.9786,0.1626,43.3331,7.6147,219.077,0
303,31.8569,19.6392,0.1474,-15.3786,11.217,260.496,0
304,19.7433,9.5927,0.3529,-11.4562,48.273,121.234,1
305,38.6408,16.3194,0.1493,14.2359,5.6601,170.274,0
306,35.3354,15.4937,0.308,31.7957,27.14,248.0,1
307,40.2853,13.1958,0.1463,35.8315,5.0105,187.4108,1
308,34.566,9.8406,0.2742,24.1787,8.529,206.093,0
309,20.1609,11.2402,0.4672,-21.3665,18.0262,173.90400000000002,0
310,33.7125,17.0818,0.2103,-13.1492,46.5757,105.134,1
311,23.1189,13.9953,0.2445,-20.3149,52.753,115.739,1
312,26.0458,10.0083,0.2349,-28.617,54.1973,106.8037,1
313,138.144,62.2837,0.1201,159.495,60.3232,185.874,1
314,21.6367,10.7785,0.3041,-16.1441,69.7619,119.687,1
315,45.9877,20.5174,0.1653,27.8529,2.967,186.762,0
316,68.6857,21.2554,0.0992,26.0299,22.884,246.883,1
317,74.5077,40.5641,0.0541,-42.5078,57.0629,168.9312,1
318,56.7558,19.1792,0.2249,23.163,8.026,304.471,0
319,21.4698,12.640999999999998,0.3047,-14.9856,4.589,151.69,1
320,13.0783,11.0769,0.3992,4.1004,58.14,227.58900000000003,1
321,31.7448,16.9249,0.1475,-17.9218,13.374,236.918,0
322,255.628,85.8475,0.0892,142.341,66.556,299.144,1
323,26.9801,7.9512,0.2848,16.7434,58.5472,213.0894,1
324,28.2715,16.1011,0.2447,25.1783,40.2475,217.188,1
325,117.5035,25.3739,0.1092,30.0582,23.6392,298.9475,1
326,90.9129,25.4526,0.1067,61.2636,1.116,316.564,0
327,17.762999999999998,7.0232,0.4945,8.3954,67.345,185.682,1
328,30.0188,15.4918,0.2378,9.022,21.0507,128.44,0
329,136.446,88.2878,0.1216,126.766,18.736,317.685,1
330,52.026,18.7414,0.1312,-30.5249,86.2773,175.3454,1
331,12.4051,12.0785,0.3516,-10.5871,7.605,226.686,0
332,102.814,24.6349,0.2163,73.4539,3.458,223.154,0
333,49.2474,20.7543,0.1256,41.5419,8.3432,252.168,0
334,11.224,8.343,0.4605,-13.7668,28.9657,80.4941,1
335,28.239,13.0027,0.3031,11.0485,71.8024,234.391,1
336,13.4506,10.3067,0.4102,3.1478,45.195,151.186,0
337,19.6894,9.572,0.3105,17.567,32.7719,186.1666,1
338,195.4811,89.40299999999999,0.0508,149.797,85.6807,172.0408,1
339,58.3532,31.4458,0.0933,54.3966,2.173,141.671,0
340,53.7339,15.4395,0.2955,-40.3603,1.886,32.6827,0
341,125.278,39.8098,0.1627,136.22299999999998,50.4921,286.965,1
342,29.5501,7.8658,0.4058,23.4294,17.6342,108.786,0
343,99.7911,34.2064,0.0855,95.4397,4.3725,248.705,0
344,41.8772,19.0863,0.1629,-35.0592,54.952,207.601,1
345,12.895,11.2392,0.4377,-8.0421,80.9568,150.922,0
346,21.476,0.0027,0.4866,7.6359,74.132,216.08,1
347,29.6104,13.9381,0.2659,-13.7042,53.624,27.9896,0
348,26.9279,16.4598,0.2252,15.3732,3.3499,256.847,0
349,35.4866,20.2531,0.1439,23.4476,17.16,98.3276,0
350,179.8715,83.9576,0.0613,-174.4185,66.1754,310.5166,1
351,35.7386,20.2441,0.1252,-12.1785,18.4008,210.752,0
352,29.9916,11.2395,0.28,12.8682,4.1274,94.8653,1
353,23.8533,19.6965,0.2185,19.8561,46.859,123.296,0
354,167.688,55.4209,0.1717,-166.19099999999997,46.2067,327.245,1
355,22.1311,9.9695,0.3168,18.1866,34.198,179.343,0
356,46.0537,17.3108,0.1846,-50.5488,54.1985,99.11,1
357,32.7716,22.3119,0.1204,18.6852,27.3093,95.8153,0
358,82.9364,9.0892,0.3117,38.8263,2.376,291.249,0
359,22.6082,13.715,0.3154,20.3446,7.936,146.847,0
360,40.6204,18.9094,0.2207,-27.265,74.173,105.249,1
361,23.555,14.1463,0.2666,-10.3062,77.558,161.566,1
362,54.0843,18.7006,0.372,63.999,41.7125,222.4798,1
363,13.0142,11.2036,0.3875,4.0059,60.4605,167.373,0
364,63.6229,40.9327,0.0636,62.4748,1.0007,144.444,0
365,32.0031,14.8942,0.2425,23.1813,8.6023,184.485,0
366,72.9287,23.3978,0.2471,26.9049,15.5734,57.9291,1
367,124.6817,22.3686,0.3051,54.4102,38.881,306.2776,1
368,12.9417,11.2148,0.4278,-7.1915,73.39699999999999,271.258,1
369,29.9045,15.1933,0.2848,28.622,2.9967,173.984,0
370,40.8396,21.8876,0.125,-13.5911,0.583,202.273,0
371,78.4733,23.9205,0.1661,27.6479,33.0782,297.3374,1
372,39.0348,19.4764,0.1648,6.7564,81.0166,229.4088,1
373,75.7105,12.3756,0.1465,-66.4578,7.051,198.076,0
374,29.2792,15.7488,0.1641,13.0968,10.472,195.898,0
375,36.079,13.2636,0.2317,-17.1724,26.3559,147.636,0
376,67.0205,23.2663,0.2106,-59.1431,72.4499,106.469,1
377,34.9959,19.3991,0.1429,-14.2932,6.89,203.512,0
378,133.8881,114.3125,0.17,-158.8424,84.8106,344.2077,1
379,27.4986,6.9559,0.3343,-14.3059,43.9124,183.667,0
380,16.5794,10.1502,0.2639,11.9279,42.4078,263.5234,1
381,33.6546,11.8162,0.408,-18.6781,82.1892,202.0755,1
382,21.5493,13.4295,0.3178,-8.3443,15.682,238.771,0
383,77.5425,21.7152,0.1597,71.7929,0.075,283.187,0
384,31.3556,14.3849,0.2813,34.1142,4.5864,211.9991,1
385,41.6116,10.1455,0.2022,-28.2571,85.6838,250.143,1
386,115.515,12.7772,0.159,96.5512,6.817,227.681,0
387,37.2785,24.7948,0.1643,-21.2197,16.0577,268.5359,1
388,34.1115,15.4917,0.2261,28.083,9.2366,145.657,0
389,20.5321,15.3265,0.2582,14.7728,44.9,207.691,0
390,66.2446,27.9018,0.155,-51.3645,30.2536,289.524,1
391,12.8285,11.4799,0.3985,7.6855,40.354,152.901,0
392,59.5654,30.2124,0.1876,58.3284,78.0882,229.749,1
393,31.3178,13.5666,0.2565,25.766,77.6778,139.6644,1
394,82.1714,29.0898,0.1178,63.5925,0.1989,293.883,0
395,143.9505,19.3897,0.2812,-142.2481,10.4597,201.2253,1
396,163.15,80.2768,0.0507,-165.247,51.3108,287.807,1
397,102.541,16.3516,0.1176,95.2413,2.7131,291.018,0
398,29.1454,14.6984,0.2582,-25.6863,18.9218,208.133,1
399,23.0076,10.6264,0.3016,18.97,62.1533,168.74,0
400,147.203,82.3047,0.1016,144.953,51.6996,234.683,1
401,22.9433,11.9638,0.3326,15.0813,36.284,254.6969,1
402,17.8425,16.6565,0.2596,-11.5213,41.43600000000001,90.8102,0
403,20.9457,7.0962,0.372,-10.7891,48.809,232.29,0
404,22.1854,17.9779,0.2781,10.3768,85.4955,157.85399999999998,0
405,24.1567,16.1855,0.2211,-12.5315,65.6452,207.0016,1
406,24.6381,12.6487,0.2655,23.1735,76.4614,39.2412,0
407,48.3426,16.9195,0.1132,32.3363,0.386,193.943,0
408,93.1176,56.0304,0.1292,42.5379,12.7497,314.1163,1
409,150.42700000000002,99.6922,0.0386,-142.05700000000002,62.258,332.525,1
410,27.7783,8.95,0.3296,21.0537,8.363,186.828,1
411,28.292,15.9505,0.2691,20.2797,0.26,243.462,0
412,30.865,17.7682,0.1506,18.1083,13.5322,181.907,0
413,37.8939,11.4699,0.2315,18.6992,34.636,149.71200000000002,0
414,51.2164,21.3518,0.2111,31.882,2.325,296.595,0
415,46.7355,10.3728,0.2371,22.3906,76.6779,119.501,1
416,28.6991,19.6079,0.1782,23.5966,21.0958,158.988,0
417,32.6471,19.03,0.1357,13.2049,13.130999999999998,142.52,0
418,25.2494,17.2241,0.2617,18.1864,2.9235,124.764,1
419,44.2294,16.9893,0.1947,-11.7493,4.862,177.245,0
420,77.2773,11.802,0.1968,72.4678,5.475,161.942,0
421,36.7918,6.9047,0.2987,23.0511,3.6592,86.7851,1
422,20.2473,12.0667,0.2738,-14.1631,27.111,216.801,0
423,74.6202,25.9007,0.1051,78.9545,5.231,203.421,0
424,57.97,27.9342,0.1669,59.8391,8.2156,268.8638,1
425,18.299,10.6174,0.2778,5.0114,45.2655,146.91,0
426,26.8971,19.2128,0.1655,4.6154,41.065,152.596,0
427,19.2995,10.6247,0.3488,-16.805,37.2878,130.025,0
428,68.6774,26.6616,0.1989999999999999,-54.3004,0.9243,342.05300000000005,1
429,90.6778,28.9011,0.1003,65.3082,2.94,327.723,0
430,32.6838,11.6639,0.2121,22.4851,7.3877,212.383,0
431,77.1021,39.53,0.1592,74.3684,77.893,113.484,1
432,25.1307,10.8997,0.2645,21.976,1.668,139.472,0
433,12.4392,12.0404,0.3438,-0.7681,18.3994,221.305,0
434,90.9977,24.6528,0.1375,64.3091,0.1023,368.258,0
435,95.6239,27.8725,0.0667,85.4658,3.744,253.379,0
436,80.393,24.7088,0.1738,43.4367,0.3113,341.94300000000004,0
437,21.8392,17.0143,0.3139,16.1167,42.7901,103.747,1
438,182.96,15.8671,0.1726,-172.866,49.632,160.905,1
439,48.1464,13.6477,0.2619,41.4617,8.55,230.864,0
440,39.0911,5.8071,0.1639,29.1949,70.5499,79.4764,1
441,141.569,29.0156,0.2027,58.1828,51.4316,246.989,1
442,41.9098,14.5218,0.217,36.2718,15.3551,88.8168,0
443,33.2811,19.5014,0.1898,23.35,48.571000000000005,132.19299999999998,0
444,35.0625,17.8621,0.2271,-30.4438,76.765,71.6078,1
445,12.9989,11.2253,0.3913,-4.6327,49.7229,63.6558,1
446,95.0744,23.0603,0.136,79.2067,26.4577,325.797,1
447,268.8506,28.0537,0.1248,-293.1762,57.4598,335.4295,1
448,65.524,24.9014,0.0866,35.69,5.325,231.693,0
449,87.024,27.1425,0.0974,70.7937,0.2789999999999999,320.435,0
450,21.2266,7.0072,0.3804,-11.0435,24.434,262.641,0
451,162.209,22.7251,0.2753,105.138,46.4946,304.91200000000003,1
452,30.8233,9.9406,0.3391,-25.2821,31.3026,148.187,0
453,38.5935,26.0923,0.1272,27.436,14.444,263.93,1
454,52.4722,23.5699,0.1065,-25.9285,10.7248,160.741,0
455,46.8094,20.6585,0.4092,-32.5472,7.166,302.795,1
456,52.412,11.8978,0.1087,32.7187,36.3549,140.0659,1
457,29.1455,19.3243,0.2134,13.5245,7.2306,178.453,0
458,60.0078,28.0342,0.2491,42.7354,82.948,364.9255,1
459,69.9884,23.7658,0.0867,42.8226,38.6209,138.8302,1
460,17.1254,10.7629,0.3743,7.8378,87.0791,238.21400000000003,0
461,17.323,10.9981,0.3407,-5.9612,31.882,247.663,1
462,68.5031,30.5252,0.1492,-91.4008,9.0744,181.346,1
463,78.7576,25.4387,0.1348,54.6496,28.5707,159.358,1
464,68.9157,7.9361,0.2741,-31.2334,19.048,185.545,0
465,74.9208,32.2449,0.161,-48.9905,1.408,361.98,0
466,35.4138,16.601,0.2103,7.2535,4.75,229.41,1
467,22.9561,11.7472,0.282,7.3312,11.3196,195.301,0
468,98.0108,12.9136,0.3746,-112.352,67.2328,213.336,1
469,21.7631,10.6005,0.4602,26.5481,39.4569,164.0367,1
470,167.718,23.4327,0.3032,-157.4969,3.1952,402.3607,1
471,267.768,145.251,0.0405,-136.673,44.655,85.569,1
472,79.5533,45.0886,0.0672,-76.7387,25.4271,179.41299999999998,1
473,55.0123,11.8425,0.1606,40.8969,50.727,75.4475,1
474,37.8354,21.0487,0.2423,28.183000000000003,13.932,304.316,0
475,21.9208,16.679000000000002,0.3121,-11.2706,11.79,223.683,0
476,31.5758,26.4066,0.1528,14.9725,87.7159,122.925,0
477,25.3293,13.2649,0.281,-16.4616,44.6062,150.1636,1
478,251.9646,42.7452,0.0907,-121.5447,47.2145,170.0592,1
479,33.4636,26.9276,0.1667,-28.6916,42.9562,111.2288,1
480,21.407,6.6989,0.4523,-14.8517,85.7558,220.761,0
481,31.3056,10.1845,0.2246,25.6491,67.887,202.177,1
482,20.4427,7.2685,0.379,8.2242,11.755999999999998,130.994,0
483,18.1313,11.7912,0.3883,-8.9053,18.5319,222.983,1
484,28.4678,20.0496,0.2356,19.0403,10.618,124.78,0
485,39.3294,15.2552,0.2678,42.7731,36.9647,262.969,1
486,70.2269,46.2068,0.0633,46.7629,9.1982,248.587,0
487,30.2099,9.4568,0.3241,20.2562,37.396,134.895,1
488,53.0789,32.7179,0.0821,-46.723,15.94,168.43599999999998,1
489,20.5028,7.2654,0.3766,6.8528,66.693,190.705,0
490,16.8357,11.3438,0.3296,5.6097,39.434,235.71,0
491,19.1668,12.8584,0.3646,14.0295,8.459,147.072,0
492,51.5075,21.1262,0.1644,-7.4534,31.9622,37.9488,1
493,24.0711,12.1423,0.2701,19.7008,15.477,82.4273,1
494,26.0862,12.5473,0.2354,14.9018,4.1527,183.852,0
495,14.6541,13.5916,0.3613,12.9946,49.6263,188.7315,1
496,20.9434,14.775,0.3474,17.923,23.4769,210.481,0
497,100.0086,21.5632,0.24,-66.2117,4.9003,244.4479,1
498,18.1602,10.3203,0.3417,8.3368,79.697,154.535,0
499,22.4591,0.0025,0.4361,-10.2954,8.855,168.782,0
500,202.829,73.9967,0.0364,-159.35399999999998,76.113,348.978,1
501,34.4321,14.9672,0.2277,-19.542,80.2965,71.5326,0
502,24.205,14.851,0.2678,-10.0985,49.512,128.384,0
503,145.8863,79.7778,0.075,90.8531,82.2417,347.5865,1
504,37.4896,25.0268,0.1201,-19.7635,75.311,44.8178,0
505,19.3101,17.9565,0.2251,9.9399,4.3446,118.587,0
506,21.479,13.6097,0.25,-11.4003,25.464,166.195,0
507,24.1405,15.1619,0.2573,15.009,7.8407,168.778,0
508,30.4077,9.7338,0.2301,6.6668,38.5799,171.75,1
509,70.6584,19.8319,0.1334,52.5046,0.45,288.263,0
510,85.0261,34.202,0.0943,73.3323,17.7334,252.5048,1
511,19.6711,6.7556,0.4826,15.3024,21.559,168.24,1
512,83.6467,37.6328,0.1256,-83.2947,59.0647,225.907,1
513,93.8895,46.4801,0.1701,49.1538,15.2121,341.5698,1
514,27.5964,27.3376,0.1816,19.839,24.3712,64.8944,0
515,26.4516,0.0001,0.4701,-0.0001,81.2738,171.25599999999997,0
516,53.8541,25.302,0.1395,30.3414,77.226,250.126,1
517,42.2472,17.7531,0.1259,19.1124,0.8358,217.043,0
518,20.7684,8.9999,0.3341,7.7059,74.3421,93.678,0
519,56.5527,24.1709,0.091,56.3171,73.79899999999999,107.322,1
520,12.6531,9.2325,0.6174,10.0252,26.61,205.79,0
521,27.7228,17.1585,0.2678,-28.3219,29.4913,43.6948,1
522,95.0296,23.6139,0.1863,-23.9245,20.3594,357.8884,1
523,31.1763,19.3714,0.1957,-6.6024,12.969,200.776,0
524,19.7513,7.382999999999999,0.4191,8.1554,62.3181,173.975,0
525,22.1913,11.243,0.3743,7.2068,4.8399,209.28,1
526,95.5555,25.0585,0.2221,56.7339,51.6475,198.258,1
527,125.4721,25.3788,0.171,-57.274,14.7839,92.7216,1
528,27.3811,8.3378,0.3368,15.3393,1.389,115.122,1
529,26.8655,12.6843,0.2948,18.8457,49.7552,104.415,0
530,72.8137,34.9071,0.1631,18.4641,12.275,338.84,0
531,17.4006,7.4357,0.5499,-2.6265,55.4594,214.62,1
532,50.5527,11.1291,0.1713,-17.1821,67.892,45.8526,1
533,17.8044,9.3625,0.5065,-13.0708,25.3875,219.397,0
534,42.2458,23.9115,0.1119,32.072,15.024,156.757,0
535,38.9357,17.8524,0.1435,23.9118,14.2862,110.852,0
536,21.4681,6.9755,0.3542,7.4423,63.031000000000006,172.977,0
537,26.016,10.3418,0.3266,23.7102,19.099,207.792,0
538,15.0563,12.5002,0.414,-6.0448,42.7782,192.2809,1
539,98.8571,25.0617,0.0986,75.4402,40.952,305.3155,1
540,57.4837,41.9194,0.2321,-33.8586,81.6526,182.1387,1
541,92.3105,39.0091,0.0668,69.4124,0.675,339.27,0
542,58.1803,13.7197,0.1709,45.6919,0.625,257.231,0
543,32.1676,7.4484,0.2783,14.7312,31.218000000000004,240.435,1
544,249.996,104.416,0.0657,-174.45,10.3775,128.671,1
545,61.7314,27.9239,0.1535,48.3881,3.735,235.89,0
546,11.5324,10.6671,0.3457,24.256,5.6915,167.9793,1
547,43.1347,28.1733,0.1149,28.7879,29.3407,139.621,1
548,150.2732,45.129,0.0909,-195.4615,11.8894,252.5512,1
549,20.1977,17.8147,0.3357,13.7824,14.9307,212.861,0
550,67.5816,17.4607,0.1659,82.4914,5.3213,155.295,0
551,34.6979,12.5605,0.1985,22.787,12.355,102.503,0
552,20.1149,7.1037,0.4066,12.9117,29.782,196.211,1
553,18.1612,10.5902,0.2925,8.6577,8.38,103.125,0
554,34.9849,17.9934,0.2202,34.1395,80.9486,181.402,1
555,82.7882,32.0348,0.0634,90.7246,1.5868,146.096,0
556,21.7894,11.7212,0.306,13.385,27.4297,243.0327,1
557,67.5356,28.5682,0.0898,70.1802,2.531,154.251,0
558,33.7819,2.7118,0.4102,2.7114,11.6642,103.5958,1
559,19.9246,6.9532,0.3637,-0.9765,6.0072,246.1811,1
560,22.2424,9.5742,0.3737,-19.1496,60.172,263.527,1
561,122.173,36.5418,0.0606,92.9621,2.9702,228.212,0
562,87.425,29.4005,0.1048,65.1788,1.909,302.01,0
563,46.5095,16.7168,0.2112,-31.1099,30.0222,109.1007,1
564,21.3806,5.7394,0.4067,16.5609,57.1519,142.9709,1
565,34.9604,11.9517,0.1927,10.9046,0.921,227.564,0
566,28.5463,8.9766,0.3123,18.7674,20.271,146.741,1
567,21.9177,10.3998,0.2902,16.4387,46.642,157.678,0
568,42.5838,12.0956,0.2197,-22.2721,2.2868,222.401,0
569,34.889,19.6402,0.2534,29.1531,8.376,227.336,0
570,35.9412,8.4467,0.2423,-11.1451,30.606,228.311,1
571,92.3969,32.0819,0.1154,-15.8949,2.9756,340.26,0
572,42.7949,20.0162,0.2849,-34.2258,37.684,186.127,1
573,20.2913,7.3155,0.3899,4.9596,68.446,139.11,0
574,43.964,25.5927,0.1011,22.1145,2.9782,156.744,0
575,16.3876,11.0287,0.4248,2.765,39.7158,237.835,0
576,36.0356,12.2104,0.3526,34.7527,21.1556,194.0315,1
577,18.2201,14.3629,0.3075,-16.8703,85.333,50.7546,0
578,245.0533,56.7612,0.0388,-190.1271,72.2872,174.6745,1
579,42.3088,9.8857,0.2281,17.4809,29.9953,105.824,1
580,23.7506,13.6569,0.2344,20.7432,11.2605,220.2711,1
581,12.8425,9.585,0.5853,9.2325,0.7048,141.53799999999998,1
582,86.5058,44.8406,0.0987,82.1991,3.2487,248.6552,1
583,167.1511,69.8503,0.0629,-184.1403,40.1606,326.5209,1
584,38.2958,25.2188,0.1474,-26.1429,18.358,209.279,0
585,36.1456,19.3865,0.1511,24.1048,6.6443,149.08100000000002,0
586,32.6247,9.1384,0.2769999999999999,26.2377,19.5734,154.881,1
587,19.0828,12.085,0.2968,16.489,45.0719,105.1441,1
588,124.645,77.1222,0.0443,102.712,68.7039,372.226,1
589,37.8835,12.4431,0.1662,-25.4924,6.518,242.106,0
590,23.9001,10.1149,0.3131,17.6801,1.9963,112.949,0
591,25.5169,7.0857,0.4121,9.5293,11.804,191.668,0
592,21.948,0.0044,0.4519,17.4558,21.3668,71.3087,1
593,13.0278,10.5102,0.5032,-4.6312,9.562,203.795,1
594,80.2255,25.295,0.0945,84.2022,2.792,222.572,0
595,20.928,12.0626,0.2741,7.947999999999999,18.549,154.75799999999998,0
596,47.1809,36.1063,0.0863,45.9605,4.5803,246.882,1
597,25.4491,20.9754,0.1279,31.4683,85.95200000000001,109.6259,1
598,17.8026,10.5765,0.3416,11.1824,46.9743,144.217,0
599,23.0358,12.7802,0.2687,17.4289,36.722,126.775,0
600,17.9171,10.7729,0.4186,9.8405,2.335,187.5844,1
601,17.4056,11.1011,0.3038,4.4867,14.327,240.812,1
602,134.9928,88.34700000000001,0.0412,-79.1155,2.46,269.0421,1
603,60.5159,13.579,0.2103,60.1913,2.8626,247.4307,1
604,224.8501,36.3312,0.1242,-156.305,84.8603,224.5933,1
605,21.8182,18.7897,0.3666,14.9735,6.7462,343.2947,1
606,28.1159,15.6551,0.2057,-23.8238,3.465,218.68,0
607,49.0438,24.5865,0.4118,-28.4104,6.2538,317.3148,1
608,179.2481,56.3396,0.1036,66.8591,6.8589,70.2807,1
609,58.5826,34.8313,0.1691,50.7043,16.798,239.922,1
610,20.0767,17.614,0.2961,-13.8349,71.363,121.292,0
611,22.2544,0.0039,0.4466,9.9238,68.0372,196.096,1
612,48.5398,10.6818,0.1891,-38.1724,80.1871,103.869,1
613,30.8746,8.2639,0.3196,17.3096,15.7149,207.349,0
614,45.8362,8.3055,0.3317,38.46,49.125,174.731,1
615,30.1721,16.8838,0.2704,25.3694,74.709,229.296,1
616,148.703,22.2667,0.2339,-108.093,73.7185,47.71,1
617,85.9449,38.135,0.1289,-73.0949,54.9005,205.571,1
618,12.6216,11.8114,0.3624,6.662000000000001,57.2856,166.29,0
619,51.4183,10.8034,0.1647,37.5619,7.107,269.884,1
620,34.1189,9.7133,0.1957,27.3881,54.874,156.032,1
621,77.4047,34.762,0.1185,58.2055,4.6324,299.492,0
622,18.4491,7.3587,0.4824,-8.2376,42.315,135.144,0
623,40.8865,20.1572,0.119,-18.1144,5.544,212.252,0
624,14.043,10.7514,0.3737,-19.7615,16.1747,225.9199,1
625,26.1518,16.6008,0.238,15.135,10.531,122.036,0
626,31.4905,22.3976,0.1726,10.7172,6.8883,206.026,0
627,53.0029,16.622,0.1313,-7.0839,0.107,198.759,0
628,158.6183,24.2601,0.1729,-132.142,13.1409,43.8612,1
629,28.9791,12.4366,0.2473,14.2953,21.6114,167.59799999999998,0
630,91.9495,29.2949,0.1416,43.1926,4.1635,291.833,0
631,25.7193,14.057,0.2377,17.875999999999998,22.037,212.993,0
632,82.1086,44.7927,0.0474,80.5291,0.171,173.46900000000002,0
633,39.933,19.2348,0.1525,35.6662,2.5722,218.303,0
634,29.7011,16.3399,0.3032,28.2478,54.9128,145.0072,1
635,133.365,53.2757,0.0811,137.599,72.95100000000001,290.358,1
636,101.178,26.3345,0.0763,109.953,3.1693,170.111,0
637,31.8369,19.6453,0.1759,23.8559,8.419,225.83,0
638,18.7881,7.3623,0.4637,-8.9848,1.4971,159.366,0
639,66.5409,16.007,0.1403,55.43,3.304,274.093,0
640,22.6092,15.5101,0.2828,17.7671,15.158,225.91,1
641,54.6176,15.0295,0.1548,-33.4038,5.3885,163.71200000000002,0
642,29.1651,6.1959,0.4222,13.864,29.2368,51.3678,1
643,26.124,10.0706,0.2739999999999999,19.3765,18.772,256.263,1
644,14.8307,11.3327,0.452,21.4362,80.3825,263.0219,1
645,14.2573,8.5572,0.3821,12.9758,60.5809,225.1769,1
646,64.3343,17.4503,0.1743,46.0408,4.3085,298.41,0
647,23.4599,14.4053,0.3347,18.4407,14.3269,95.0606,0
648,13.198,10.8234,0.4154,2.1486,16.8038,154.15,0
649,53.0503,9.439,0.2719,35.4382,11.762,192.497,0
650,50.635,41.1529,0.0684,-23.3843,65.91199999999999,133.173,0
651,90.7088,11.0098,0.1885,-79.2581,19.578,46.6216,1
652,58.4387,17.4136,0.139,42.7297,3.1218,265.076,0
653,12.0034,2.0812,0.4113,-12.9491,34.4163,253.611,1
654,65.5415,6.9872,0.2746,35.4993,0.8093,275.769,0
655,22.0233,11.1419,0.4792,17.7224,69.7743,166.59400000000002,1
656,66.6981,24.516,0.1504,44.8596,8.269,267.995,0
657,37.5494,11.2492,0.1955,30.6792,8.782,182.141,0
658,33.8011,16.5381,0.2264,-21.6556,0.6014,95.0528,0
659,17.3028,10.9575,0.3026,9.5094,50.682,195.452,0
660,85.2648,24.6406,0.0894,77.5876,4.185,280.578,0
661,64.7091,21.1799,0.1146,52.0702,3.8163,199.788,0
662,41.1843,20.4395,0.2487,10.5549,34.2567,175.044,1
663,149.253,68.5839,0.1304,-135.408,7.047999999999999,374.096,1
664,67.5024,20.0193,0.1312,75.3529,6.022,221.556,0
665,16.3932,14.4791,0.3918,-21.1248,13.5955,150.8308,1
666,180.4935,52.5839,0.093,-217.4087,33.4184,186.36,1
667,19.1505,9.4805,0.4158,14.0811,3.5371,202.387,0
668,13.771,13.3939,0.2609,6.4316,58.6537,151.1393,1
669,94.7727,28.4289,0.1091,79.6719,2.012,326.805,0
670,24.9315,10.2659,0.3972,-17.6235,79.932,215.169,1
671,14.0462,12.547,0.4675,9.0924,60.9684,122.127,1
672,13.4287,12.5724,0.2284,13.6556,51.2221,174.8656,1
673,26.5857,12.6161,0.2167,-19.9839,13.873,209.99,0
674,42.5712,6.8829,0.3382,28.8978,43.4692,166.6476,1
675,33.7665,12.5262,0.2619,30.5267,2.9160000000000004,215.938,0
676,24.1542,17.677,0.2503,-12.9443,56.148,73.9966,0
677,17.6877,12.4821,0.3613,15.1892,6.794,238.852,1
678,25.5138,12.2381,0.216,5.0327,13.114,200.452,0
679,13.4794,10.0589,0.4581,6.3151,4.148,253.525,1
680,63.4156,23.3802,0.109,47.622,5.718999999999999,240.242,0
681,35.14,10.5833,0.2895,33.6664,77.0597,239.2857,1
682,135.6823,44.417,0.2025,80.6689,57.7513,199.0899,1
683,52.2858,11.4032,0.2363,28.4872,32.1876,202.308,1
684,231.1923,128.6088,0.0409999999999999,144.3742,64.2588,270.9517,1
685,20.2001,14.9132,0.3476,17.6908,5.736000000000001,148.227,0
686,70.2288,28.4154,0.1506,65.1319,1.5619999999999998,321.541,0
687,47.8668,18.5332,0.0983,36.1669,1.5342,164.41,0
688,12.9003,9.3948,0.5069,9.0063,6.2747,164.2364,1
689,23.3316,14.544,0.2423,-16.0339,37.3772,200.612,0
690,24.2663,15.4355,0.2742,-12.8917,6.917999999999999,172.33700000000002,0
691,33.4507,7.9721,0.3822,18.0634,54.2724,194.9774,1
692,40.9772,22.1263,0.1474,8.3364,7.2427,195.102,0
693,35.4895,16.2518,0.1912,34.577,4.732,174.755,0
694,29.1833,20.3191,0.2169,-18.1053,26.398000000000003,200.807,0
695,38.3174,19.4342,0.1138,-11.9383,11.258,226.958,0
696,109.7919,90.0145,0.0344,70.3151,64.6239,98.018,1
697,60.6592,11.2519,0.1619,-52.1026,1.307,209.682,0
698,91.892,19.3381,0.1046,100.172,4.901,229.45,0
699,263.703,117.131,0.0608,-117.388,68.20100000000001,165.304,1
700,159.275,76.1422,0.0392,-121.946,79.626,373.05,1
701,93.3967,37.1066,0.2275,-94.9263,41.7438,149.554,1
702,233.1415,67.723,0.1373,-174.8274,68.4675,277.4428,1
703,16.2152,13.0743,0.3064,-13.129,45.8852,185.6668,1
704,19.5122,18.7608,0.2236,-5.6803,43.126000000000005,180.665,1
705,65.9696,17.1493,0.123,38.7861,56.9408,142.484,1
706,38.7116,24.2647,0.1669,-6.6464,30.7311,171.58900000000003,1
707,22.2034,10.94,0.3531,18.7733,51.144,157.31799999999998,0
708,34.4471,9.6442,0.2913,-25.1219,46.8251,140.029,1
709,72.7662,27.4074,0.1759,46.7094,1.1998,349.76300000000003,0
710,22.8998,10.4377,0.2133,3.4096,84.7038,44.1264,1
711,81.3975,49.1218,0.0643,-59.5665,22.7735,221.971,0
712,28.9235,13.424,0.2339999999999999,22.1078,16.859,243.209,0
713,42.0941,16.5044,0.2144,-24.7757,1.8847,162.441,0
714,14.7912,11.7955,0.4557,4.7675,62.25,62.5245,1
715,52.8537,15.8412,0.1786,47.8926,0.2426,253.247,0
716,67.1503,22.1081,0.107,73.5524,2.0821,233.178,0
717,144.486,25.963,0.1028,164.958,54.7402,125.997,1
718,30.5319,12.9627,0.2606,-20.1713,80.9807,104.302,1
719,29.3913,13.5035,0.2004,-20.9468,19.9136,150.638,0
720,32.9432,15.4056,0.1142,23.9588,74.8444,190.8618,1
721,99.968,21.8895,0.1622,90.7681,3.093,334.345,0
722,16.4126,11.6132,0.3121,-4.7165,81.6802,182.33900000000003,0
723,81.805,21.9195,0.2188,-38.8638,3.38,284.361,0
724,21.7115,14.966,0.2823,-11.091,64.9079,141.297,0
725,128.616,21.0901,0.0975,112.099,3.1889,276.597,0
726,12.7785,11.5377,0.4044,-8.8447,36.4138,169.59,1
727,95.5653,18.2896,0.1845,58.0528,37.5814,322.7701,1
728,40.1959,32.5425,0.1167,19.8578,10.0734,125.409,0
729,18.0693,9.6759,0.3996,-12.7659,84.2593,185.565,0
730,58.3631,28.0417,0.1394,-7.6113,4.3660000000000005,277.076,0
731,12.9383,11.1055,0.4498,-7.3614,15.001,172.745,0
732,31.7211,16.743,0.2624,29.0395,7.138,198.147,1
733,96.0797,64.5826,0.0505,65.2416,46.8643,188.972,1
734,21.7507,12.5149,0.2899,23.4829,84.9682,220.3298,1
735,31.7382,20.1194,0.1458,-21.1864,1.1811,230.518,0
736,21.6563,17.6373,0.3514,31.1286,60.9796,196.9603,1
737,20.4525,7.2419,0.3754,-9.6562,9.1256,159.126,0
738,28.8068,13.8858,0.2147,-12.4388,0.2906,203.787,0
739,26.8544,13.1581,0.3017,-16.705,87.8693,168.43400000000003,1
740,29.7715,14.7263,0.2885,22.991,6.6615,81.9127,0
741,30.208,7.9626,0.266,14.632,5.507999999999999,197.854,0
742,21.77,16.4089,0.2434,11.8129,12.204,171.827,0
743,49.5791,18.9097,0.1292,-40.7214,69.7057,39.3499,1
744,32.6847,12.0625,0.2744,22.8851,51.177,114.0565,1
745,48.8751,19.4472,0.1376,43.6727,15.5752,175.166,0
746,78.1465,21.7463,0.1669999999999999,47.6317,6.181,383.674,0
747,19.024,13.1725,0.2808,-2.1389,54.7202,170.0144,1
748,47.7155,27.6498,0.13,-30.3886,18.3787,173.3645,1
749,22.0457,17.5449,0.2139,9.2822,22.7692,204.2845,1
750,26.8447,13.7282,0.1961,-17.9589,8.827,71.9444,0
751,33.1818,12.4655,0.2412,-22.0762,41.929,41.3816,0
752,54.2845,17.4844,0.2927,-62.4836,1.7076,211.699,0
753,27.6736,12.9715,0.2169,17.7857,11.875,177.77,0
754,32.9103,9.9051,0.2145,-12.2815,82.0562,276.078,1
755,159.7701,43.0378,0.0623,92.8161,32.7,203.2499,1
756,54.5906,21.8888,0.2076,-32.4222,0.626,278.28700000000003,0
757,35.7062,19.2807,0.1445,19.3887,0.762,210.396,0
758,23.2148,14.186,0.2781,-10.5751,39.3565,136.953,0
759,24.6793,18.832,0.1834,19.4437,80.6523,104.099,1
760,43.614,17.4155,0.1249,17.3396,8.783,181.299,0
761,29.8636,22.1331,0.182,14.0443,41.9342,154.911,1
762,58.9157,14.6455,0.1305,44.5025,1.2832,242.224,0
763,26.7828,15.19,0.2664,-19.1196,42.8808,24.3978,0
764,92.9014,26.8157,0.1608,33.3066,0.0323,327.064,0
765,32.1778,18.286,0.2045,18.0695,39.654,163.181,1
766,39.8457,13.0614,0.1787,-6.6113,67.8886,49.5732,1
767,46.8212,35.7678,0.1039,25.0775,38.1244,119.994,1
768,15.1128,12.8535,0.2977,-11.7264,88.1898,224.1296,1
769,88.9818,30.85,0.1125,72.5296,2.6107,320.377,0
770,37.1289,15.3638,0.1707,25.8761,14.16,277.379,0
771,140.283,42.161,0.0855,-84.1378,41.5116,274.198,1
772,32.5571,27.5582,0.1427,29.8405,11.3434,78.3827,0
773,13.1071,10.8976,0.4379,4.4178,13.038,166.74400000000003,0
774,63.6902,31.5384,0.1468,46.3625,14.844,305.948,0
775,57.3402,22.8948,0.1424,59.498000000000005,10.865,207.534,0
776,26.7476,16.14,0.2305,24.5614,39.463,54.4322,1
777,61.7264,31.8462,0.1713,-20.0329,38.7303,299.8863,1
778,22.3633,17.0705,0.2187,-9.48,1.9194,92.7694,0
779,44.1166,14.4834,0.1487,-20.1604,4.4378,203.666,0
780,117.986,11.2223,0.2597,-76.6361,1.3389,388.9980000000001,0
781,33.2729,17.7705,0.1901,32.4516,13.2336,155.029,0
782,19.3584,7.7947,0.4967,-8.3002,31.5361,206.253,1
783,141.4314,88.6019,0.1317,-113.3573,18.5579,352.3139,1
784,30.5895,15.344,0.2061,14.2319,56.2862,24.4249,0
785,36.9557,16.2352,0.2111,18.9984,2.511,185.961,0
786,54.9452,11.3293,0.2012,-29.1187,10.123,65.0085,1
787,41.5515,14.4772,0.2067,28.0246,14.4039,214.3352,1
788,78.131,17.8539,0.2518,26.2619,77.241,168.979,1
789,58.4723,17.7199,0.1504,34.5543,42.133,256.874,1
790,21.1703,18.3976,0.3862,16.2761,41.0305,195.287,0
791,33.6669,13.474,0.2797,13.4832,58.7225,226.0685,1
792,55.745,10.9279,0.1768,-13.7167,78.8667,110.9692,1
793,16.6957,8.4019,0.3789,24.2368,0.3774,255.9901,1
794,127.307,68.1682,0.2205,-100.91,34.169000000000004,280.053,1
795,59.963,15.0103,0.1686,47.3335,2.592,257.817,0
796,62.1738,21.2667,0.0972,34.4753,0.4862,226.498,0
797,32.3974,15.682,0.2515,19.8756,20.7311,188.096,0
798,30.0408,14.5306,0.3155,23.4254,9.1325,155.279,0
799,113.821,26.1821,0.1441,104.544,60.572,141.995,1
800,22.8945,12.8986,0.2943,9.3203,52.36,118.838,0
801,22.9939,16.6018,0.2446,-16.5169,50.697,30.6356,0
802,42.0569,38.5389,0.0874,29.6453,3.419,106.582,0
803,64.5225,32.4498,0.1989,-9.7041,2.8159,364.1513,1
804,91.8755,64.5654,0.0429,95.0725,53.79,58.0042,0
805,74.0348,17.9769,0.1792,-45.2953,3.783,280.264,0
806,37.289,9.2609,0.2709,-23.4213,1.6194,141.42700000000002,1
807,21.6685,15.6788,0.2614,13.3947,22.365,166.47400000000002,0
808,13.1662,10.6832,0.4569,-3.1901,2.2784,123.7,0
809,161.9093,51.6797,0.0934,-40.1704,53.5958,250.0243,1
810,130.7112,13.8452,0.4642,-101.7676,47.0975,243.5813,1
811,12.8213,11.5241,0.3739,5.0553,8.6385,75.586,0
812,25.0056,16.7048,0.2308,18.3557,4.2353,169.08,0
813,43.2166,9.1758,0.1979,-19.5877,55.468,246.537,1
814,37.2097,18.0222,0.1517,11.6813,66.6454,236.0314,1
815,21.4802,11.5451,0.313,20.2038,34.988,97.1281,0
816,35.3626,13.3916,0.2641,-17.3505,85.0826,191.0768,1
817,32.9421,8.9781,0.2402,23.1623,12.2897,193.35,1
818,24.8923,17.9013,0.2126,-17.8956,70.726,237.9777,1
819,12.9579,11.0885,0.4476,-7.0607,32.5299,72.5491,1
820,86.9843,8.9062,0.2624,54.0211,5.4597,284.557,0
821,76.7265,46.1018,0.079,38.8298,28.7818,140.9653,1
822,135.4248,84.6411,0.0616,125.1677,80.726,275.5792,1
823,26.1415,12.8662,0.2251,18.0079,68.852,216.686,1
824,59.4502,18.2507,0.2119,62.4,0.1321,177.613,0
825,31.249,20.8416,0.2005,24.4418,22.1785,146.668,0
826,100.769,34.9654,0.1091,63.912,71.2791,268.66700000000003,1
827,31.1642,16.2665,0.1802,16.9782,45.2025,215.127,1
828,140.2011,108.7905,0.0702,152.2416,87.619,194.425,1
829,28.4148,13.01,0.4409,20.1871,13.6965,136.651,0
830,89.316,24.3075,0.0808,-90.2728,38.4332,89.1789,1
831,58.1694,9.9714,0.1709,48.1614,4.321000000000001,122.912,1
832,26.5225,16.311,0.2889,-8.1751,4.1489,175.11,0
833,36.825,11.5535,0.1997,24.191,79.4669,93.9087,1
834,83.9807,50.6852,0.1503,89.3562,59.7327,316.872,1
835,82.6024,30.4191,0.1226,80.0694,10.3828,260.119,0
836,32.6702,20.3345,0.1803,23.3888,38.082,176.077,0
837,27.5351,22.5703,0.1675,19.7948,14.377,179.387,0
838,34.2724,24.148000000000003,0.1216,-11.0377,7.6209,115.872,0
839,20.7722,12.9424,0.2693,12.1156,5.709,222.205,0
840,109.37,7.2912,0.3973,-90.9952,0.589,371.095,0
841,16.8981,15.2109,0.3801,-3.2996,56.054,191.986,1
842,42.1935,8.9013,0.2769,32.0857,12.9257,115.875,1
843,62.2061,34.732,0.1012,37.3336,29.492,271.638,1
844,64.779,17.2199,0.3429999999999999,-23.2869,7.4192,218.42,0
845,49.8616,14.8833,0.1629,34.732,3.757,177.956,0
846,29.8441,16.2333,0.1527,-16.2669,15.5205,198.973,0
847,34.728,14.057,0.2043,13.5304,64.9417,273.059,1
848,32.434,14.59,0.1983,28.4215,59.4695,200.734,0
849,21.5669,17.6416,0.2741,17.7038,45.45399999999999,101.997,0
850,16.2957,9.4793,0.3386,-9.6089,40.3177,112.2304,1
851,77.48100000000001,24.4619,0.1569,-30.9218,1.751,324.231,0
852,38.97,19.5489,0.1942,31.2267,21.4609,136.613,0
853,48.0627,13.4801,0.2296,-47.6953,17.387999999999998,166.891,0
854,23.9993,10.9858,0.3064,20.2358,50.4126,200.284,0
855,31.8548,13.1959,0.2517,-21.49,16.9228,166.82,0
856,28.2857,9.793,0.2289999999999999,-19.386,15.2,221.949,0
857,138.7728,103.1938,0.0638,62.2805,7.0801,199.3698,1
858,35.8562,19.331,0.1392,-23.7049,4.6729,145.475,0
859,13.1215,10.5458,0.4839,-4.7347,71.8363,72.2829,0
860,48.8411,20.0339,0.1402,30.1101,3.1548,191.114,0
861,24.3752,10.4927,0.3053,20.0027,38.542,125.95,0
862,113.9722,18.3695,0.3018,111.4018,14.2829,147.613,1
863,92.4049,31.1437,0.0887,68.3527,0.616,297.73400000000004,0
864,54.1708,9.4098,0.2612,-39.1047,35.8524,120.0867,1
865,22.3085,8.75,0.33,-15.9859,4.5212,171.55700000000002,0
866,29.273000000000003,15.5049,0.2214,14.9493,43.154,106.084,0
867,33.0524,15.7139,0.1904,12.7243,10.977,138.278,0
868,81.4193,24.4725,0.3358,-16.7598,31.7613,273.6399,1
869,24.6938,19.9373,0.2212,25.4383,83.3861,171.2665,1
870,88.4059,27.0876,0.0998,63.3567,3.617,308.513,0
871,45.1593,20.3707,0.1159,32.0425,2.219,147.678,0
872,21.7632,12.4786,0.2712,-8.0145,26.131,152.444,0
873,18.883,9.5559,0.4622,-13.9994,49.52,78.8784,0
874,57.0245,7.2947,0.1487,11.2075,70.5777,148.9443,1
875,44.5463,21.0153,0.1049,36.8902,4.501,129.148,0
876,169.378,110.05,0.0935,85.5289,84.3716,349.336,1
877,28.7,17.7909,0.2322,-22.9597,42.5318,52.3661,1
878,31.3155,18.3709,0.2049,-20.9787,18.2357,243.734,1
879,82.3346,16.5924,0.1245,50.1103,3.0174,139.921,1
880,49.3016,16.8994,0.1572,34.1704,13.2921,270.097,0
881,130.983,56.0473,0.0617,-79.9945,39.978,278.039,1
882,111.375,46.8011,0.1103,-63.735,42.7899,365.124,1
883,12.9646,11.1786,0.4279,6.8501,78.703,239.501,1
884,29.5528,17.6585,0.2318,-20.3974,43.0807,208.004,1
885,59.1593,12.3848,0.1163,29.2396,51.8434,155.2164,1
886,38.4804,19.9609,0.1371,-16.1682,18.183,133.325,0
887,64.0202,12.4824,0.1904,34.439,89.4524,172.775,1
888,119.664,19.871,0.1069,27.465,4.071000000000001,119.045,1
889,37.1425,13.5321,0.2017,-29.7974,6.2878,191.45,0
890,33.0251,16.9863,0.2397,15.0023,0.2951,71.7442,1
891,151.558,58.0777,0.0839,-86.5503,34.4576,334.064,1
892,76.6836,20.1537,0.1827,58.5741,9.064,314.576,0
893,141.116,91.1161,0.0369,-39.22,87.1467,378.702,1
894,33.4604,12.9133,0.2848,25.3417,3.66,291.803,0
895,14.0343,8.5698,0.4477,4.5391,13.2698,123.216,1
896,22.5872,0.0,0.4199,13.0312,7.7242,193.31,0
897,16.5019,8.3238,0.2389,12.3367,89.2172,147.1726,1
898,110.144,46.4167,0.0301,94.1436,2.5168,206.363,0
899,26.8184,13.5756,0.2344,-11.5951,3.2859,212.74,0
900,51.4664,8.8279,0.2162,43.7837,39.6762,159.3202,1
901,86.2434,31.4793,0.0965,46.552,1.149,351.204,0
902,76.6358,27.1405,0.0848,76.0889,2.83,282.482,0
903,24.8168,14.3513,0.25,4.357,3.542,170.342,0
904,68.3934,23.161,0.1924,-22.6559,7.9012,309.048,0
905,23.7222,13.3794,0.2657,7.1654,37.143,90.5023,0
906,13.2918,9.6037,0.5358,-8.8904,77.1591,125.53,0
907,96.7066,32.0713,0.0652,76.0843,0.8490000000000001,288.849,0
908,108.878,26.494,0.1865,51.1615,22.6807,291.132,1
909,45.8043,21.1248,0.1407,-18.294,7.404,193.897,0
910,17.2743,12.313,0.4082,15.394,39.4782,165.71,0
911,190.008,133.858,0.008,-95.8101,32.083,117.085,1
912,17.9679,10.2856,0.5733,29.6393,28.8787,248.6445,1
913,35.0726,23.6344,0.1897,32.1458,2.216,263.8434,1
914,63.2871,15.1315,0.1844,-54.7983,10.81,197.131,0
915,29.342,16.8688,0.2704,5.3141,74.6944,173.7519,1
916,27.9558,12.6356,0.2854,9.3493,28.2901,154.563,0
917,124.801,28.4968,0.1675,93.3952,10.8959,319.539,1
918,29.5854,10.6494,0.2375,22.4894,73.7976,205.7623,1
919,31.1818,25.2797,0.2106,25.4166,41.428,122.403,0
920,18.6533,15.1674,0.337,16.0316,4.7998,55.7509,0
921,25.7563,19.0266,0.1933,24.5412,38.164,224.11900000000003,1
922,63.7982,31.2915,0.0721,53.5567,0.6806,201.366,0
923,70.8145,27.9615,0.0983,59.1989,1.74,253.346,0
924,61.6933,18.0011,0.1449,38.9838,2.926,234.109,0
925,77.9834,20.0944,0.1144,82.5238,12.316,212.208,0
926,18.3648,9.9588,0.3658,-12.0123,45.014,200.2,0
927,16.4797,10.9804,0.4231,-2.1514,5.964,104.685,0
928,35.5418,19.0787,0.1682,13.377,27.4184,155.091,0
929,21.0546,10.3187,0.3353,15.3674,47.753,168.03799999999998,1
930,96.883,32.3191,0.0646,77.5127,3.9652,304.103,0
931,243.7113,117.4906,0.0579,-133.1468,30.7446,120.3981,1
932,133.596,35.5859,0.0926,-125.078,74.6605,230.868,0
933,31.2839,19.369,0.1969999999999999,-22.0762,5.898,154.428,0
934,12.6993,11.6935,0.3804,-8.1995,7.8517,95.3424,0
935,120.1135,21.1095,0.185,114.8639,0.7525,230.7163,1
936,33.0788,13.591,0.2088,27.7357,2.2025,172.076,0
937,29.7042,11.2777,0.2508,8.2818,68.3405,56.2697,1
938,26.9422,4.8134,0.4882,0.0442,60.6943,212.4372,1
939,26.0216,9.648,0.2616,19.3368,44.3455,133.27200000000002,0
940,52.8168,9.0708,0.2584,20.8844,77.84899999999999,179.255,1
941,13.2703,10.6491,0.4266,3.5272,42.1949,42.8497,0
942,25.6108,14.1868,0.2673,-9.5178,18.184,223.637,0
943,78.5656,38.2386,0.0988,-26.2611,6.5405,287.081,0
944,61.5879,13.3963,0.1233,32.0415,84.9996,225.928,1
945,17.9276,10.8255,0.2891,-3.6981,27.001,233.389,0
946,25.731,7.547000000000001,0.294,12.1196,49.5059,94.4904,1
947,67.3736,23.2082,0.2274,-50.8812,2.135,294.976,0
948,103.704,45.978,0.0721,57.1757,3.809,270.656,0
949,22.6234,14.0252,0.2739999999999999,-14.2326,3.197,183.014,0
950,72.0272,27.667,0.1065,55.356,9.423,277.91700000000003,0
951,37.0708,7.1717,0.3859,23.4774,3.987,151.905,0
952,87.5887,31.0013,0.1171,-93.1094,62.0475,138.826,1
953,17.0923,7.1935,0.5532,-5.1216,29.5538,136.435,0
954,70.8359,12.4758,0.1734,77.285,1.046,166.39,0
955,20.3091,10.2339,0.3441,16.1035,26.9241,88.1338,1
956,99.1099,39.7409,0.0652,-44.9747,42.8955,233.9286,1
957,52.7965,18.233,0.1111,20.9841,2.9730000000000003,221.133,0
958,34.1703,20.6534,0.1971,11.1765,10.493,136.533,0
959,14.8256,9.8085,0.291,-4.4593,83.6406,148.3716,1
960,27.6835,19.5474,0.1608,-9.2544,17.02,104.301,0
961,136.6523,43.771,0.184,-144.7238,8.6226,343.94,1
962,172.1839,43.3246,0.1766,15.8309,49.4642,291.7601,1
963,28.8261,17.6026,0.1761,9.5193,88.0136,100.509,0
964,19.5102,7.2304,0.4114,11.4996,19.071,156.436,0
965,26.52,7.0751,0.3698,15.1124,82.1614,233.695,0
966,11.4653,10.1119,0.3039,9.4685,51.9827,203.0343,1
967,93.3517,15.7921,0.1972,-78.6656,61.2864,86.0739,1
968,101.841,37.6458,0.0435,81.7285,2.153,274.158,0
969,62.1149,22.0752,0.2815,64.601,22.76,227.69,0
970,47.985,22.8978,0.0844,26.4205,5.3027,207.401,0
971,20.7139,12.3522,0.2513,17.8559,63.683,215.498,1
972,50.1521,13.7293,0.1888,-24.763,2.6206,219.911,0
973,72.0935,37.4831,0.0776,81.5263,22.9942,291.492,1
974,12.9816,10.8012,0.4815,5.4531,0.0,194.374,0
975,124.183,23.4032,0.1519,-74.4461,36.59,214.947,1
976,37.665,10.4983,0.2054,25.586,28.105,107.4626,1
977,79.4333,17.3855,0.1526,80.0328,44.7425,200.8175,1
978,72.5226,17.2902,0.0924,45.3409,21.9396,193.2479,1
979,50.70399999999999,11.6095,0.2626,40.0821,3.9822,173.18400000000003,0
980,32.9774,16.8329,0.2573,22.5657,36.8783,167.752,0
981,77.7337,30.2057,0.0674,69.88600000000001,1.5881,233.125,0
982,21.4634,12.7096,0.2588,13.0401,10.54,119.431,0
983,36.5502,25.3158,0.1372,17.445,27.555,213.777,0
984,20.686,7.1638,0.366,10.6607,18.8504,187.639,0
985,40.8359,10.4427,0.1939999999999999,25.9017,24.092,111.796,1
986,32.4981,24.7519,0.2334,10.0342,57.7278,102.796,1
987,36.3872,10.4131,0.2645,25.0252,54.756,210.188,1
988,36.6822,21.2057,0.1422,12.507,9.2874,140.928,0
989,45.4086,29.7234,0.087,39.8268,7.32,116.643,0
990,25.8976,10.4055,0.2584,19.6692,12.5588,212.241,1
991,12.3915,12.0938,0.3488,-10.1092,17.4271,194.9,1
992,32.6392,12.6984,0.1633,-14.7512,21.5727,229.991,0
993,28.136,8.851,0.2552,17.2341,67.751,117.934,1
994,13.947,12.8752,0.3492,-14.5256,60.0975,222.2024,1
995,46.8533,18.5177,0.2507,-37.606,49.1002,109.4236,1
996,35.6234,9.6289,0.2769,31.4401,18.2432,220.773,0
997,28.4454,11.6231,0.2693,20.2982,1.44,194.105,0
998,41.5842,21.3329,0.1576,8.9112,6.377000000000001,203.524,0
999,23.6794,12.7526,0.3373,25.1993,41.834,231.7678,1
1000,214.4978,142.4835,0.0578,126.0923,56.4216,247.6554,1
1001,27.4599,12.6085,0.2213,-11.6992,68.844,221.497,1
1002,99.2711,50.0365,0.0437,80.4554,0.5792,336.771,0
1003,19.9589,7.3244,0.4035,9.5411,12.9273,209.314,0
1004,118.6109,32.0536,0.1352,128.6398,84.1882,159.0613,1
1005,150.789,74.1838,0.0311,-106.402,84.1558,269.436,1
1006,32.8354,21.1722,0.1403,20.2216,10.1619,187.348,0
1007,38.9707,11.7101,0.2,-17.781,14.4926,135.379,0
1008,21.4374,9.7783,0.3324,18.1132,35.3391,229.7,1
1009,105.348,46.9254,0.1108,-110.327,10.196,379.917,1
1010,22.1817,17.2459,0.2718,-7.1725,26.4744,162.703,0
1011,101.085,22.1344,0.1145,96.609,0.0685,260.868,0
1012,31.6546,6.3376,0.4512,17.278,17.0579,91.3694,1
1013,60.9877,20.5583,0.1403,-41.1312,11.0229,181.35,0
1014,51.2645,17.2589,0.1989999999999999,-16.6252,7.901,240.107,0
1015,36.0925,21.3894,0.1429,-13.8353,29.33,166.491,0
1016,53.587,11.2697,0.3235,43.0888,3.0792,279.125,1
1017,132.702,59.5064,0.1066,-165.11700000000002,54.778,332.35900000000004,1
1018,35.5351,10.0228,0.2853,26.0692,10.633,219.933,1
1019,64.3192,26.8663,0.0891,64.5494,7.653,245.097,0
1020,177.1863,82.2385,0.0443,-56.5149,4.1574,191.9643,1
1021,17.1269,11.008,0.3304,-8.5602,10.545,108.33,0
1022,36.4557,10.984000000000002,0.2027,5.5361,87.2394,148.56,1
1023,38.8604,19.207,0.1931,35.6672,5.8146,141.765,0
1024,92.406,25.3394,0.1277,61.4713,8.6244,308.91900000000004,0
1025,42.791,19.7569,0.1337,-14.8338,9.021,244.668,0
1026,26.619,18.0992,0.1926,14.407,8.3473,152.829,0
1027,56.0655,8.9886,0.1666,27.8618,59.5926,40.716,1
1028,24.3811,11.0661,0.2784,-20.7853,33.4353,47.4001,0
1029,48.8599,15.3837,0.2557,35.3682,1.7526,147.69,0
1030,40.3091,11.4633,0.2024,33.2403,43.288,236.169,1
1031,17.0613,11.3105,0.2906,0.1951,40.8521,206.093,0
1032,37.9313,16.1998,0.1889999999999999,36.0025,11.4673,229.327,0
1033,53.1406,19.0322,0.1234,-47.4196,2.7357,193.562,0
1034,34.6583,27.1975,0.1272,29.622,55.5748,100.2511,1
1035,36.5188,19.7845,0.1937,-15.5398,17.6334,212.519,0
1036,13.1625,10.4977,0.4812,-5.2619,40.316,184.88,0
1037,106.95,91.6046,0.1136,87.7473,75.59899999999999,428.409,1
1038,42.6197,19.9785,0.1077,16.9221,0.898,204.766,0
1039,72.3434,24.8566,0.1396,77.3764,79.88600000000001,87.5884,0
1040,77.0039,54.5583,0.0721,65.7816,0.3649,292.29400000000004,0
1041,99.1508,36.1225,0.0567,82.4632,4.199,268.046,0
1042,68.3993,14.9059,0.2072,64.793,1.651,254.099,0
1043,128.315,32.0179,0.1017,84.95200000000001,23.202,252.21,0
1044,17.5968,3.6065,0.3971,-1.5145,89.8822,93.0085,1
1045,35.0173,7.3409,0.2087,-18.8432,5.7696,77.9217,1
1046,24.2089,15.7238,0.2259,15.6285,50.3873,205.7639,1
1047,15.1501,14.8593,0.3815,-3.03,62.8494,254.0879,1
1048,50.3257,23.9416,0.0765,26.986,62.8246,59.1285,0
1049,22.0215,10.9569,0.3592,19.0496,55.6963,70.7783,0
1050,34.7007,18.5968,0.1505,-25.3911,6.712999999999999,205.058,0
1051,20.3407,7.4247,0.5642,18.5961,12.1306,203.266,1
1052,33.9892,23.6524,0.1382,-13.5506,78.755,79.9828,1
1053,69.7429,27.4255,0.0795,55.6712,2.414,224.784,0
1054,21.3644,6.9235,0.3977,12.0794,22.934,82.7555,0
1055,89.9113,55.0261,0.0427,73.998,4.502,241.835,0
1056,57.8723,9.0599,0.2373,44.459,63.5282,247.087,1
1057,92.2617,19.6111,0.192,-55.2686,8.1172,332.8343,1
1058,22.4411,0.0029,0.4393,-8.5011,0.0002,121.004,0
1059,52.5918,13.7054,0.1549,29.8911,23.465,215.3091,1
1060,32.7978,10.4236,0.2593,26.8723,5.202999999999999,191.337,0
1061,35.1774,9.5536,0.2915,22.8664,33.0037,200.432,1
1062,17.2168,14.0928,0.2447,13.404000000000002,54.5308,230.1722,1
1063,193.0409,41.4933,0.0983,177.3619,34.766,235.0704,1
1064,24.8547,10.3282,0.2484,17.5911,57.769,178.003,0
1065,82.0831,47.1104,0.1251,-103.2639,81.4305,323.3153,1
1066,32.7694,3.3675,0.381,29.3763,88.0043,196.7434,1
1067,50.5804,21.5054,0.1294,38.2574,8.1336,189.547,0
1068,26.5768,19.3691,0.1749,-22.7996,17.599,133.29,0
1069,86.6922,15.5482,0.1517,48.4045,54.4866,176.36,1
1070,27.6315,10.7508,0.2773,-21.8862,34.121,134.02,0
1071,25.7999,16.0064,0.1922,17.4036,19.1984,165.509,0
1072,11.9727,9.3311,0.5095,-8.7463,72.2134,272.8939,1
1073,45.8725,18.032,0.1836,62.5241,79.8092,177.9305,1
1074,163.0825,42.8497,0.1366,-148.8775,5.5585,287.899,1
1075,61.047,12.4895,0.215,51.2051,43.0187,180.6016,1
1076,30.8252,10.7739,0.2623,-16.8903,3.2586,229.629,0
1077,20.1492,11.4758,0.3375,19.091,35.676,155.806,0
1078,57.7702,19.8409,0.1504,43.2779,6.527,154.14600000000002,0
1079,126.609,41.9329,0.1233,-120.058,29.6115,369.92800000000005,1
1080,57.6004,19.0414,0.1387,40.2813,19.177,200.134,1
1081,36.0763,24.2552,0.128,25.4849,4.6563,144.012,0
1082,88.5482,34.2291,0.1624,-29.0165,1.4057,386.992,0
1083,20.4671,12.3979,0.2565,8.5742,28.2924,158.395,0
1084,54.8547,12.4319,0.1539,31.7523,70.289,247.697,1
1085,16.6215,10.9203,0.3627,-8.6909,43.4992,199.63,1
1086,49.6836,12.9703,0.2039,35.0862,10.4791,205.088,0
1087,52.2488,23.4281,0.1221,52.755,3.926,143.935,0
1088,63.4929,20.5225,0.2275,66.3647,48.9157,142.5645,1
1089,54.6799,21.4228,0.27,21.4761,6.2941,330.619,0
1090,17.5785,10.6226,0.3494,11.3298,26.03,138.247,0
1091,22.5861,17.7805,0.2401,10.0913,39.924,160.435,1
1092,76.536,15.9522,0.1198,36.2652,65.517,194.405,1
1093,72.5798,40.6827,0.1715,59.8818,8.304,262.487,1
1094,31.0155,12.8252,0.2562,26.4684,9.17,178.262,0
1095,48.1337,22.3934,0.1602,26.3135,14.1339,264.22,0
1096,28.7059,12.5979,0.2493,23.0289,4.0462,245.811,0
1097,108.809,52.8057,0.078,-68.5174,24.549,286.502,1
1098,23.4405,12.4016,0.249,17.003,34.4836,153.35,0
1099,29.0263,15.184,0.2014,21.0581,41.0899,212.825,1
1100,21.7031,6.8875,0.3532,-5.2903,10.758,105.96,0
1101,56.8486,10.0566,0.1368,-42.5264,81.7163,136.4788,1
1102,25.4038,11.4504,0.3439,25.8025,18.3364,203.312,1
1103,38.9184,7.6921,0.2914,26.5724,82.0278,184.0394,1
1104,28.602,0.0034,0.4254,20.989,66.546,169.924,1
1105,19.9341,6.9203,0.4498,14.4316,41.328,119.746,1
1106,114.445,20.5004,0.1116,124.856,2.2623,211.285,0
1107,23.7081,0.0,0.5016,0.0,90.0,248.785,1
1108,23.9775,9.17,0.4114,-7.807,57.9317,144.0445,1
1109,44.975,19.5491,0.1357,38.7322,52.673,257.642,1
1110,59.9761,22.5604,0.1246,50.42,4.9301,218.017,0
1111,21.4951,10.6969,0.2785,-18.2807,1.9866,232.944,0
1112,22.8211,11.4851,0.3214,20.5853,8.907,150.846,0
1113,70.2993,11.8649,0.2363,-67.699,18.5286,116.807,1
1114,131.466,65.7777,0.0897,-139.535,25.926,129.876,1
1115,18.9001,9.8939,0.3279,-6.7595,42.667,71.222,0
1116,28.1337,24.6901,0.1458,-10.0415,19.309,139.718,0
1117,120.861,73.6597,0.1045,-117.959,77.918,321.713,1
1118,12.9176,11.1995,0.4388,-7.7005,17.4554,73.1766,0
1119,55.3617,33.223,0.171,-33.7951,13.822,351.557,0
1120,23.7276,15.9185,0.2266,12.64,67.1315,61.9633,1
1121,44.1035,26.0029,0.1737,-19.9626,87.7994,233.051,1
1122,29.7859,16.8267,0.1937,-24.7732,16.9344,220.873,0
1123,40.7367,10.1881,0.2921,-15.652,1.394,167.051,0
1124,25.7838,13.3367,0.281,14.928,20.3804,148.372,1
1125,20.2006,17.3896,0.2684,16.8542,9.9206,119.783,0
1126,19.1365,9.7556,0.3757,-12.6818,4.2780000000000005,161.123,0
1127,12.9954,9.5666,0.5718,9.2907,29.77,147.703,0
1128,85.1125,30.0761,0.0619,56.9297,1.6269999999999998,243.701,0
1129,109.09,84.4418,0.0983,-33.75,66.5622,335.6927,1
1130,60.7244,17.3754,0.1665,4.5381,14.4753,287.5723,1
1131,48.3457,9.8713,0.2066,-20.0218,46.4487,162.8426,1
1132,106.928,28.3591,0.12,82.4446,15.5374,300.546,1
1133,21.7969,15.7169,0.2494,23.6645,69.3228,138.7026,1
1134,211.444,140.2,0.0309,-121.811,62.4657,309.351,1
1135,19.5713,16.2269,0.2275,7.5072,61.157,127.884,0
1136,32.6279,15.1199,0.211,13.2774,10.3,67.12100000000001,0
1137,26.0407,15.271,0.2592,22.1988,59.637,132.006,1
1138,38.186,33.988,0.1636,15.734000000000002,89.3256,298.492,1
1139,18.2804,12.5776,0.322,10.3272,47.0022,141.085,0
1140,58.1262,12.2834,0.1568,30.8514,44.9114,124.2684,1
1141,28.2481,17.8266,0.1886,22.5733,5.218999999999999,165.14,0
1142,37.2836,8.9693,0.2301,20.3746,9.357,230.247,1
1143,62.888000000000005,20.7861,0.0893,-31.6798,1.3687,207.247,0
1144,34.7638,13.3816,0.3306,11.369000000000002,87.0055,150.8719,1
1145,25.3582,0.0,0.415,0.0,4.9861,156.477,1
1146,99.9709,41.3621,0.0902,32.3496,0.4589999999999999,379.018,0
1147,21.0689,13.6215,0.2724,12.6911,5.3844,180.055,0
1148,231.9656,90.4344,0.0334,-80.0512,86.7448,89.8175,1
1149,62.4538,20.9787,0.1121,48.5582,0.139,256.98900000000003,0
1150,22.5236,16.722,0.2909,13.3872,44.92100000000001,133.54399999999998,0
1151,37.8982,24.1995,0.1176,-16.4337,0.6035,93.1982,1
1152,13.3039,8.0295,0.3172,21.1073,46.5383,190.311,1
1153,107.338,29.1356,0.0683,89.5136,3.312,293.781,0
1154,113.5454,54.022,0.143,102.8838,84.6909,237.1545,1
1155,33.7391,24.2694,0.1519,-11.2511,9.976,215.296,0
1156,110.136,39.4236,0.092,-112.889,47.3655,181.199,1
1157,42.0985,12.1855,0.1763,22.8265,57.0152,150.519,1
1158,37.5889,20.694000000000003,0.1459,32.363,16.405,213.389,0
1159,17.3883,10.6291,0.3835,6.1826,89.0125,258.262,1
1160,93.736,45.5182,0.1781,-52.5972,50.0594,153.4609,1
1161,92.1053,50.6686,0.0668,82.9054,6.5297,271.79,0
1162,25.7793,14.0851,0.1995,-9.3165,6.947,120.583,0
1163,78.7987,17.1072,0.2039,58.9648,19.408,326.903,1
1164,26.533,21.2504,0.1625,17.2021,39.3249,192.687,0
1165,63.9757,11.6401,0.2944,-17.1986,13.222,286.217,0
1166,34.0226,17.5754,0.2877,1.7587,45.0377,231.7221,1
1167,121.699,83.7406,0.0435,99.4045,77.782,339.251,1
1168,52.0776,17.9786,0.1407,7.2205,4.111000000000001,212.352,0
1169,35.3773,14.7804,0.1822,10.2385,0.8809999999999999,208.271,0
1170,26.3855,13.0137,0.3211,-1.4528,53.4942,217.2301,1
1171,78.6617,32.9812,0.0936,61.1143,5.902,298.095,0
1172,24.1101,12.6731,0.2249,-9.9872,9.374,227.728,0
1173,12.9529,11.3125,0.3798,-3.8537,28.538,217.747,0
1174,40.8648,21.6582,0.1284,-34.1291,0.785,203.58,0
1175,30.2501,8.1902,0.3899,23.6409,43.9048,226.871,1
1176,34.1079,31.9294,0.1306,17.4039,57.0274,61.7338,0
1177,23.801,13.9841,0.2686,-14.9934,5.752999999999999,229.12,0
1178,152.8,41.7867,0.0766,89.5195,53.7624,254.284,1
1179,82.5295,21.5646,0.1317,87.0154,2.176,247.044,0
1180,33.6189,9.0267,0.2584,-20.1952,11.7369,237.232,0
1181,203.8345,95.9107,0.0427,-159.4809,2.7197,305.2008,1
1182,106.671,17.5314,0.1454,114.134,11.7482,167.616,0
1183,237.3091,103.8581,0.0534,-132.5013,79.0902,171.7382,1
1184,76.7443,15.0439,0.1832,40.8057,14.8025,191.306,1
1185,50.0446,19.2643,0.1543,41.2236,2.5772,194.185,0
1186,28.7324,14.6792,0.2398,19.1661,4.0499,137.387,0
1187,24.1215,10.5814,0.2925,31.3703,63.2577,238.9934,1
1188,81.244,42.1421,0.05,71.3451,7.946000000000001,190.598,0
1189,125.3126,52.8582,0.0445,99.0729,43.1269,143.5627,1
1190,80.2375,9.5778,0.1797,43.2221,27.1433,301.8484,1
1191,23.8634,8.5943,0.3451,10.1052,80.642,111.868,1
1192,17.4019,10.6538,0.3354,10.6136,32.9032,184.826,0
1193,26.9307,9.4717,0.3145,-17.7343,76.685,204.03,1
1194,31.8008,8.6412,0.2504,-5.7048,19.5928,118.8615,1
1195,56.0558,14.9399,0.1957,43.9362,15.3725,234.783,0
1196,60.5877,13.0235,0.1894,50.8445,0.6164,280.607,1
1197,21.5754,17.5105,0.3473,9.9967,18.4844,195.2031,1
1198,14.7612,5.2058,0.3971,12.188,36.9932,192.3718,1
1199,12.8636,11.458,0.3746,-4.409,35.0558,35.3937,0
1200,32.007,17.9917,0.1571,23.943,16.472,174.252,0
1201,24.424,9.2825,0.6224,-9.3485,48.3799,161.8753,1
1202,25.0768,19.7139,0.2313,17.8255,65.226,5.7456,0
1203,78.4353,64.309,0.2013,91.2802,80.9959,315.1309,1
1204,22.5081,12.8203,0.3233,12.0002,51.399,46.6801,1
1205,16.7904,11.2518,0.3288,7.8228,16.9354,51.0104,0
1206,20.1374,11.1295,0.3671,18.5745,28.1582,126.679,0
1207,72.1747,9.7887,0.1267,34.1685,29.0584,165.1348,1
1208,33.9387,11.3974,0.2289999999999999,20.4974,10.996,200.068,1
1209,46.2936,24.4211,0.1214,43.1121,1.192,130.933,0
1210,22.4975,9.6665,0.3272,12.0999,43.6834,145.80200000000002,1
1211,61.0853,23.6968,0.1582,22.326,51.912,176.076,1
1212,17.581,10.1773,0.4139,3.3367,65.4434,61.3823,1
1213,28.2718,10.9174,0.4693,-20.9364,6.0760000000000005,334.75699999999995,0
1214,43.8989,38.2552,0.0666,33.4748,57.981,144.261,0
1215,20.1456,7.3238,0.3962,-8.3371,12.621,162.035,0
1216,25.5211,12.6563,0.2065,-12.2247,83.4925,226.883,1
1217,82.3239,19.7212,0.1397,78.0387,5.5266,275.064,0
1218,49.3247,10.6729,0.1772,21.292,15.1485,207.2384,1
1219,47.6365,15.5808,0.2374,-21.5937,71.4978,173.0024,1
1220,28.8538,16.1898,0.3418,18.2376,11.6565,79.0811,0
1221,21.2721,10.4919,0.3979,20.1849,38.5604,68.1625,0
1222,12.9926,10.8059,0.4789,-5.3597,32.917,221.664,0
1223,97.4161,16.584,0.1044,50.897,60.642,95.9959,1
1224,19.8566,16.7704,0.2701,19.2436,75.35600000000001,88.7565,0
1225,245.8117,75.5443,0.1066,-244.8445,56.911,197.303,1
1226,26.5659,9.3013,0.2897,-13.0942,5.6489,177.454,0
1227,23.1648,16.5207,0.2049,13.0847,35.4848,218.8926,1
1228,27.2726,12.6129,0.2512,-17.5545,3.789,185.431,0
1229,65.58,29.887,0.2135,-45.1052,16.636,433.74300000000005,1
1230,27.5554,5.3129,0.2172,27.9724,63.4475,226.3172,1
1231,12.501,11.0879,0.4557,14.3268,59.8653,207.6571,1
1232,28.8128,11.5802,0.3168,-11.3303,46.5083,184.127,1
1233,93.4152,35.8718,0.0662,65.1396,4.106,287.04900000000004,0
1234,87.3797,25.1646,0.1272,69.6443,0.9488,318.67,0
1235,34.1382,0.0047,0.3305,-17.199,0.0002,139.655,0
1236,15.796,13.6178,0.2965,-21.4304,89.6616,134.1615,1
1237,40.7509,29.0026,0.1861,41.8396,20.762,239.255,0
1238,137.155,60.4155,0.0498,-115.415,24.9674,93.6126,1
1239,192.0982,79.3605,0.0513,-213.2195,54.2033,361.1527,1
1240,103.407,64.4265,0.0349,64.3895,74.192,159.135,1
1241,13.2962,10.0478,0.5013,-7.4811,30.9608,225.772,1
1242,50.0678,8.3694,0.2295,39.1699,18.1779,215.9294,1
1243,33.2272,27.2944,0.1285,24.3646,29.984,115.601,0
1244,54.1353,21.9205,0.1868,41.1994,2.4615,298.611,0
1245,218.7697,89.6099,0.0602,-133.2216,88.1886,271.97700000000003,1
1246,77.6281,20.3418,0.1876,48.7401,46.0287,96.7666,1
1247,83.7192,32.775,0.1783,63.4476,5.007,361.508,0
1248,105.299,63.2194,0.0709,56.1306,25.87,366.247,1
1249,44.7018,23.1111,0.1919,-38.9734,43.7833,224.231,1
1250,84.8819,25.1165,0.1023,-51.8796,16.7833,225.889,1
1251,108.5592,49.9508,0.0787,77.7531,46.1283,227.6959,1
1252,42.0269,22.3989,0.1478,-25.6141,2.4092,152.08100000000002,0
1253,35.574,31.565,0.1006,19.035,80.6784,267.316,1
1254,28.8237,23.2382,0.1793,10.791,85.2559,42.3574,0
1255,57.7473,11.3677,0.1464,35.8005,25.3002,129.085,1
1256,65.1686,12.2282,0.1702,70.5864,5.9072,197.801,0
1257,303.5676,38.31,0.0812,200.3148,71.5012,86.0291,1
1258,25.4443,19.3463,0.123,19.9495,20.8915,164.2035,1
1259,19.5194,9.0427,0.4523,-15.3234,88.1611,254.891,1
1260,24.5597,10.0908,0.3218,-18.2864,77.663,265.617,1
1261,221.7887,190.5432,0.0003,-48.3586,84.9955,92.7104,1
1262,89.243,42.4041,0.1196,47.5786,70.0233,287.039,1
1263,25.9645,11.7121,0.2591,16.0433,19.8739,136.037,0
1264,134.204,36.9144,0.0492,-89.23200000000001,21.196,164.315,1
1265,81.2464,77.0121,0.0634,-42.8035,22.5005,359.445,1
1266,20.519,12.7331,0.247,10.9142,14.8313,101.864,1
1267,84.7669,25.0483,0.1438,87.5265,8.012,184.752,0
1268,21.1773,14.3914,0.615,5.5418,21.9203,235.8099,1
1269,126.056,35.5809,0.1441,-139.7062,16.0535,324.4922,1
1270,29.5116,14.5846,0.2365,21.0673,80.8572,116.6055,1
1271,22.5865,11.6656,0.3764,12.6803,28.964,253.6073,1
1272,25.4681,12.8389,0.2855,23.6519,26.477,196.8224,1
1273,55.8337,22.6487,0.1378,41.5008,9.461,177.21,1
1274,19.1674,12.9658,0.3468,15.4573,7.9106,208.234,1
1275,57.2369,19.5008,0.1482,21.4126,1.776,239.027,0
1276,81.5827,22.0786,0.1287,51.1844,0.5805,354.892,0
1277,41.9434,7.6522,0.2169,18.567,4.132,227.756,1
1278,30.7067,22.2933,0.1349,14.4977,56.785,131.205,0
1279,33.2748,10.1453,0.2145,-20.4092,14.807,109.111,1
1280,97.4612,57.0929,0.1062,-65.5657,30.8502,327.2723,1
1281,55.1008,12.5396,0.1567,0.3523,66.513,223.3597,1
1282,89.4076,27.2539,0.0741,-86.9093,61.152,201.385,1
1283,48.8261,15.6801,0.2068,40.7527,8.2676,142.795,0
1284,38.0172,27.9321,0.0925,-5.9003,67.72399999999999,225.9638,1
1285,22.651,17.1751,0.2534,-9.902,39.676,207.251,1
1286,49.1439,18.1723,0.1038,37.6103,80.8282,161.3425,1
1287,20.9059,11.2361,0.2861,19.1314,47.3096,232.767,1
1288,101.462,17.5033,0.1428,80.2234,22.298,332.449,1
1289,42.4086,12.091,0.22,-37.0994,88.3359,191.8569,1
1290,117.902,69.9325,0.1661,117.519,57.1777,390.07,1
1291,19.6767,12.3502,0.306,6.0898,53.718,172.753,0
1292,47.409,19.4267,0.1197,-33.8379,2.939,195.604,0
1293,20.9825,12.3816,0.2544,9.2499,69.7,224.593,0
1294,20.435,18.0164,0.2409,-13.9636,27.7485,231.706,0
1295,17.0685,11.0829,0.3326,-8.02,73.3106,175.34,0
1296,18.3365,10.6044,0.2717,7.2312,25.8546,171.877,0
1297,101.227,42.5267,0.1022,-38.9128,3.329,369.024,0
1298,30.9613,29.2707,0.1342,25.6102,30.1648,222.764,1
1299,39.2934,10.5426,0.2803,28.1703,23.685,187.108,1
1300,39.8855,17.5545,0.2083,32.1269,89.1354,163.1477,1
1301,49.8142,14.8314,0.2781,-30.2335,14.103,92.7215,0
1302,97.1789,46.4076,0.0496,83.4382,2.833,315.628,0
1303,18.936,15.0925,0.2563,-7.3072,36.3083,207.9632,1
1304,83.5534,23.8092,0.1249,66.7498,0.4554,351.783,0
1305,69.0975,27.2206,0.0946,67.3895,1.7409,276.499,0
1306,64.9481,35.2075,0.1004,41.6654,2.9623,315.02,0
1307,18.4914,9.7635,0.3734,7.652,33.8161,188.867,1
1308,29.5483,11.7966,0.2965,-9.5899,20.7634,219.026,0
1309,43.3005,17.4843,0.1302,-21.9973,3.1075,193.811,0
1310,87.1305,45.278,0.0516,77.5289,3.0206,262.814,0
1311,60.9588,24.4774,0.113,45.9043,3.7653,230.503,0
1312,18.6133,10.0097,0.3787,12.7382,9.438,179.16,0
1313,22.8157,14.1826,0.2165,19.2177,29.39,195.3593,1
1314,12.644,11.7606,0.3853,9.8408,7.5002,114.916,0
1315,261.9837,44.4222,0.3339999999999999,136.4803,4.1909,249.1461,1
1316,26.0277,11.4154,0.2662,18.2394,0.6419,140.188,0
1317,53.9567,15.7769,0.1713,-22.7371,0.2989,223.827,0
1318,37.9753,5.1561,0.4316,31.8875,14.3465,265.8435,1
1319,75.792,50.073,0.067,-79.4235,0.6296,217.9754,1
1320,153.0146,35.8715,0.1208,91.8324,13.4731,255.2778,1
1321,56.1998,6.2789,0.1994,37.1776,19.0842,172.1122,1
1322,217.6719,44.2192,0.1422,-90.8113,59.4832,255.5413,1
1323,86.757,1.2098,0.3805,-71.1567,2.9754,331.477,0
1324,95.3553,17.3815,0.0854,50.2186,89.5989,168.565,1
1325,12.8462,11.4618,0.3943,7.1055,60.268,47.7054,0
1326,20.393,7.2693,0.3808,-8.8963,8.8679,158.763,0
1327,32.8157,23.4818,0.2542,35.3646,52.477,189.6054,1
1328,12.9176,11.3596,0.39,-5.6768,64.933,227.107,1
1329,93.6117,25.9597,0.0929,82.0158,1.4092,269.336,0
1330,28.7504,16.2608,0.1806,23.234,42.3618,242.5142,1
1331,28.5827,22.8996,0.1513,8.1298,24.825,123.0,0
1332,101.569,32.3194,0.1841,42.673,40.6407,337.5735,1
1333,47.9518,27.8077,0.1201,46.9569,52.7577,94.7359,1
1334,12.8,11.5493,0.3818,6.6145,63.8866,164.209,0
1335,17.0875,11.2666,0.3083,-5.2321,56.4005,142.859,0
1336,31.693,12.2546,0.1965,11.2136,10.5089,106.191,0
1337,171.2088,15.6716,0.1689999999999999,159.1388,85.4662,109.0539,1
1338,27.975,15.9896,0.2027,-23.1474,10.1631,134.054,0
1339,182.8099,91.4597,0.0411,-142.9141,67.0593,180.2302,1
1340,26.24,11.9813,0.3723,16.9651,9.256,113.409,0
1341,28.0184,15.3868,0.2269999999999999,24.32,3.306,198.391,0
1342,48.0197,13.5927,0.163,33.6538,32.779,189.51,1
1343,26.7491,15.7483,0.2388,10.5625,47.68,235.199,1
1344,12.8944,11.3551,0.4089,-7.2857,58.035,89.5326,0
1345,58.8451,25.102,0.1031,35.798,0.5904,256.992,0
1346,45.3587,23.5549,0.1341,42.5896,22.3299,244.676,0
1347,156.80200000000002,49.1202,0.066,-143.034,32.2366,317.194,1
1348,89.0276,46.1493,0.1181,-28.4344,25.1541,301.058,1
1349,84.3102,35.0643,0.0739,72.1546,0.147,294.503,0
1350,19.5744,16.3541,0.295,-7.91,42.1379,184.472,0
1351,46.7449,10.6859,0.1813,-23.8079,64.2149,126.73,1
1352,40.8246,18.1856,0.2497,-6.9606,9.868,128.034,0
1353,21.5568,12.6445,0.2814,-15.156,6.2216,163.285,0
1354,70.5137,15.7868,0.1899,37.9078,12.1959,178.7589,1
1355,61.4663,23.9183,0.0906,30.6895,2.742,210.862,0
1356,20.0845,0.0,0.4498,-15.6732,34.225,138.577,1
1357,29.6494,19.0756,0.1638,-17.8804,3.2425,135.346,0
1358,26.2932,10.4593,0.3524,7.502000000000001,4.245,130.4822,1
1359,26.9176,13.8266,0.2862,18.8245,50.8313,199.223,1
1360,57.592,17.2346,0.1508,-45.4587,26.7966,258.6641,1
1361,32.8874,7.9622,0.2628,8.4461,57.7914,179.5325,1
1362,28.7177,17.7968,0.2595,-21.6171,8.54,179.446,0
1363,31.7305,28.514,0.1241,10.0492,52.5425,258.0376,1
1364,31.4759,22.0192,0.2271,26.7747,40.964,177.735,0
1365,25.3624,20.271,0.2403,-29.5837,37.2179,149.4033,1
1366,68.2982,22.7802,0.1546,41.3572,6.3982,288.958,0
1367,60.6057,10.9092,0.1864,52.2262,3.8356,255.353,1
1368,31.0399,18.6253,0.2706,-27.1354,45.758,79.4105,1
1369,28.733,16.4655,0.1935,16.9077,11.8961,234.124,0
1370,70.173,33.7354,0.1094,39.0151,18.0366,209.1146,1
1371,40.5065,24.3183,0.1173,23.8697,78.8798,230.3111,1
1372,113.2256,74.9455,0.1037,58.0487,79.5444,370.3518,1
1373,25.3976,10.0763,0.2527,19.7902,9.2717,89.4441,0
1374,21.0971,8.621,0.4022,13.9122,5.361000000000001,104.977,0
1375,128.5801,23.1532,0.2047,113.4713,75.5197,132.0683,1
1376,29.7378,12.0744,0.2212,-25.0755,14.908,184.874,0
1377,27.1305,19.4693,0.2639,18.99,83.1739,146.7986,1
1378,90.5164,11.97,0.102,73.2588,88.1074,233.8642,1
1379,23.4414,10.3625,0.3975,14.4517,74.13600000000001,139.489,1
1380,65.5206,37.5868,0.0814,-45.6124,61.024,193.279,1
1381,12.9548,11.3093,0.3795,-3.7676,66.059,119.261,0
1382,77.4354,34.124,0.1191,94.1285,43.174,70.0772,0
1383,96.4519,18.3664,0.1955,61.8269,7.4816,353.7327,1
1384,23.964,14.5084,0.3225,14.3089,21.423,186.076,1
1385,78.5422,23.2372,0.1772,72.5137,6.6241,140.8777,1
1386,53.6432,20.8631,0.1224,40.1842,2.6359,226.537,0
1387,94.0405,35.4464,0.0554,80.7777,2.148,273.855,0
1388,77.8998,19.9671,0.1029,28.1588,8.333,209.56,0
1389,149.9592,87.8616,0.0727,103.3467,87.9998,254.0183,1
1390,36.9615,17.320999999999998,0.186,28.7525,9.4668,195.439,0
1391,117.291,38.9629,0.0447,-115.04,83.486,106.548,1
1392,98.1422,24.4833,0.1023,71.5993,3.917,266.082,0
1393,19.2861,12.3222,0.3229999999999999,-10.3509,73.094,167.84400000000002,1
1394,83.0367,29.7113,0.0923,40.9242,10.701,217.481,1
1395,38.3092,12.164,0.2615,26.6739,3.556,198.878,0
1396,17.1847,15.2114,0.3265,-17.3203,54.1674,127.021,0
1397,52.4374,16.5393,0.2927,-59.0496,65.634,186.795,0
1398,37.4765,24.8276,0.1656,20.5619,8.441,180.572,0
1399,36.8727,15.0899,0.1703,22.4359,2.0174,200.935,0
1400,60.8563,13.4122,0.1903,56.3916,7.8933,226.337,0
1401,23.7453,10.2125,0.2731,15.849,32.931999999999995,209.954,0
1402,23.9923,22.4191,0.1545,16.1367,44.853,151.049,0
1403,81.3168,29.5452,0.1304,57.2042,15.8253,315.2557,1
1404,42.7165,11.6631,0.2636,34.7198,72.1,265.121,1
1405,64.775,24.0241,0.0876,43.3913,0.6559999999999999,250.51,0
1406,83.854,32.589,0.1611,81.9185,1.2256,293.199,0
1407,106.618,61.0142,0.1468,-109.197,36.7845,388.349,1
1408,26.8677,17.3308,0.2089,-19.4317,2.923,217.887,0
1409,59.9682,47.0288,0.1392,-23.2354,33.4914,260.8226,1
1410,214.329,118.575,0.038,-153.297,80.6847,348.825,1
1411,12.9695,11.196,0.4217,6.6421,32.761,97.0673,0
1412,115.505,17.0683,0.228,65.5559,80.7349,188.788,1
1413,13.1972,11.7719,0.486,12.4199,36.4006,202.9589,1
1414,33.5169,18.536,0.1813,26.2946,10.4802,221.966,0
1415,13.0702,11.1033,0.3898,3.4386,80.3533,218.84,0
1416,18.1252,15.5685,0.3443,-10.4469,36.6853,190.777,0
1417,21.929,0.5936,0.4771,11.0786,75.6658,179.8449,1
1418,95.2356,33.7887,0.1436,-67.587,5.01,367.4380000000001,0
1419,65.947,45.6462,0.158,61.3182,53.1749,337.9442,1
1420,42.8485,14.3905,0.1746,39.8779,9.8067,257.909,0
1421,19.1493,16.3302,0.3016,-4.2036,38.839,189.208,0
1422,28.6854,16.3383,0.2105,17.0156,36.3353,60.1209,0
1423,41.31100000000001,9.7508,0.2731,37.1014,0.0339,254.757,0
1424,121.742,21.6484,0.2078,126.178,28.328000000000003,44.6209,0
1425,51.2033,14.4491,0.1928,22.0181,42.5002,255.095,1
1426,90.7575,48.9575,0.0714,41.1313,26.8347,31.9044,1
1427,56.7097,28.7761,0.0803,-20.5209,0.2003,204.8733,1
1428,34.0176,21.5451,0.1555,-22.934,2.68,178.21200000000002,0
1429,29.3197,13.9099,0.2046,-17.7753,60.7877,186.921,1
1430,26.4839,17.6552,0.1737,20.7124,9.2085,244.753,0
1431,99.5876,19.8213,0.1081,53.4944,71.411,177.09,1
1432,81.0773,15.5949,0.1209,53.9917,71.1621,284.4464,1
1433,171.671,61.148,0.0611,103.033,35.658,91.8914,1
1434,32.618,17.9829,0.2678,-20.8167,46.9598,219.2849,1
1435,89.5962,21.532,0.1226,-104.224,7.4382,209.439,0
1436,17.5999,11.6015,0.245,-0.9143,55.3738,222.2073,1
1437,154.5643,59.2228,0.1592,-101.0299,74.0884,359.5927,1
1438,118.471,31.2195,0.2064,-47.5957,4.8260000000000005,329.079,1
1439,21.1689,11.1289,0.3433,18.8123,27.2976,98.4951,0
1440,124.843,60.4039,0.1302,-146.107,80.6292,204.003,1
1441,21.4908,16.7731,0.2449,10.4084,62.628,246.336,0
1442,21.2483,9.1648,0.3826,13.5618,42.0149,105.273,0
1443,31.0261,17.6158,0.1508,-20.6766,5.614,114.424,0
1444,210.437,62.916,0.1548,-181.302,41.879,293.284,1
1445,23.6246,10.9195,0.2996,-18.427,19.774,110.192,0
1446,59.8214,19.5086,0.2497,-33.2955,86.9793,237.58,1
1447,141.235,62.4268,0.0375,-52.0873,3.5362,261.867,0
1448,23.1657,12.7022,0.2982,9.4278,82.0505,193.769,0
1449,24.9532,13.5162,0.2109,-19.7851,5.881,244.399,0
1450,69.2226,13.3692,0.1253,54.0125,41.279,207.923,1
1451,34.8491,15.3844,0.3672,17.938,15.8249,147.3523,1
1452,28.3689,15.6983,0.2373,23.3278,2.948,170.755,0
1453,35.7536,18.467,0.1584,-23.523000000000003,0.226,132.719,0
1454,25.3556,13.7094,0.3282,-17.2015,20.0785,148.957,0
1455,59.42,9.2285,0.2854,33.413000000000004,9.183,86.5034,0
1456,42.0561,10.2,0.2089,-25.9853,8.8998,209.842,0
1457,92.5734,31.9545,0.1659,70.0167,11.127,332.85400000000004,0
1458,20.4922,16.7137,0.1985,5.2387,20.185,119.096,1
1459,12.0413,3.5265,0.5032,-3.7598,73.9574,208.9153,1
1460,36.0178,15.0108,0.1788,22.0221,3.1073,157.071,0
1461,65.5959,21.7916,0.1113,35.616,3.7884,217.317,0
1462,40.0247,34.5572,0.1054,9.9056,8.8581,201.67,0
1463,24.0306,11.2437,0.3894,18.1005,5.9344,268.438,1
1464,33.8791,13.7651,0.1607,-24.8968,1.085,222.346,0
1465,19.1446,7.4634,0.4561,-6.0897,59.7883,215.373,1
1466,129.122,97.6202,0.0788,110.96,45.4554,172.516,1
1467,36.7909,19.7933,0.1541,34.4378,8.0884,254.084,0
1468,30.4186,19.6837,0.2583,13.9833,6.1324,238.562,0
1469,34.6337,7.1569,0.2819,27.6383,8.051,207.105,1
1470,23.0918,21.3305,0.1917,9.9506,75.388,91.3365,0
1471,42.7816,16.8095,0.1564,-32.4638,12.88,113.583,0
1472,41.2448,16.383,0.1336,-20.586,5.553999999999999,203.243,0
1473,39.8149,22.7019,0.2157,24.4317,7.0048,270.433,0
1474,23.7707,9.6984,0.3524,11.5284,54.3022,100.023,1
1475,64.9935,16.6946,0.1405,56.6156,25.5893,253.878,1
1476,38.8888,9.1549,0.3037,-22.5105,28.6994,222.013,0
1477,24.0251,14.1002,0.2586,-17.2089,53.5781,106.394,1
1478,20.8308,12.4463,0.2597,-13.6604,86.2162,149.012,0
1479,57.4554,33.554,0.0833,59.398,3.379,137.65,0
1480,51.8366,42.5181,0.0712,-31.9159,24.541,147.744,1
1481,40.2084,20.5476,0.1755,23.0184,9.545,144.55100000000002,0
1482,32.5436,10.68,0.2278,33.0214,44.8836,178.558,1
1483,36.6435,10.8783,0.3453,11.5718,3.6132,148.6439,1
1484,56.8518,19.6101,0.1706,15.7759,7.6682,251.852,0
1485,124.6926,65.8641,0.0647,-77.4508,21.0201,314.2006,1
1486,35.942,26.4917,0.1183,22.9336,77.1166,173.218,0
1487,44.9285,10.8788,0.179,40.4556,9.988,207.482,1
1488,80.4337,25.0718,0.1764,-33.8164,0.867,352.189,0
1489,19.1199,12.8143,0.2727,-10.3508,41.795,195.774,0
1490,35.6271,10.0782,0.2666,-21.4404,18.357,179.78400000000002,0
1491,25.796,10.2902,0.2926,18.8715,36.4567,124.783,0
1492,100.811,22.8565,0.1201,-55.5834,3.8175,258.559,0
1493,149.861,64.3038,0.0574,154.96,62.744,75.9893,1
1494,58.6077,18.0167,0.1335,38.1032,0.256,241.974,0
1495,93.715,16.5674,0.1463,62.3735,27.8898,238.421,1
1496,66.8617,23.0115,0.1233,66.6961,1.496,297.16200000000003,0
1497,16.836,13.7933,0.3164,1.7241,57.0521,136.7892,1
1498,56.4901,22.3784,0.118,40.8954,1.2155,257.514,0
1499,65.7255,36.2847,0.1692,-57.6103,77.0245,203.2269,1
1500,37.5565,11.9738,0.1858,7.1043,34.4077,83.7628,1
1501,20.3722,12.903,0.2312,-5.7444,50.6061,175.856,0
1502,29.7181,8.0956,0.3,16.6326,39.849,71.8972,1
1503,166.855,27.3086,0.1699,-111.786,38.2889,243.842,1
1504,76.20100000000001,31.0262,0.0986,63.1651,2.0088,335.855,0
1505,51.3353,22.9458,0.0978,-30.2156,10.755,110.822,1
1506,29.2222,13.9091,0.233,17.9456,23.553,161.469,0
1507,72.0759,30.7951,0.1975,-45.3901,53.6123,306.6501,1
1508,43.0994,16.7018,0.2125,31.8946,7.5064,137.891,0
1509,25.6748,11.83,0.2422,-18.9182,87.0417,113.482,1
1510,45.041,21.7446,0.1156,18.7778,11.531,206.449,0
1511,17.3473,10.9895,0.3418,-4.9667,77.3274,232.953,0
1512,93.6713,34.8636,0.0591,86.6054,2.0651,281.85200000000003,0
1513,102.0137,16.8966,0.254,46.6447,13.2785,237.2388,1
1514,32.0877,10.4917,0.2073,8.5829,29.936,144.85299999999998,1
1515,31.9966,15.2733,0.2195,30.1338,13.294,97.0932,0
1516,13.1683,10.8664,0.4191,3.1062,7.8457,196.079,0
1517,155.53,64.2969,0.1797,-92.426,63.7389,329.15,1
1518,12.7269,11.6292,0.3959,-9.1686,35.7921,193.58,1
1519,20.2889,18.7466,0.2165,4.8046,19.5164,201.838,0
1520,138.2727,65.5776,0.07,-51.8359,77.8223,358.1938,1
1521,183.615,71.5243,0.2226,-149.21,72.373,450.349,1
1522,33.5981,14.042,0.1802,22.0735,16.463,180.03799999999998,0
1523,13.2547,10.3735,0.4763,6.0135,42.477,71.4116,1
1524,28.8411,22.1879,0.1706,16.486,15.814,147.60399999999998,0
1525,17.6918,7.5442,0.3226,1.0832,49.5886,241.5591,1
1526,106.719,24.0228,0.1607,-31.2941,6.2451,294.103,1
1527,19.0389,9.9673,0.3517,-11.7216,5.6753,160.389,0
1528,29.0886,14.0879,0.2469,-20.5481,37.8387,244.8222,1
1529,33.343,8.3643,0.2687,10.0291,61.489,210.061,1
1530,29.3567,16.4765,0.2301,20.8865,7.9947,213.202,0
1531,19.6529,9.5513,0.4309,14.5307,0.4882,103.821,0
1532,75.9663,27.2188,0.0962,57.3587,2.9930000000000003,276.025,0
1533,67.4221,23.1555,0.1754,-44.557,20.9816,258.577,1
1534,61.2167,21.0987,0.1482,27.4636,5.806,285.14,0
1535,23.2775,10.5813,0.3207,-19.3432,35.4214,209.834,0
1536,40.3332,14.9522,0.2086,12.6039,5.2049,226.711,0
1537,79.664,13.2776,0.2764,59.3963,1.709,333.205,0
1538,233.685,39.0338,0.2086,-192.201,40.1961,172.77900000000002,1
1539,20.9255,14.0868,0.3438,18.2593,53.9385,94.1967,1
1540,70.0225,26.4199,0.087,60.8729,3.902,256.658,0
1541,28.0453,23.9976,0.208,-20.7506,4.9786,132.009,0
1542,98.2968,50.2884,0.2419,63.7397,61.0672,303.25,1
1543,114.765,21.2017,0.1595,138.183,42.8298,152.025,1
1544,21.245,12.6979,0.2768,24.5095,64.164,215.0051,1
1545,18.8959,13.9765,0.3794,11.1155,38.364,164.05900000000003,0
1546,21.9424,11.8371,0.3896,-17.5034,54.355,218.819,1
1547,25.2187,21.9403,0.3173,23.5684,32.3326,172.199,0
1548,18.0766,4.9075,0.4709,7.482,22.1043,57.8698,1
1549,13.5577,11.5007,0.4871,15.4472,86.9198,50.9843,1
1550,18.0326,10.7285,0.2972,5.9843,69.938,222.663,1
1551,81.0902,22.5772,0.089,94.7543,1.7041,215.786,0
1552,19.1111,12.3937,0.3004,8.5182,61.988,146.866,0
1553,21.6891,10.3849,0.2923,-17.6826,1.5485,232.154,0
1554,27.8752,9.6675,0.361,21.343000000000004,44.0434,110.704,0
1555,137.2154,24.3122,0.3525,-89.309,9.9849,398.0057,1
1556,99.4896,45.3214,0.0533,84.6158,2.297,308.084,0
1557,54.3242,21.164,0.1218,32.6906,0.3729,178.562,0
1558,21.1346,0.0025,0.4827,12.5949,24.195,126.784,0
1559,137.2811,98.5659,0.038,-152.5099,24.82,73.8507,1
1560,13.8156,10.4351,0.317,2.4167,68.4924,124.7406,1
1561,85.475,28.3802,0.1253,102.19,7.1658,126.571,0
1562,33.055,15.1941,0.1878,22.9021,9.323,178.204,0
1563,19.7541,16.4317,0.2219,18.1879,86.18,130.19299999999998,0
1564,12.898,9.3741,0.4721,-3.665,56.9702,111.7213,1
1565,44.5526,10.1376,0.1897,32.8751,3.077,78.6061,1
1566,42.7979,12.2412,0.3853,-21.3713,15.563,294.668,0
1567,23.9569,0.0,0.3615,0.0,66.733,131.543,0
1568,81.0136,16.0319,0.1576,75.6853,1.364,224.009,0
1569,13.1233,10.9602,0.4152,-4.031000000000001,22.962,171.08599999999998,1
1570,19.9394,7.0015,0.4325,13.8313,31.0284,186.238,0
1571,46.7632,16.9845,0.4021,41.034,74.3218,128.8484,1
1572,27.4363,6.9876,0.3257,-11.8573,63.7379,221.821,1
1573,12.6609,11.7501,0.376,8.378,15.4989,165.812,0
1574,61.8459,21.3827,0.1273,56.5891,1.7009999999999998,206.044,0
1575,26.8372,11.8374,0.2951,22.4304,38.088,221.233,1
1576,36.0031,23.5756,0.1028,-9.2975,34.7344,196.65,1
1577,71.7611,20.1438,0.3197,-47.0656,48.4428,288.6459,1
1578,66.6592,10.6248,0.1893,47.8962,30.1517,235.6867,1
1579,39.6495,26.2355,0.1142,-28.365,19.5495,158.094,0
1580,40.0284,16.5307,0.1842,22.1593,2.184,190.811,0
1581,20.8053,6.9185,0.4321,14.0553,19.327,51.0699,0
1582,29.3319,12.6872,0.2314,-13.8549,28.4935,170.362,0
1583,41.1027,11.8476,0.2119,20.7355,7.067,226.629,0
1584,126.5824,16.622,0.1376,-93.5158,88.0237,201.1536,1
1585,68.8336,19.2094,0.1774,-71.0943,39.6201,130.5655,1
1586,13.8209,12.0625,0.4185,-1.2114,9.7573,193.8257,1
1587,63.5206,24.7702,0.0762,36.2196,6.167999999999999,228.349,0
1588,23.9382,22.147,0.1699,-8.861,3.7058,197.0325,1
1589,61.6932,20.7153,0.1077,35.8305,9.209,203.049,0
1590,69.7979,20.3134,0.1225,-24.53,1.825,274.892,0
1591,77.7764,11.3507,0.1212,-23.5648,45.8326,79.4901,1
1592,22.011,12.1287,0.3112,8.5555,17.602,183.082,0
1593,25.7625,16.629,0.525,18.7862,20.9026,178.7593,1
1594,25.0832,11.5271,0.2781,11.0623,41.3992,234.508,0
1595,77.8674,21.9908,0.0939,73.206,2.451,220.065,0
1596,71.8731,9.8828,0.1917,64.4206,9.1396,198.356,1
1597,25.4364,22.0404,0.2049,12.6192,7.2313,269.442,0
1598,29.0348,20.0742,0.2167,13.5974,54.004,111.163,0
1599,40.7859,18.2538,0.1667,-18.7812,46.7657,162.08100000000002,0
1600,39.1028,14.6241,0.1984,34.5847,5.148,162.31799999999998,0
1601,45.8064,19.5178,0.165,34.423,6.8749,149.3,0
1602,18.4343,17.8717,0.2701,-16.517,71.07300000000001,158.703,1
1603,75.6427,28.926,0.084,-52.6716,17.19,221.961,1
1604,152.9255,112.6234,0.0586,102.5503,67.6091,330.1976,1
1605,86.7474,27.131,0.0853,82.4724,16.624000000000002,218.047,0
1606,22.1525,12.2934,0.3255,12.4521,61.12,185.501,1
1607,19.8632,12.3814,0.2861,11.4313,62.678,96.431,0
1608,51.7553,22.3026,0.1253,36.9232,1.6967,161.275,0
1609,30.7607,13.698,0.2401,22.3039,2.423,180.545,0
1610,62.8811,17.3109,0.2195,-42.8284,60.823,188.301,1
1611,18.1526,15.3072,0.3115,15.8017,22.464,72.0906,0
1612,74.0906,23.1378,0.1349,70.0424,2.0336,250.0983,1
1613,18.5274,10.46,0.287,-8.2959,89.8113,225.561,0
1614,17.703,7.4693,0.5349,2.9853,63.0438,161.55,0
1615,43.3839,29.4361,0.0977,33.509,6.0236,154.749,0
1616,81.9748,33.7368,0.1161,-24.6684,0.9621,312.48900000000003,0
1617,27.5203,11.1225,0.2467,-17.6584,57.6127,151.036,0
1618,32.6603,21.8534,0.1454,-19.3401,19.681,105.747,0
1619,15.1409,7.59,0.4086,15.7032,28.71,230.05,1
1620,38.2907,33.7175,0.1139,-38.2617,83.6828,156.651,0
1621,42.423,15.9965,0.161,21.3706,6.303999999999999,210.963,0
1622,64.054,22.9365,0.2238,-37.1957,4.1447,317.994,0
1623,57.7781,19.0184,0.1395,-22.215,0.5243,193.245,0
1624,92.1716,29.656,0.0741,-83.8979,61.762,96.6803,1
1625,35.0878,18.8217,0.1729,-41.0107,26.1555,75.6824,1
1626,47.76,25.0045,0.1005,34.0779,1.1964,187.651,0
1627,43.2081,22.3084,0.1059,24.7506,3.4828,169.389,0
1628,68.3318,15.8303,0.1621,-44.6009,4.2399,65.3891,1
1629,41.1311,11.8766,0.1749,15.5827,74.6525,83.9431,1
1630,27.1186,11.5379,0.3399,25.3684,8.847000000000001,233.893,1
1631,55.1215,37.8777,0.1038,42.2469,74.454,84.4143,0
1632,23.1587,0.0046,0.3875,15.0322,61.5621,147.73,0
1633,125.282,86.8506,0.1233,-147.0698,88.4434,248.9318,1
1634,35.9225,14.7049,0.1607,-17.4181,2.969,131.39600000000002,0
1635,35.5151,17.6425,0.1905,-32.7277,77.961,128.67600000000002,0
1636,31.7098,13.2999,0.2314,16.9093,6.187,197.297,0
1637,58.0522,38.4821,0.1027,62.3693,32.2508,228.145,1
1638,23.7917,9.0402,0.4771,26.9068,17.5103,142.1093,1
1639,78.0837,49.2125,0.1185,-44.5179,40.6601,354.3756,1
1640,18.2941,10.064,0.3446,-9.7005,87.0857,252.045,0
1641,55.4206,22.9117,0.2157,46.8108,2.0902,295.371,0
1642,111.47,36.4754,0.1114,-81.1925,14.1968,374.977,1
1643,22.3722,9.5392,0.3153,-13.8852,0.3141,168.334,0
1644,43.5404,12.5695,0.2463,14.9656,9.6758,243.076,0
1645,60.0379,19.0161,0.1426,43.8781,4.4858,241.822,0
1646,32.562,11.9144,0.2396,9.9211,76.0223,136.6519,1
1647,25.5407,14.0079,0.3287,-17.8268,25.6547,215.571,0
1648,22.3879,17.2695,0.2667,19.8514,54.7485,121.963,1
1649,15.2694,14.2251,0.3882,27.36,25.7086,78.3652,1
1650,41.7345,24.797,0.1486,-27.2124,62.685,58.6548,1
1651,21.8261,15.8986,0.3017,-5.2501,53.6208,205.3737,1
1652,27.5928,12.1125,0.2807,13.3007,8.947000000000001,129.518,0
1653,28.1556,24.1444,0.1429,-14.2406,74.558,85.3098,1
1654,32.9645,10.633,0.3904,-7.6974,60.9326,100.8557,1
1655,79.1009,13.3864,0.1673,64.4991,3.0091,282.12,0
1656,74.5183,27.013,0.0785,60.4785,0.038,212.207,0
1657,22.4501,11.8352,0.3087,-5.5442,9.0379,124.448,0
1658,164.2,63.4424,0.1345,-135.894,24.194000000000003,307.891,1
1659,24.3125,20.712,0.2036,13.8,8.7061,134.0506,1
1660,29.1214,18.0707,0.2058,21.3682,27.67,170.51,0
1661,35.0512,13.3047,0.2245,-12.2301,23.8234,229.9806,1
1662,142.872,110.85,0.0231,88.068,81.3496,267.828,1
1663,90.4031,38.4807,0.0794,48.2571,1.5824,359.32800000000003,0
1664,26.3868,14.3729,0.2385,21.5081,16.067999999999998,167.917,0
1665,24.8161,22.8524,0.1977,18.0164,42.368,140.985,0
1666,49.1324,22.8572,0.1185,33.6343,3.009,162.406,0
1667,30.6718,22.2139,0.1629,17.4148,27.715,115.389,0
1668,44.7025,17.275,0.1568,31.9774,14.5058,177.162,0
1669,48.6283,12.739,0.2007,35.9481,2.809,251.223,0
1670,109.5866,19.2107,0.1031,79.6084,15.5528,209.4225,1
1671,31.7953,23.8428,0.1594,20.865,44.5254,223.448,1
1672,61.5993,11.4756,0.1467,-26.8287,88.0191,168.3521,1
1673,71.8457,21.0573,0.0984,55.7707,1.9065,265.755,0
1674,31.1873,14.4675,0.2542,-32.5107,89.3476,232.4921,1
1675,334.177,49.3465,0.1589,-297.1717,10.3534,110.5105,1
1676,19.7592,12.1812,0.2989,-11.2892,18.354,182.91,0
1677,25.5628,11.9588,0.4317,21.0834,9.5872,65.6303,1
1678,19.7408,9.6806,0.3249,-9.5585,57.0635,195.445,0
1679,51.7157,24.1009,0.0938,36.5354,10.8389,167.0,0
1680,184.224,165.886,0.0448,93.8146,3.7745,70.1499,1
1681,73.2948,42.3194,0.1006,68.5967,8.681000000000001,234.399,0
1682,190.677,74.6928,0.1135,153.349,72.5933,369.048,1
1683,136.3197,30.3326,0.2868,-66.661,24.2187,286.986,1
1684,30.8869,14.5951,0.24,16.340999999999998,9.0144,120.91,0
1685,21.5706,15.7057,0.2313,-10.4165,44.497,122.371,0
1686,17.4792,7.4648,0.5473,-1.2056,58.5483,201.84,1
1687,157.593,41.2913,0.1343,-127.2428,23.5014,265.9097,1
1688,46.507,11.2989,0.3691,40.0369,13.3338,105.453,0
1689,97.7809,31.7577,0.0635,87.5724,0.3308,267.293,0
1690,80.0851,62.6578,0.0693,-55.2142,83.2848,221.9228,1
1691,65.3574,22.3483,0.1601,-31.2444,4.874,272.68,0
1692,102.044,47.8929,0.1271,94.5201,49.9828,195.345,1
1693,31.749,20.9261,0.1773,-26.8058,31.811,185.86900000000003,1
1694,26.8792,9.6096,0.2688,19.9114,14.7135,150.19299999999998,0
1695,30.9135,9.955,0.2777,15.7383,2.0623,114.789,0
1696,84.2719,28.9583,0.2093,-80.5427,14.638,318.129,1
1697,72.656,21.7885,0.1294,78.3007,11.6577,140.96200000000002,0
1698,29.4022,12.1375,0.2058,21.1296,75.255,179.52900000000002,1
1699,60.5854,23.5482,0.1324,-10.4143,1.557,282.594,0
1700,23.7968,10.9023,0.2635,19.317,33.5063,233.441,0
1701,25.4704,16.0388,0.2565,16.0959,9.761,116.668,0
1702,25.6327,15.7198,0.2521,-17.6082,0.5897,93.9143,0
1703,53.1566,51.1045,0.1085,-36.0401,52.025,91.5956,1
1704,132.79399999999998,56.7609,0.0851,159.265,68.8075,162.143,1
1705,242.625,48.0852,0.063,-243.154,28.1069,269.357,1
1706,99.002,19.0898,0.0899,96.8998,0.2269999999999999,245.034,0
1707,13.3126,10.5973,0.4161,3.4081,10.9867,150.746,1
1708,103.407,64.4265,0.0349,64.3895,74.192,159.135,1
1709,90.4882,27.071,0.0591,-42.0916,76.619,91.3089,1
1710,108.3936,20.7227,0.1438,65.983,50.8906,109.1835,1
1711,40.4929,8.5856,0.2632,28.3745,35.674,132.52200000000002,0
1712,42.6022,16.2177,0.1408,-20.4591,9.8372,217.43400000000003,0
1713,111.2775,22.5168,0.1717,98.4562,12.9869,203.8885,1
1714,29.624,22.561,0.1375,18.0119,1.1537,120.834,0
1715,163.7803,43.5652,0.1637,-51.1658,62.4728,302.7105,1
1716,91.6993,42.7846,0.064,51.3861,1.9921,346.23900000000003,0
1717,189.7987,159.8219,0.0208,-145.4092,84.8232,213.6914,1
1718,47.8281,19.7515,0.1289,34.306,3.53,244.304,0
1719,69.4989,15.3852,0.2923,60.3971,4.266,255.814,0
1720,37.5974,13.5298,0.3285,-8.699,13.599,173.08,0
1721,24.3343,15.0848,0.1625,11.697,31.844,178.1996,1
1722,21.8272,6.5965,0.4475,14.4944,15.2163,48.9611,1
1723,205.9707,61.8022,0.1337,-163.3736,21.546,273.9756,1
1724,124.629,59.6147,0.1109,154.542,25.1567,53.4596,0
1725,12.8396,11.4267,0.4122,-8.261000000000001,36.706,103.242,1
1726,26.7106,13.2326,0.2603,13.2217,10.5863,190.408,0
1727,25.2252,19.1098,0.1901,-13.8865,2.5580000000000003,238.888,0
1728,21.6558,12.2628,0.3117,17.3251,17.935,173.668,0
1729,31.0838,26.4671,0.1751,22.7429,22.6709,31.7618,0
1730,55.3415,14.36,0.1858,42.1057,6.1169,275.462,0
1731,38.439,15.0891,0.1608,33.4627,16.4293,162.329,0
1732,136.642,24.982,0.1505,134.03799999999998,3.8026,271.822,1
1733,33.954,20.0717,0.1594,-29.0379,1.9921,195.102,0
1734,46.5574,32.966,0.1063,60.839,30.919,86.3622,0
1735,40.4156,17.715,0.1342,-16.5241,0.8645,235.717,0
1736,239.0615,74.374,0.103,-229.1302,58.3789,277.9154,1
1737,52.5737,17.3361,0.2752,-21.1076,3.9385,313.168,0
1738,197.588,45.0482,0.0695,-184.079,55.245,321.873,1
1739,63.8128,26.2233,0.1088,46.5522,1.919,284.652,0
1740,36.833,11.2362,0.2593,-26.9328,8.762,199.204,0
1741,28.643,18.2119,0.1578,-6.3293,9.43,181.171,0
1742,33.2159,18.4372,0.2486,30.7272,54.1425,249.581,1
1743,19.9501,7.3538,0.4074,8.3658,4.317,207.426,0
1744,126.5,110.3594,0.073,62.8116,49.4252,373.9664,1
1745,225.4409,100.2957,0.0218,-217.1294,71.7122,363.55,1
1746,27.2009,18.3391,0.1627,17.4997,22.4299,134.27700000000002,0
1747,48.7723,17.1093,0.1302,47.7937,0.4639999999999999,215.603,0
1748,25.4562,19.7935,0.2372,-15.6275,0.2694,142.248,0
1749,216.4995,57.9507,0.1273,-287.5067,16.6904,294.9818,1
1750,64.3699,20.7244,0.1258,41.7337,3.675,237.681,0
1751,12.7102,11.6825,0.3767,-7.5235,58.6479,119.839,0
1752,176.5893,35.1667,0.1274,139.438,61.0423,269.4455,1
1753,24.1494,7.9715,0.2614,19.6317,52.3185,219.0456,1
1754,21.8714,6.6133,0.4403,14.1097,37.4338,122.634,0
1755,101.9311,71.3216,0.0595,91.835,4.4578,30.9511,1
1756,162.78,44.8181,0.0513,77.7034,86.9108,131.83,1
1757,59.2399,53.0801,0.0852,22.8886,20.0986,128.489,1
1758,105.459,45.7602,0.1051,42.2607,5.9458,257.376,1
1759,248.9492,148.5661,0.0896,-187.2004,36.9646,305.885,1
1760,35.3773,16.9702,0.1929,16.8164,0.2798,214.921,0
1761,16.4178,11.3364,0.3744,5.9175,65.558,197.513,0
1762,26.3861,15.1486,0.2447,21.5488,52.18,211.481,1
1763,23.3073,17.421,0.2608,4.4608,2.7033,218.544,0
1764,18.5741,11.4615,0.3624,30.6896,18.9933,210.5246,1
1765,24.9571,8.7742,0.3715,7.7959,83.5747,173.35,1
1766,60.8599,35.3517,0.1139,23.5633,11.2415,254.936,1
1767,71.6908,18.707,0.193,47.0353,54.6369,225.6479,1
1768,97.8451,71.0672,0.1043,109.338,39.4871,312.582,1
1769,149.998,20.3267,0.2535,96.4835,12.27,73.91199999999999,1
1770,23.7883,14.4309,0.3043,17.7972,14.005999999999998,149.888,0
1771,201.83900000000003,111.421,0.0193,42.0431,81.7447,303.908,1
1772,39.0281,9.4129,0.2151,20.8016,31.528,160.542,1
1773,37.8536,11.4768,0.3052,20.4481,25.2228,187.9303,1
1774,227.0703,80.096,0.1331,-198.7741,52.5227,220.4276,1
1775,29.5321,13.4738,0.2152,13.5948,79.375,196.192,1
1776,18.4027,10.4547,0.3035,9.5044,9.228,182.003,0
1777,128.925,28.6977,0.0843,132.639,78.9237,162.898,1
1778,98.8461,87.0021,0.0372,82.852,85.8396,245.4964,1
1779,41.6134,29.3052,0.2375,-26.7427,18.278,284.594,0
1780,28.5676,18.562,0.1837,14.949000000000002,8.016,181.981,0
1781,12.8436,9.5118,0.5889,9.429,54.42100000000001,165.433,1
1782,27.8161,10.0825,0.3589,3.1957,55.5221,132.0225,1
1783,62.2522,21.1889,0.1536,47.3335,3.375,268.30400000000003,0
1784,16.1801,11.5463,0.3756,-3.1912,11.282,212.609,0
1785,95.6728,37.2822,0.0979,50.6607,6.4531,309.49,0
1786,18.412,7.886,0.3414,5.544,12.3364,66.5066,1
1787,18.336,10.3094,0.3272,8.2036,68.2545,62.5226,1
1788,107.571,37.1208,0.3044,-60.3208,24.561,322.381,1
1789,19.9786,9.2008,0.4283,14.4521,78.2768,32.3245,1
1790,19.7823,2.9411,0.2869,11.2428,13.8023,203.5862,1
1791,113.272,20.0224,0.2497,87.7489,42.59,234.418,1
1792,30.0762,22.9146,0.1564,-10.6861,44.017,124.942,0
1793,37.8414,14.444,0.2886,24.8328,74.1629,212.585,1
1794,21.9771,6.7315,0.3913,10.5652,42.9804,172.796,0
1795,23.686,16.7064,0.2422,19.839,23.211,108.462,0
1796,30.3024,7.31,0.2085,16.6769,52.9268,217.0004,1
1797,71.9776,16.3179,0.2028,12.8232,27.5406,267.506,1
1798,91.2356,24.8769,0.2497,-95.4027,13.5704,169.30599999999998,1
1799,79.4951,21.6109,0.1337,86.586,0.3713,290.988,0
1800,57.0817,10.2222,0.1669,20.4414,46.7688,245.6626,1
1801,38.9533,13.99,0.1633,29.4408,3.3160000000000003,210.401,0
1802,204.3035,33.0586,0.2006,153.2959,49.3124,134.7812,1
1803,19.5849,11.5497,0.45,20.133,11.428,169.578,0
1804,41.6677,11.2586,0.2339999999999999,-23.8045,38.31,237.352,1
1805,161.4795,83.0297,0.1515,-198.7053,86.6275,311.6682,1
1806,15.963,9.1221,0.5093,-1.317,43.271,208.3608,1
1807,27.7507,7.6265,0.3115,14.0161,15.261,80.8787,0
1808,79.6635,31.8723,0.0765,72.0524,1.735,245.075,0
1809,61.0956,31.4648,0.0952,46.7498,6.513999999999999,210.412,0
1810,23.0903,4.6362,0.3617,-10.2799,46.6873,39.3271,1
1811,129.67600000000002,31.0196,0.0871,105.713,47.531000000000006,187.569,1
1812,30.8779,10.6009,0.2483,12.3272,40.5255,143.227,0
1813,43.5601,20.6568,0.1795,-21.7925,10.6667,146.2745,1
1814,87.5886,35.4168,0.1166,32.1032,48.6116,264.632,1
1815,29.9762,7.5209,0.2899,-11.8384,53.211000000000006,188.178,0
1816,41.3879,8.8863,0.2549,27.8504,15.616,81.6753,1
1817,137.881,73.0254,0.1193,129.214,75.4894,256.439,1
1818,126.6906,35.1435,0.143,97.9527,65.8786,90.5509,1
1819,25.5941,0.0,0.4441,0.0,61.1232,107.596,0
1820,34.475,23.8176,0.1731,22.2381,22.7149,171.405,0
1821,42.0674,22.097,0.1305,-39.5615,62.159,96.4143,1
1822,46.2745,12.6688,0.2213,0.2719,66.6513,91.3386,1
1823,63.2711,17.3787,0.1512,27.9478,7.7662,223.98,0
1824,78.6562,39.4167,0.1209,49.7004,46.6821,314.058,1
1825,71.8778,28.5078,0.0767,59.1356,0.2039,250.145,0
1826,112.412,22.4074,0.1402,39.0389,1.949,315.411,0
1827,33.0297,22.9053,0.166,23.1577,20.0384,138.504,0
1828,30.6525,18.9983,0.2028,13.7714,37.007,27.187,0
1829,81.2862,14.7447,0.212,61.5228,4.129,274.555,0
1830,68.343,46.2474,0.1473,-44.7073,32.202,450.953,1
1831,24.1474,18.3882,0.2063,-24.4927,19.7721,103.4157,1
1832,46.7996,28.0491,0.0975,35.179,18.651,155.62,0
1833,66.6341,42.3225,0.0603,-46.8843,32.1001,218.234,1
1834,32.5053,16.5006,0.2444,23.901,6.4812,161.8442,1
1835,33.1485,26.1488,0.1262,-16.0514,38.817,196.181,0
1836,29.8203,14.3003,0.1988,-15.6367,17.7272,200.326,0
1837,18.9358,17.9101,0.308,-10.9451,78.822,100.036,0
1838,31.9741,13.4303,0.2198,19.9279,7.192,161.501,0
1839,28.4792,24.3384,0.3379,-21.9428,11.0181,314.871,0
1840,23.3777,1.4962,0.4769,2.0856,81.7357,137.2634,1
1841,25.7797,13.7355,0.26,-11.75,55.1534,190.891,0
1842,84.8561,45.2814,0.1351,-69.8309,19.928,278.961,1
1843,24.6014,12.8664,0.2985,19.5657,22.821,216.952,0
1844,45.5931,19.0426,0.1529,24.091,14.1587,114.6499,1
1845,39.1089,6.8629,0.3163,15.1466,55.6005,153.1258,1
1846,21.5372,15.7724,0.2937,14.5723,5.69,88.5483,0
1847,32.7713,26.2507,0.1384,19.2363,9.8641,90.1305,1
1848,61.4084,21.9226,0.1128,35.5709,0.6397,265.651,0
1849,86.9004,23.8869,0.1887,-59.6391,1.2007,358.277,0
1850,64.3483,31.637,0.0759,59.7345,14.2235,163.92,0
1851,46.3814,8.7167,0.1479,25.7737,26.0663,220.6111,1
1852,76.14699999999999,20.8049,0.1271,78.2,3.1904,220.116,0
1853,109.8239,66.32600000000001,0.068,40.6639,5.3459,296.3339,1
1854,17.7663,11.9747,0.3272,24.6656,34.3547,232.347,1
1855,225.988,62.4182,0.0369,-124.494,89.7382,226.422,1
1856,39.2624,15.3924,0.2022,-28.4833,69.96600000000001,239.6796,1
1857,16.5575,9.0688,0.307,12.7325,22.7032,71.2735,1
1858,97.7238,23.5901,0.2194,55.8828,15.162,224.241,0
1859,160.7656,49.3641,0.0895,104.7258,19.1125,192.0418,1
1860,20.9663,12.7298,0.2141,5.9588,47.8491,218.66,0
1861,23.6759,16.0355,0.1975,-11.8603,3.9228,98.0092,0
1862,25.5185,24.4129,0.2018,-18.6764,79.439,176.81400000000002,1
1863,33.2984,13.1378,0.2867,24.3311,14.854,179.514,0
1864,77.1905,26.8979,0.1503,44.7733,2.6210000000000004,295.754,0
1865,24.0108,17.2422,0.244,19.4721,67.1405,142.836,1
1866,51.5731,25.2638,0.0914,40.4314,3.174,235.107,0
1867,13.1446,10.0064,0.5275,7.8856,7.9436,143.109,1
1868,88.4421,18.0686,0.1641,73.5904,2.1049,228.522,1
1869,36.8982,17.8886,0.1378,-22.5835,73.3871,213.9346,1
1870,19.0166,10.2006,0.2789999999999999,-6.1335,68.8859,145.365,0
1871,39.6656,10.1886,0.2031,31.9409,73.7519,165.8586,1
1872,20.0073,12.8554,0.2747,-6.0294,58.573,131.905,1
1873,114.631,103.011,0.098,70.8967,75.4664,55.9936,1
1874,44.3948,11.0711,0.2317,32.6147,1.465,185.662,0
1875,30.8286,8.7743,0.2995,-16.9847,31.947,224.019,1
1876,38.2724,15.6283,0.2235,24.2217,0.3779999999999999,271.433,0
1877,42.631,12.4292,0.1777,-27.0938,80.4706,242.436,1
1878,55.2401,25.4326,0.1227,40.7969,8.2751,270.904,0
1879,41.9813,18.8544,0.1247,-20.9564,6.311,227.871,0
1880,87.1492,31.4836,0.0808,54.1411,0.901,277.526,0
1881,20.8748,10.015,0.3595,15.6924,47.878,113.65,0
1882,13.0171,11.0189,0.4432,6.0922,2.5667,144.364,0
1883,171.5051,64.5524,0.0466,145.4257,40.1469,264.1398,1
1884,25.9153,15.4458,0.3239,-22.1741,42.9788,71.3384,0
1885,39.0881,27.0886,0.1639,-26.6065,43.0747,76.7265,0
1886,28.771,10.1493,0.2905,19.2467,50.347,57.9541,1
1887,16.7101,10.8676,0.4005,6.5996,2.0198,179.312,0
1888,80.8604,19.5553,0.2609,46.2738,2.7880000000000003,257.499,0
1889,33.8967,6.7047,0.2171,28.5768,7.2252,251.7303,1
1890,201.588,73.0943,0.092,-82.46,83.6042,257.416,1
1891,33.4503,21.3933,0.1795,-16.1055,35.894,234.712,1
1892,112.59,26.2761,0.1241,122.767,27.068,150.129,0
1893,22.6484,19.5177,0.2523,-10.6297,82.4452,130.113,0
1894,30.4808,28.0867,0.1048,28.0849,41.3919,224.0925,1
1895,80.4535,28.99,0.1148,94.1508,14.203,269.319,0
1896,18.5474,12.729,0.3073,-10.2254,55.764,142.701,0
1897,38.869,16.4441,0.1364,-14.2822,3.008,120.348,0
1898,92.4258,24.9458,0.1552,79.9403,1.4029,215.52,0
1899,33.2179,17.2895,0.2086,3.591,42.1742,210.5265,1
1900,63.6936,25.9812,0.1232,54.3458,2.844,285.506,1
1901,159.654,62.1215,0.0628,-125.142,88.0923,225.399,1
1902,147.469,57.9305,0.1589,-150.179,57.359,282.838,1
1903,201.025,23.3546,0.2201,-179.588,16.924,86.1992,1
1904,53.423,9.3966,0.1822,35.4342,59.8563,237.4342,1
1905,29.279,16.1532,0.2381,21.0419,12.1098,95.4989,1
1906,156.02700000000002,117.959,0.0393,-185.515,40.085,329.31699999999995,1
1907,70.2697,17.3377,0.1748,23.8731,36.7882,136.4736,1
1908,136.12,89.0053,0.0463,94.6803,67.661,365.658,1
1909,30.8845,17.3793,0.2469,27.5615,10.2947,141.498,0
1910,43.4086,20.6484,0.2338,37.8256,3.7211,241.6005,1
1911,13.2724,10.3694,0.4729,-5.982,29.068,176.78,0
1912,69.3556,31.9822,0.1744,-42.0622,7.6304,289.286,1
1913,30.0509,18.1886,0.171,24.0208,1.293,114.611,0
1914,25.5677,13.9963,0.2783,12.6384,5.282,271.324,1
1915,16.5073,11.5561,0.3237,-3.5917,0.444,130.239,0
1916,27.8545,8.0432,0.2922,16.6641,64.398,182.43,1
1917,24.8368,14.4621,0.2321,17.2153,6.437,161.127,0
1918,35.2056,17.0257,0.1472,22.2628,10.463,251.915,0
1919,18.5127,9.9386,0.3939999999999999,13.1938,40.251,93.4196,0
1920,27.7118,2.2078,0.4716,20.2097,53.0785,190.6358,1
1921,154.961,96.2104,0.0293,-149.637,89.8408,280.251,1
1922,43.1516,12.786,0.198,40.9672,48.753,135.946,1
1923,96.7805,24.1303,0.1586,69.9784,5.468,243.318,0
1924,36.497,17.5773,0.2242,-29.5803,5.526,175.28099999999998,0
1925,60.1637,11.2194,0.2532,68.1764,31.8311,223.4356,1
1926,106.332,35.0174,0.2452,-115.38,7.763999999999999,360.895,1
1927,194.348,81.9078,0.115,-258.154,31.156,204.381,1
1928,81.3711,19.5602,0.147,56.0385,0.6543,320.444,0
1929,26.0313,19.0356,0.1939999999999999,-21.0507,4.437,162.58700000000002,0
1930,41.2937,12.6744,0.181,-30.0301,5.153,174.05200000000002,0
1931,50.2174,24.4917,0.1492,35.4407,21.809,101.7,1
1932,17.9229,9.1936,0.4539999999999999,-14.0817,75.3281,98.9688,1
1933,20.0717,7.297000000000001,0.3958,9.9348,71.524,177.989,0
1934,82.8408,25.3962,0.0899,76.1592,7.551,254.594,0
1935,16.7618,7.1765,0.5729,6.7219,18.9207,189.14,0
1936,62.8329,18.5583,0.1652,46.1448,6.4855,234.326,0
1937,76.1339,24.7208,0.1739,-38.5857,49.9476,217.86900000000003,1
1938,54.6166,26.2752,0.0969,48.0093,3.491,179.773,0
1939,65.6681,29.529,0.178,-40.0109,9.9265,286.931,0
1940,32.2149,15.4123,0.1987,13.1673,2.9064,224.67,0
1941,13.3231,10.6018,0.3979,-1.8627,29.159,119.778,0
1942,30.1127,12.3727,0.2,18.7213,23.856,202.592,0
1943,85.6317,32.1401,0.1484,76.9972,55.5014,157.226,1
1944,66.9687,27.0649,0.1576,27.9785,2.619,313.464,0
1945,19.6663,6.9833,0.4369,13.8156,21.319000000000003,109.869,0
1946,46.2067,6.388999999999999,0.2973,37.3093,47.6534,195.95,1
1947,65.6585,27.9322,0.1546,50.2457,11.6762,293.853,0
1948,30.3863,20.3905,0.1895,40.9309,66.8196,148.8942,1
1949,57.8911,22.2757,0.1435,-36.4026,8.217,193.871,0
1950,32.8146,16.7002,0.1797,21.9391,15.0767,148.192,0
1951,53.9172,21.0162,0.0945,30.1836,0.6112,243.698,0
1952,33.1404,16.3341,0.2071,26.0079,22.533,170.77,0
1953,33.7643,12.7435,0.2124,-7.3294,59.3151,194.312,1
1954,24.4189,7.6296,0.3755,-13.6852,25.8956,121.145,1
1955,158.031,49.8927,0.1518,-161.167,32.9065,380.702,1
1956,32.6861,18.6169,0.1802,16.0696,12.576,156.25,0
1957,52.1417,51.7241,0.1266,48.8939,6.2682,221.9544,1
1958,18.1425,10.2526,0.3583,-6.9998,52.4446,220.225,1
1959,52.9757,29.9201,0.089,39.6224,47.95399999999999,191.008,0
1960,113.164,35.688,0.0917,55.708,8.8474,234.229,0
1961,34.3489,18.4068,0.1743,5.2732,8.3993,207.846,0
1962,35.8767,20.4244,0.1415,25.2081,3.3480000000000003,129.844,0
1963,51.5943,20.6735,0.1338,45.3766,10.02,226.162,0
1964,30.2009,16.4833,0.213,-22.6476,8.7445,188.9037,1
1965,40.0572,16.2294,0.1799,26.2948,17.8954,205.21,0
1966,33.2471,27.8652,0.1244,-18.4061,87.3749,41.6044,0
1967,76.2706,22.3676,0.1213,72.7309,7.539,230.045,0
1968,41.5423,17.4376,0.1535,22.0939,64.8607,207.2207,1
1969,212.7638,82.92,0.0008,-182.4259,9.5929,155.0509,1
1970,34.912,17.5311,0.1939999999999999,-26.3934,5.485,223.612,0
1971,23.6609,15.3561,0.2821,-12.8861,15.2553,197.118,0
1972,70.6634,26.8643,0.0969999999999999,44.3627,30.316,78.655,1
1973,56.6694,17.9775,0.1283,56.5003,16.9157,251.415,0
1974,139.7547,48.7106,0.1066,98.3826,7.167999999999999,192.7888,1
1975,66.3383,22.4013,0.1076,62.9503,7.3766,234.659,0
1976,17.3058,0.4794,0.5221,3.779,80.4582,76.6652,1
1977,19.9188,12.9088,0.272,-6.7813,61.162,155.463,0
1978,220.728,33.6722,0.0572,165.442,71.0839,24.9837,1
1979,102.26,68.7814,0.0664,-64.1392,32.6299,345.222,1
1980,28.6793,7.9675,0.3139,18.8419,36.4032,202.981,0
1981,74.2393,23.5248,0.0837,68.1582,3.5078,165.9,0
1982,23.5514,9.0361,0.4133,8.3462,25.6299,176.581,0
1983,69.6536,32.811,0.1042,-54.0003,4.42,247.971,1
1984,4.2835,3.887,0.6158,4.5045,21.7552,229.9191,1
1985,52.6766,11.9255,0.3112,44.596,2.992,265.238,0
1986,46.2842,25.4463,0.089,19.3928,5.452000000000001,181.334,0
1987,25.7531,10.5474,0.3082,19.1897,42.2302,225.413,0
1988,44.1417,8.5596,0.292,42.5202,14.1118,225.808,1
1989,35.8011,19.4776,0.1594,20.2131,6.5,241.092,0
1990,59.349,29.9655,0.0947,50.3214,70.587,217.53,1
1991,87.8129,32.4592,0.1155,-47.1027,0.3878,363.262,0
1992,118.862,27.3853,0.0873,46.7919,1.5122,308.963,0
1993,33.2899,19.0664,0.1672,18.6582,14.19,215.749,0
1994,82.6957,14.9488,0.1061,36.1808,65.25,173.01,1
1995,23.9862,0.0,0.3649,12.7783,25.6257,180.219,0
1996,19.5992,9.4707,0.384,-12.9727,46.534,121.372,0
1997,20.2427,6.8375,0.4634,15.0587,22.9125,169.265,0
1998,102.704,28.4177,0.1162,74.9095,1.4659,318.44,0
1999,18.0358,8.7369,0.2898,-8.416,83.4883,162.4455,1
2000,77.6016,25.8625,0.0895,-23.5197,4.629,275.341,0
2001,20.8382,10.2682,0.3356,-15.9238,86.8812,222.986,1
2002,192.2916,134.6957,0.0547,-159.2003,60.3793,329.0259,1
2003,27.5744,12.4088,0.257,11.3264,4.591,213.687,0
2004,118.6522,26.0549,0.096,63.2108,60.3731,239.068,1
2005,20.0302,9.8235,0.4791,16.3175,24.3,177.565,1
2006,50.1872,27.6518,0.096,53.802,17.073,93.8376,0
2007,143.55200000000002,32.3746,0.0754,72.2956,65.337,268.103,1
2008,155.5731,99.8859,0.0047,-99.744,38.281,224.9873,1
2009,181.225,53.0495,0.0642,-107.855,52.84,329.767,1
2010,19.3306,12.252,0.2769999999999999,14.723,80.6287,112.5059,1
2011,22.8962,8.6891,0.4265,25.2332,40.9458,99.6347,1
2012,28.1264,22.3366,0.1981,22.5345,56.248000000000005,22.5963,0
2013,21.518,12.2329,0.4248,0.9592,64.1865,250.4352,1
2014,66.4031,32.2578,0.071,48.7189,9.4551,224.235,0
2015,13.0212,10.0513,0.5398,7.7178,11.8418,208.115,0
2016,36.5576,21.8014,0.1712,24.7698,5.614,178.317,0
2017,68.4131,22.3063,0.1138,51.6702,1.1476,235.367,0
2018,32.4319,10.4433,0.2154,-22.6039,13.611,138.208,0
2019,52.1044,17.2225,0.2037,52.6747,5.8345,263.582,0
2020,24.1205,10.5165,0.3194,-24.4579,81.1395,78.7636,1
2021,29.8236,17.7577,0.2085,21.8454,28.5766,102.235,0
2022,140.227,74.6445,0.0509,-92.4478,10.207,331.791,1
2023,91.8196,28.9136,0.0822,56.8652,85.3089,31.7783,1
2024,17.9905,16.5548,0.3094,-8.8554,49.2399,41.6891,1
2025,90.4367,82.5906,0.213,-116.6638,46.163,363.0987,1
2026,246.179,101.178,0.0725,-149.52,33.491,193.375,1
2027,90.1763,13.9634,0.2988,-54.2293,1.523,410.94,0
2028,21.0532,10.5069,0.3176,17.2358,2.989,181.272,0
2029,38.9566,14.1448,0.384,-32.9909,17.0214,314.7395,1
2030,164.2923,72.6052,0.1572,156.2367,8.7457,244.743,1
2031,21.6779,11.9886,0.3133,-6.9223,17.768,79.6969,0
2032,53.5918,19.0069,0.2239999999999999,42.2336,78.558,103.785,0
2033,42.9959,18.7045,0.1394,19.9961,2.045,198.223,0
2034,24.5954,11.1363,0.2973,-12.7341,46.742,114.235,1
2035,52.179,6.0128,0.149,-44.2395,89.1295,182.6925,1
2036,99.1059,51.2927,0.0491,57.9732,37.1652,281.1467,1
2037,13.1486,10.7687,0.4483,-2.4687,70.3187,189.83900000000003,0
2038,19.7918,4.9201,0.5206,-14.1942,23.5772,132.5831,1
2039,121.5675,29.0624,0.1543,-69.814,21.5078,331.8356,1
2040,72.3771,24.6175,0.0979,71.0401,7.0799,297.31,0
2041,47.4705,14.2477,0.2067,-25.0402,20.5946,224.3131,1
2042,123.935,58.3488,0.1709,-86.5982,20.4454,152.57299999999998,1
2043,21.244,6.8975,0.415,-13.1668,49.217,232.935,0
2044,62.7921,25.7291,0.1187,57.4163,2.477,223.414,0
2045,26.6998,14.2176,0.2917,-10.4176,41.4532,245.108,1
2046,22.2142,10.9289,0.304,-18.3342,23.936,110.033,0
2047,29.0556,6.6593,0.2917,-15.047,11.7655,72.0769,0
2048,16.7945,10.1567,0.3899,-3.9097,47.2783,66.759,1
2049,27.6918,9.9536,0.2412,21.0871,2.0797,113.551,0
2050,26.3469,16.3506,0.1871,21.3861,11.3556,142.128,0
2051,38.9376,19.3007,0.1341,28.2634,15.1288,137.406,0
2052,105.973,21.1594,0.1004,99.862,0.221,278.524,0
2053,54.3629,35.4866,0.2041,-63.014,82.2071,147.55100000000002,1
2054,20.9074,7.1656,0.3524,4.468999999999999,45.8552,223.063,1
2055,167.3657,123.4549,0.0913,94.8311,74.8187,257.4338,1
2056,47.1551,17.3828,0.1462,-14.8091,1.221,217.515,0
2057,19.864,17.709,0.2692,6.99,87.7425,213.5278,1
2058,216.945,88.3373,0.0788,-146.366,75.5752,202.6111,1
2059,60.4279,15.5356,0.1812,34.2324,19.428,286.138,1
2060,39.4741,9.3826,0.2461,22.3131,78.4692,91.9059,1
2061,27.6058,6.9573,0.3125,14.8442,13.386,203.443,0
2062,71.9537,29.1003,0.1388,57.3965,5.185,318.982,0
2063,214.4246,25.0263,0.1527,217.624,18.6414,110.4345,1
2064,41.8223,14.649,0.2279,-43.6565,50.4377,101.476,1
2065,84.4905,16.6629,0.1987,56.4396,4.687,297.552,0
2066,101.1282,38.8295,0.1022,63.5524,48.6122,205.6906,1
2067,27.0711,15.1222,0.2549,18.2147,41.5118,104.732,0
2068,25.0197,12.4496,0.3747,-10.3255,17.5291,174.9723,1
2069,38.9482,17.256,0.1754,13.8432,26.7113,151.616,0
2070,33.9655,10.7787,0.2194,-22.5319,57.9723,202.3466,1
2071,26.0211,9.5427,0.2883,11.2665,10.2299,144.92600000000002,0
2072,31.8864,10.1448,0.21,-24.0132,3.739,167.248,0
2073,21.7439,6.3074,0.504,16.8273,11.6322,177.398,0
2074,171.0088,60.9908,0.1214,194.6039,49.181,65.2621,1
2075,26.4641,9.3851,0.2767,18.7226,8.4593,136.36700000000002,0
2076,60.0859,26.5143,0.1139,-46.7316,51.2616,63.3376,0
2077,112.373,34.0878,0.0707,69.8675,4.9835,286.426,0
2078,78.4183,33.0725,0.0686,54.1325,86.7505,157.3166,1
2079,40.6834,17.0578,0.1805,32.8445,18.706,143.89,0
2080,17.916,10.1641,0.3536,8.2643,10.0018,221.9027,1
2081,47.8005,9.9435,0.3115,-36.2118,15.9265,327.6241,1
2082,59.489,14.529000000000002,0.1637,54.2408,1.534,228.377,0
2083,18.633,12.9542,0.2932,-10.393,58.2819,192.35,0
2084,167.8149,72.9064,0.0999,-165.3907,68.6292,380.4525,1
2085,22.0013,12.1864,0.3319,15.6685,52.2402,98.7123,0
2086,12.7643,11.5499,0.4071,9.2301,58.644,70.2597,0
2087,36.3397,14.2992,0.1717,-19.0536,5.053,221.836,0
2088,17.7798,8.392000000000001,0.5535,-11.4127,86.1352,213.33,1
2089,45.6772,38.5585,0.0776,37.063,61.987,134.4,0
2090,37.9196,11.3547,0.2591,29.8032,78.8367,215.403,1
2091,106.456,83.5168,0.0573,-73.8359,67.316,365.016,1
2092,75.3101,14.2662,0.1337,80.4605,57.7601,216.4132,1
2093,88.2236,71.8038,0.1072,74.9546,53.8456,350.8812,1
2094,15.2086,11.7373,0.3755,13.0381,10.8112,112.9398,1
2095,80.0996,33.8202,0.1412,25.1281,0.8537,352.474,0
2096,49.7083,11.6316,0.2212,19.8425,74.3395,225.3599,1
2097,87.7092,28.2261,0.1511,-69.33,0.5537,422.435,0
2098,28.0209,18.9925,0.1711,-14.9509,27.3043,89.7217,0
2099,31.4029,12.3502,0.275,10.0746,55.708,190.647,0
2100,29.7423,23.5505,0.1636,-16.5257,32.6827,53.2158,0
2101,64.0183,26.8934,0.1072,47.5424,2.9665,171.31900000000002,0
2102,58.9729,17.8925,0.1394,19.828,52.351000000000006,217.069,1
2103,39.0077,14.1279,0.2057,-27.1715,76.406,273.704,1
2104,23.3262,5.2021,0.4347,11.5706,53.8693,188.3484,1
2105,24.8648,11.9402,0.3586,17.5205,21.252,207.42,0
2106,102.416,29.5979,0.088,61.0851,7.5904,283.61,0
2107,35.8815,16.4234,0.1978,-12.3575,12.4385,166.373,0
2108,53.4322,35.9845,0.0866,44.0333,83.8183,149.108,1
2109,31.3912,14.3425,0.2811,-19.2248,5.4551,250.313,0
2110,27.8745,14.7574,0.3097,26.1578,4.331,205.245,1
2111,17.3469,11.008,0.3317,6.7319,62.825,218.814,1
2112,27.3044,7.4979,0.3617,-6.131,19.817,171.72099999999998,0
2113,50.8922,27.031,0.1263,-8.3297,11.901,173.046,0
2114,88.6132,53.2073,0.0982,-73.2739,59.808,306.821,1
2115,41.658,14.2577,0.2081,38.6242,51.8428,228.2805,1
2116,34.6256,18.2765,0.2249,41.5082,87.7929,139.0769,1
2117,63.2845,24.5762,0.1352,37.2536,4.104,278.338,0
2118,19.2593,15.2488,0.239,11.1513,20.745,88.9016,1
2119,21.081,7.1133,0.3416,-4.9562,61.098,216.558,0
2120,74.9343,58.4397,0.1213,52.4519,17.7354,355.6629,1
2121,36.5246,17.3273,0.1733,22.5929,7.542999999999999,177.865,0
2122,30.4868,20.7481,0.1699,17.3659,15.813,163.153,0
2123,77.8551,47.3813,0.1045,50.4368,10.316,331.963,0
2124,32.889,0.4838,0.2626,1.9906,21.5094,214.2911,1
2125,29.4301,15.8254,0.2082,31.2613,0.9533,221.9073,1
2126,49.0571,18.3374,0.1631,31.1661,0.025,202.8408,1
2127,78.0948,30.7423,0.1613,54.3601,53.9914,283.0713,1
2128,21.3167,15.0827,0.2343,-10.1243,4.7988,160.485,0
2129,54.4918,16.8496,0.1218,26.341,1.705,216.318,0
2130,29.4828,19.2696,0.1757,2.8039,16.0832,127.5573,1
2131,29.7394,12.7377,0.2357,-16.0293,18.274,110.376,0
2132,19.2317,9.98,0.3259,-10.2799,64.37899999999999,66.1449,1
2133,59.2716,27.3622,0.1083,60.4821,12.3377,174.78799999999998,0
2134,21.4291,12.6409,0.2775,15.2283,38.5808,211.057,0
2135,52.8342,31.0263,0.2653,12.1768,1.1826,377.361,0
2136,48.2117,17.2202,0.1217,-22.4167,4.4309,205.195,0
2137,22.0456,10.1047,0.3703,-19.5736,63.367,145.033,0
2138,241.876,170.862,0.1067,-204.822,8.9743,226.317,1
2139,11.8752,8.293,0.5191,-14.1552,10.7937,165.435,1
2140,158.3204,39.2128,0.0832,-173.96400000000003,54.0202,337.2973,1
2141,45.8136,20.989,0.1347,-24.373,75.4059,200.1353,1
2142,30.5856,12.5488,0.2145,22.9617,11.6998,213.767,1
2143,62.3597,21.6946,0.2041,52.1023,36.9876,274.7409,1
2144,20.4754,15.7636,0.2148,-10.4986,13.8089,55.4986,0
2145,45.8448,25.5516,0.1162,23.7428,0.8053,189.467,0
2146,39.5959,10.0684,0.2105,20.3348,75.672,107.872,1
2147,43.0781,22.9823,0.107,31.1854,23.884,120.316,0
2148,35.6691,6.6921,0.3726,22.2065,19.8835,124.4082,1
2149,38.6288,11.2014,0.2279,19.4217,43.427,142.17600000000002,1
2150,65.2896,24.4552,0.1459,40.5346,75.0974,107.101,1
2151,24.0385,14.1255,0.1765,-22.5138,85.7636,267.4286,1
2152,18.3551,9.7463,0.309,15.7083,70.814,239.5914,1
2153,32.1883,26.3732,0.1437,27.8853,13.5301,79.089,0
2154,38.1755,13.8329,0.1852,27.0943,47.2068,192.1503,1
2155,38.1848,0.3877,0.2839,-13.8902,52.4433,247.1025,1
2156,20.3101,11.5653,0.28,12.8982,44.7651,136.366,0
2157,29.4914,19.0268,0.1723,-2.6917,3.249,196.93400000000003,0
2158,160.265,40.1667,0.0979,-122.698,39.554,152.981,1
2159,86.7454,31.4373,0.1182,-35.4173,10.7988,150.107,1
2160,18.0124,10.6746,0.2951,-9.215,52.463,172.59599999999998,1
2161,24.9186,11.0606,0.3159,-10.9342,42.775,180.946,1
2162,39.8486,12.3503,0.1605,28.567,2.2185,186.481,0
2163,94.2907,20.7954,0.1203,-98.1663,37.8216,75.5689,1
2164,24.3869,17.5422,0.1811,18.324,22.1766,228.483,0
2165,18.8377,8.8786,0.3234,15.5433,31.508000000000003,164.8029,1
2166,97.6316,26.6124,0.0914,62.1694,73.2991,220.015,1
2167,27.1139,20.3809,0.1592,19.4465,47.397,71.1109,0
2168,24.9059,10.242,0.2597,16.8257,44.3225,136.275,0
2169,16.3384,11.6247,0.3155,-5.6691,13.929,242.686,1
2170,27.4308,15.3788,0.2625,-8.6385,9.3801,218.11900000000003,0
2171,141.2106,41.4153,0.0592,122.1506,70.5314,111.2982,1
2172,26.6249,22.9799,0.2037,-18.3996,8.869,17.8827,0
2173,91.7079,37.8589,0.1263,78.7615,3.5523,199.296,1
2174,20.7781,7.1662,0.3561,9.7708,13.992,132.914,0
2175,24.7426,11.6637,0.3466,16.7758,21.0253,176.051,1
2176,191.611,24.4014,0.1522,-243.757,17.320999999999998,164.423,1
2177,38.0041,11.0368,0.2113,24.9529,14.781,243.176,0
2178,36.6132,26.6724,0.1584,-28.7991,66.1973,111.884,0
2179,21.3241,10.3572,0.3204,16.4367,40.3954,249.433,0
2180,41.5858,17.6248,0.1431,22.9679,4.53,184.47,0
2181,24.485,14.9847,0.2504,-4.2388,88.5959,238.4594,1
2182,13.1537,10.0472,0.5232,-7.723,26.736,156.72799999999998,0
2183,15.7305,12.3216,0.4667,-6.0171,27.7778,178.295,1
2184,96.2503,44.82,0.0292,-95.1478,17.2484,218.1069,1
2185,129.232,32.686,0.0714,132.099,6.204,208.132,0
2186,18.8093,13.7669,0.293,17.572,55.1624,183.899,0
2187,56.8538,16.7862,0.175,34.0334,62.7139,246.5548,1
2188,71.1308,51.5757,0.0774,66.8792,20.3295,262.774,1
2189,38.6754,18.6206,0.1616,29.9526,4.437,198.082,0
2190,58.8849,6.1495,0.1792,40.2106,25.2695,237.1721,1
2191,52.8479,21.5505,0.2054,27.9502,6.087000000000001,309.622,0
2192,42.7735,24.0127,0.1485,-27.861,13.269,277.779,0
2193,60.4811,28.5022,0.11,45.6313,1.1058,285.973,0
2194,19.35,15.8593,0.2307,-9.2286,30.37,128.673,0
2195,186.4867,62.6425,0.1107,-77.9378,67.9583,256.196,1
2196,41.5186,20.1755,0.1278,-23.6381,6.997000000000001,204.724,0
2197,77.8804,29.8274,0.0699,62.4938,2.4966,251.288,0
2198,154.209,78.8675,0.1071,-186.778,21.8971,308.176,1
2199,21.8676,15.3845,0.2546,13.5299,17.2981,205.663,0
2200,18.633,15.8767,0.3074,10.4424,32.005,139.225,0
2201,46.2731,20.8327,0.1476,43.0572,2.9498,250.51,0
2202,33.037,10.4627,0.2047,-17.2487,0.2403,197.5652,1
2203,19.4632,10.5655,0.372,-16.5797,64.51899999999999,166.183,1
2204,18.1525,15.6634,0.2698,-16.9469,74.436,181.289,1
2205,216.472,36.506,0.1689999999999999,82.5201,61.3424,240.906,1
2206,46.5761,27.883000000000003,0.1272,-4.6151,6.0435,124.3839,1
2207,20.4263,7.1947,0.3705,-11.1449,68.4478,247.988,0
2208,12.6243,9.2136,0.6204,10.054,47.441,57.7961,0
2209,24.4544,0.0,0.3355,-5.5906,59.9195,120.098,1
2210,33.3991,8.0634,0.3031,-14.5768,0.039,212.271,0
2211,19.4502,9.1554,0.4302,14.5702,36.3441,182.013,1
2212,22.5805,16.4329,0.2497,6.6193,3.667,141.58700000000002,0
2213,35.8341,21.9779,0.148,-18.5377,6.11,151.76,0
2214,285.8368,179.2924,0.0706,-189.4393,35.5504,175.6979,1
2215,14.1941,7.6332,0.3267,15.6994,40.3325,168.3866,1
2216,16.338,10.774,0.3161,6.7505,6.4471,160.009,1
2217,110.4607,15.7436,0.1072,-38.0915,66.8088,192.4005,1
2218,25.0822,10.9047,0.2712,-17.8951,6.218999999999999,180.699,0
2219,34.5936,22.723000000000003,0.1456,26.8458,7.1144,128.761,0
2220,15.1767,13.535,0.3215,-7.5649,19.5339,260.9047,1
2221,299.9304,106.2584,0.1159,-84.3132,83.9023,220.71400000000003,1
2222,27.4917,8.5165,0.3473,21.1234,4.18,90.3423,0
2223,22.9768,14.9438,0.2872,6.8621,2.625,165.575,0
2224,88.7261,51.7954,0.0551,-76.27199999999999,35.6301,210.941,1
2225,20.0912,7.8174,0.5316,-6.3538,73.6545,224.8616,1
2226,128.703,29.7823,0.1533,-165.327,45.0304,185.718,0
2227,13.0074,10.3181,0.5222,-6.2722,79.7945,47.49100000000001,0
2228,23.4278,17.2986,0.1731,31.0212,18.8023,253.4374,1
2229,70.3078,25.1742,0.0865,22.3913,3.9509,243.299,0
2230,21.5661,16.1045,0.241,-23.9776,38.2136,87.9327,1
2231,69.2105,35.8748,0.0801,67.623,3.301,283.857,0
2232,25.7704,16.3101,0.2207,-20.3249,78.7981,41.2222,1
2233,13.4821,10.1232,0.4462,-5.7474,61.26,222.625,1
2234,45.845,13.7549,0.2118,-31.4075,3.3124,216.158,0
2235,40.5406,20.1241,0.2216,37.3625,4.089,209.743,0
2236,21.9748,9.7948,0.317,-16.2061,42.79,130.556,0
2237,29.6381,16.5301,0.1847,16.7805,66.843,199.6018,1
2238,13.9485,11.9322,0.4941,-6.3541,65.6699,148.22799999999998,1
2239,42.028,11.1824,0.1583,33.6213,37.5843,244.0665,1
2240,38.5781,17.7868,0.1532,21.7948,67.1942,231.903,1
2241,28.7554,15.8285,0.228,-21.9132,2.9410000000000003,202.919,0
2242,94.7196,26.9299,0.1423,-66.97800000000001,37.5354,217.708,1
2243,190.238,57.258,0.024,-123.523,22.017,140.84,1
2244,42.2999,15.2507,0.1753,23.1308,11.1493,163.001,0
2245,26.43,14.3591,0.2417,19.4864,77.3034,233.2826,1
2246,19.9222,12.9838,0.2764,-8.9999,69.805,95.9388,0
2247,36.6168,9.0362,0.2915,29.6638,14.718,81.0417,1
2248,26.5934,15.2959,0.2312,10.5441,1.663,220.371,1
2249,48.4003,19.2028,0.1122,23.8349,8.0926,189.243,0
2250,24.7188,18.7164,0.1686,17.8681,46.523,145.77700000000002,0
2251,13.1882,10.3094,0.4959,-6.4938,69.277,151.613,0
2252,29.9259,9.5265,0.2865,17.0588,0.255,218.329,0
2253,67.8366,28.4716,0.0796,71.0032,21.3936,144.225,0
2254,29.1011,12.2337,0.1964,19.5817,61.3801,97.6665,1
2255,82.9688,29.1319,0.0621,69.876,14.1164,204.233,0
2256,41.8902,19.1267,0.1929,-9.5757,42.68899999999999,168.732,1
2257,74.3058,10.8371,0.1243,28.3482,17.416,212.865,1
2258,16.3698,14.0799,0.3333,-5.9066,12.2003,52.3334,1
2259,24.6614,8.469,0.3566,-6.3548,28.373,105.434,1
2260,13.0133,10.5199,0.5045,4.3884,31.914,147.726,0
2261,12.2144,5.57,0.4493,-11.0351,76.9712,38.8584,1
2262,56.1911,24.7904,0.0994,32.6988,1.621,218.27,0
2263,67.9392,23.9354,0.1102,44.3933,5.3057,275.317,0
2264,166.07299999999998,132.015,0.0086,84.3519,37.371,162.484,1
2265,14.985,5.5751,0.4534,15.4253,35.9056,76.0125,1
2266,57.0652,24.0205,0.0929,46.2678,1.963,199.61900000000003,0
2267,45.2596,22.6076,0.1528,-25.6884,45.9251,28.4825,1
2268,21.9513,10.6168,0.4075,-20.8829,25.552,115.42,1
2269,27.3856,13.7079,0.2362,14.2122,56.61600000000001,111.112,1
2270,67.5051,23.1203,0.0968,-33.1323,4.18,270.557,0
2271,152.1148,111.9084,0.0478,-143.0185,78.333,322.8603,1
2272,82.47399999999999,43.8185,0.1157,-99.7855,1.8856,413.4033,1
2273,20.155,7.2713,0.3895,-10.3265,39.6284,133.688,0
2274,74.6868,19.1355,0.2258,61.9511,21.453000000000003,152.80700000000002,1
2275,150.5725,64.9177,0.0177,-127.6436,39.0647,79.2431,1
2276,18.5389,10.1402,0.3138,-9.8429,42.456,148.156,1
2277,38.6526,18.266,0.1785,-25.2459,8.8024,214.182,0
2278,19.6436,17.8033,0.2992,-14.4434,15.4011,235.351,0
2279,119.172,94.3001,0.0559999999999999,85.3633,68.0049,376.622,1
2280,189.7254,112.7797,0.0834,-153.5757,31.1675,198.606,1
2281,69.7657,28.2547,0.2005,-15.5113,74.183,327.8258,1
2282,73.3751,18.7552,0.1204,-64.8671,11.261,109.479,0
2283,31.015,16.0174,0.2313,-18.22,54.566,237.123,1
2284,143.6761,63.4661,0.2086,103.9792,36.4825,353.2618,1
2285,117.153,32.008,0.0836,62.8399,1.1941,292.0548,1
2286,38.6913,19.2133,0.1697,22.1306,20.12,264.534,1
2287,31.603,13.406,0.2321,-14.1279,40.2361,252.235,1
2288,42.4526,15.2802,0.1863,25.7461,11.9391,122.813,0
2289,33.0328,22.0371,0.1781,16.4511,45.3284,206.3,0
2290,144.412,34.4058,0.2253,-126.462,30.5008,388.364,1
2291,47.399,20.7903,0.1921,49.3949,68.813,158.55700000000002,1
2292,58.8321,27.4017,0.0817,46.0111,4.0456,237.392,0
2293,20.1622,8.237,0.426,-14.9941,3.886,185.755,0
2294,62.3965,21.7309,0.1603,42.2396,6.155,292.278,0
2295,35.3542,18.5771,0.2114,19.3303,8.458,126.099,0
2296,20.6311,7.2234,0.3674,-8.45,25.186,86.7517,0
2297,24.4699,7.3634,0.3004,16.0123,42.8535,122.2887,1
2298,81.8495,36.8892,0.1513,25.5609,16.194000000000003,237.432,0
2299,23.3353,20.2994,0.1755,-17.4883,29.1324,184.927,0
2300,27.273000000000003,15.1103,0.2439,-17.2508,21.3322,249.281,0
2301,142.8704,42.1124,0.0461,-154.899,31.1968,169.7139,1
2302,25.4788,18.7916,0.2845,-13.3878,87.3998,263.865,0
2303,53.5342,26.3752,0.1633,51.7397,14.8433,276.5844,1
2304,12.9176,11.3596,0.39,-5.6768,64.933,227.107,1
2305,82.7549,20.2817,0.2212,-85.3215,89.8116,199.8195,1
2306,25.4646,14.9682,0.264,15.9006,72.9588,26.8991,0
2307,18.988,12.6811,0.3709,12.4287,51.167,182.199,1
2308,211.048,91.3653,0.0493,-125.602,86.5759,49.1527,1
2309,20.6078,7.1359,0.3815,11.6837,41.644,62.8943,0
2310,27.6517,9.3392,0.2905,10.9982,88.2904,174.4417,1
2311,192.996,111.603,0.0903,-140.528,34.1,194.983,1
2312,33.0294,18.541,0.1507,-26.2439,8.163,140.145,0
2313,33.0585,9.8136,0.2668,1.2975,25.5014,139.179,1
2314,19.7512,16.1373,0.2959,-19.964,86.0164,184.508,1
2315,87.2749,42.1656,0.1217,-56.2515,4.4023,385.237,0
2316,35.5835,27.9572,0.1295,23.2692,15.7121,94.6888,0
2317,61.6991,12.3313,0.1548,50.0728,9.0509,212.5836,1
2318,24.9502,15.7962,0.2834,-13.7489,19.429,176.24599999999998,0
2319,19.0999,7.4626,0.4582,6.4139,34.841,123.392,0
2320,94.1467,18.9409,0.1903,67.9024,1.505,347.551,0
2321,67.7932,22.1934,0.1239,64.2621,6.105,276.753,0
2322,133.849,23.7372,0.2111,-110.302,20.264,385.025,1
2323,84.0883,25.5212,0.0943,76.7409,5.4781,234.926,0
2324,154.9463,129.9189,0.0691,-78.4928,32.7688,277.0945,1
2325,44.7279,13.34,0.1587,-17.8001,43.786,106.592,1
2326,136.716,34.9366,0.1196,99.6708,13.195,246.961,1
2327,20.5164,12.402,0.2608,8.2034,74.934,143.368,1
2328,46.9218,21.5581,0.0998,21.5116,10.582,141.36700000000002,0
2329,172.6489,77.8658,0.0758,-160.4217,2.1259,241.6815,1
2330,12.9733,10.2859,0.529,6.4004,6.984,91.4518,0
2331,56.8061,18.1476,0.1191,56.0984,11.1946,189.489,0
2332,75.0832,17.2123,0.1309,49.341,35.304,267.798,1
2333,68.4755,27.1914,0.1914,50.6974,6.672999999999999,291.903,0
2334,40.2471,15.0966,0.2126,29.2096,29.313,183.588,0
2335,23.8951,22.4777,0.2181,-14.5049,79.7671,120.928,1
2336,84.4865,42.2682,0.1034,15.3222,7.9479,391.875,0
2337,62.0247,17.3984,0.1652,48.5164,20.143,225.49,1
2338,21.1474,16.8163,0.2658,-11.5756,35.595,122.94,0
2339,37.2093,12.1956,0.2005,-31.609,46.1597,202.297,1
2340,122.358,40.9553,0.1019,-93.7356,13.5059,291.361,1
2341,20.3113,7.3063,0.3881,6.8997,23.439,140.07,0
2342,25.7828,11.8424,0.2261,15.7364,2.0598,95.7006,1
2343,12.691,11.6996,0.3839,-8.7521,79.5407,164.16299999999998,0
2344,45.4666,14.8112,0.1621,24.4189,15.5689,190.72,0
2345,26.0122,12.7403,0.3122,-22.5077,38.556,163.007,1
2346,32.7703,18.5238,0.2285,31.5639,42.442,132.52700000000002,1
2347,60.9957,24.6287,0.1189,-23.9024,7.308,189.411,0
2348,35.1568,16.1465,0.2048,-29.5069,1.2733,163.796,0
2349,12.3449,12.1456,0.3427,9.4818,9.807,210.874,1
2350,21.3952,10.9836,0.3222,18.3532,64.7376,70.4184,1
2351,17.1067,6.8195,0.3667,-18.2248,89.7228,65.1721,1
2352,67.6595,27.868,0.2072,-45.3702,46.8496,336.201,1
2353,101.4977,23.9296,0.2244,-79.3729,3.7728,374.9569,1
2354,247.9249,145.3262,0.1232,-195.8905,38.9238,326.2601,1
2355,26.2853,20.5761,0.2032,32.4303,82.5983,96.5846,1
2356,24.7422,12.3153,0.316,17.9898,52.9186,199.835,1
2357,13.1978,10.3512,0.4901,-6.2493,32.221,177.329,0
2358,26.2623,12.1331,0.2844,13.6116,59.639,201.879,1
2359,90.8484,33.0185,0.0923,49.7881,2.5821,332.585,0
2360,98.5389,33.1826,0.0623,76.4535,3.0657,310.751,0
2361,71.6435,29.1304,0.0769,48.5874,4.1632,231.966,0
2362,161.2946,58.6567,0.0371,179.7483,48.6437,121.3655,1
2363,76.9149,29.3619,0.091,-43.5987,53.2285,217.097,1
2364,29.0865,8.5601,0.3683,23.2818,40.3874,133.65200000000002,1
2365,76.6097,36.4165,0.0525,67.8896,1.3794,217.528,0
2366,90.829,33.8426,0.0955,63.6082,1.6314,331.72,0
2367,70.3213,17.4122,0.2385,42.7081,3.7836,312.673,0
2368,27.2576,6.6316,0.3796,19.9395,37.16,182.642,1
2369,22.1297,0.0,0.4161,0.0,51.791,126.011,1
2370,7.2079,6.8821,0.2615,-19.3439,32.374,133.7536,1
2371,75.0807,43.9814,0.0829,33.8148,62.474,203.741,1
2372,95.6848,28.0674,0.0873,73.6066,1.128,302.636,0
2373,33.7823,26.3385,0.1062,-25.0744,2.0557,171.81799999999998,0
2374,59.4155,26.6722,0.0659,48.5028,4.558,205.348,0
2375,25.4375,15.5154,0.222,10.0621,9.8822,102.65,0
2376,18.9883,17.6937,0.2034,-12.2754,39.2377,119.5,0
2377,59.8575,13.9464,0.1836,-29.7511,73.0876,50.7325,1
2378,27.1565,14.7561,0.2092,23.4275,69.7617,108.017,0
2379,37.8758,15.6684,0.1884,35.0116,8.426,165.18200000000002,0
2380,25.4825,11.4624,0.2854,-13.2584,2.5804,243.243,0
2381,13.0566,11.0835,0.4126,-5.0616,58.21,92.8243,0
2382,18.437,15.6922,0.3034,-12.8405,87.3123,110.3,0
2383,26.838,18.8744,0.2968,32.569,42.4304,145.053,1
2384,21.8818,10.8292,0.2911,17.9424,32.589,106.836,0
2385,25.1576,12.8638,0.236,11.1073,47.777,149.657,0
2386,51.1294,20.8044,0.115,15.0403,1.0956,177.669,0
2387,31.6831,9.8633,0.2178,25.2218,65.85,75.5297,0
2388,31.2324,16.0618,0.2454,-22.5232,38.898,151.034,1
2389,40.4206,20.0955,0.1519,-25.1725,82.4523,77.0405,1
2390,55.2926,13.3843,0.154,-11.6242,4.5618,200.338,0
2391,48.8309,11.7237,0.1974,25.9269,83.5742,160.481,1
2392,212.5581,32.364000000000004,0.1419,103.2997,29.5269,216.3836,1
2393,56.2863,21.7638,0.0965,-47.2918,20.5187,159.024,0
2394,45.6204,33.144,0.0938,7.2994,3.6192,280.958,0
2395,19.8443,7.2517,0.3993,11.2438,70.518,189.22,1
2396,17.261,11.1756,0.298,-6.3121,48.278,119.372,0
2397,19.0819,7.7348,0.2665,-4.2505,2.0669,81.2182,1
2398,13.0419,10.9833,0.4424,5.6612,70.9927,194.225,0
2399,20.6361,10.7013,0.3159,17.3129,2.0956,124.365,0
2400,18.4648,16.1461,0.2789999999999999,18.5118,25.299,224.699,0
2401,13.0738,10.7959,0.4634,4.2008,23.504,47.7905,0
2402,136.5573,81.9947,0.0295,71.9257,33.9666,268.6196,1
2403,61.1704,18.0292,0.1064,54.6547,4.301,211.609,0
2404,31.4724,14.7949,0.1623,15.7521,6.2010000000000005,215.073,0
2405,61.8286,16.2637,0.2083,55.5797,19.1036,252.635,0
2406,38.0349,12.8489,0.3062,17.8761,40.2139,246.087,1
2407,21.5189,15.4205,0.3117,9.2409,80.4307,223.973,1
2408,182.5003,76.5568,0.0666,93.0302,82.1691,283.4731,1
2409,69.7555,21.177,0.107,47.4128,4.178999999999999,203.56,0
2410,71.3527,17.8546,0.0932,-20.1101,16.6362,155.5068,1
2411,42.3886,10.8063,0.2131,-18.7029,5.565,171.18400000000003,0
2412,47.0207,10.4698,0.3502,45.698,16.5202,203.931,1
2413,83.3838,28.5564,0.1089,62.4396,2.6710000000000003,323.375,0
2414,99.3183,9.0335,0.3311,32.9048,33.1973,228.4047,1
2415,61.7253,12.2585,0.2542,-38.9283,17.7747,165.2116,1
2416,199.202,39.0903,0.1765,-178.5816,30.2934,202.944,1
2417,117.003,33.1912,0.0927,-65.3177,5.597,217.816,1
2418,88.0329,24.5386,0.1137,70.259,1.607,316.605,0
2419,22.4678,0.0,0.4327,11.428,0.0,297.593,0
2420,32.6642,23.8082,0.1418,-29.8316,62.6273,151.776,1
2421,82.8578,23.9783,0.1216,66.484,3.3652,306.276,0
2422,21.0454,7.122999999999999,0.3436,-6.0934,4.066,78.5126,0
2423,46.8245,24.7114,0.1622,-10.697,9.77,179.865,0
2424,24.383000000000003,14.6041,0.2508,-10.6287,22.4899,95.3382,0
2425,17.6926,10.7532,0.3287,7.9581,15.1814,238.986,0
2426,28.9269,6.6407,0.3487,21.9502,2.1748,190.054,1
2427,17.1376,14.7468,0.3601,-18.1051,78.9293,104.2327,1
2428,26.0112,11.2412,0.2929,11.1488,21.922,111.307,0
2429,27.1725,11.8155,0.2457,12.4372,75.9321,191.761,0
2430,152.899,65.6971,0.0924,-175.449,76.2965,137.666,1
2431,28.8681,14.3276,0.2211,-20.5243,69.259,221.398,1
2432,57.9074,30.0559,0.2043,-47.5956,10.159,305.255,0
2433,38.1791,24.5127,0.1272,24.0354,43.933,75.7629,1
2434,37.4432,19.8188,0.1535,34.0512,8.7569,198.657,0
2435,13.3932,10.3398,0.4411,-5.2196,6.478,196.28,1
2436,25.2651,17.9293,0.1836,24.4749,46.9569,87.8103,1
2437,24.5289,14.2949,0.2442,12.8399,2.189,113.828,0
2438,18.8614,12.4778,0.3806,15.8814,17.8187,237.282,0
2439,19.1321,9.5801,0.4371,-13.5728,13.107,56.5447,1
2440,42.3703,22.6132,0.1017,-25.3779,37.9786,206.9567,1
2441,36.144,10.6632,0.2142,28.8838,68.5811,146.918,1
2442,69.7676,18.9821,0.2654,-30.7591,33.0052,303.914,1
2443,22.8469,6.0045,0.4913,26.3159,68.4021,201.7485,1
2444,79.6744,26.2987,0.2071,-36.6819,26.2983,343.8643,1
2445,81.5117,32.0933,0.127,60.8005,7.5361,197.819,0
2446,33.922,19.5203,0.145,-21.6683,8.826,152.247,0
2447,19.0902,8.9402,0.4715,13.6819,31.8911,153.16299999999998,1
2448,166.518,67.7974,0.0829,-110.008,86.5559,237.16,1
2449,27.8821,17.6439,0.1986,19.6353,37.9035,202.109,0
2450,66.7056,28.0067,0.138,-48.4784,10.1703,157.9185,1
2451,150.061,20.4024,0.2889,-130.077,6.5826,247.01,1
2452,59.572,12.6305,0.2087,26.2067,11.7626,184.2272,1
2453,51.5958,8.8797,0.1922,-23.7198,28.08,206.792,1
2454,71.9841,28.9406,0.0775,55.7758,1.9438,199.395,0
2455,95.2311,73.4411,0.0967,67.8079,56.82899999999999,144.387,1
2456,20.6488,7.1313,0.3808,11.6168,54.5987,164.28599999999997,0
2457,178.3754,48.6087,0.0918,-165.0751,60.5954,342.8572,1
2458,27.5751,9.1894,0.3081,20.1713,46.481,238.787,1
2459,35.4276,17.8214,0.2018,9.2904,8.1635,220.094,0
2460,19.1548,9.8675,0.3051,3.7763,38.6221,99.682,0
2461,24.3333,12.4349,0.3035,10.2837,66.376,27.2822,1
2462,19.5827,6.7639,0.3393,16.0028,16.8523,182.4152,1
2463,112.7844,24.5918,0.0704,24.6564,79.7353,255.6575,1
2464,18.1376,10.4292,0.3358,-7.3849,50.24,121.811,0
2465,34.6358,15.4678,0.2396,7.0115,44.7503,124.1115,1
2466,29.8389,14.5906,0.2584,10.6311,3.7372,238.473,0
2467,43.1515,17.477,0.1796,35.481,6.0528,233.292,0
2468,24.6879,10.5688,0.3538,-18.7027,3.4541,140.55100000000002,0
2469,87.48700000000001,33.0007,0.0825,106.885,12.056,115.757,0
2470,24.7579,11.1376,0.2732,35.1314,41.432,213.9983,1
2471,128.8696,24.8825,0.2243,-116.4463,45.9951,254.3935,1
2472,109.6728,25.169,0.1794,-36.3632,1.2185,346.0835,1
2473,80.5656,32.5623,0.0932,72.6531,0.3452,266.336,0
2474,235.49400000000003,60.034,0.0659,-230.861,54.3753,73.1879,1
2475,30.811,12.3499,0.1987,-23.6387,51.746,188.4855,1
2476,15.2463,13.9656,0.3178,6.7776,88.9297,149.3363,1
2477,28.9643,22.8684,0.1945,29.7985,45.6028,91.8297,1
2478,45.5625,17.5357,0.1367,-38.1004,54.251000000000005,241.771,1
2479,120.9082,108.9327,0.0621,-42.123000000000005,88.6873,337.6749,1
2480,14.1279,9.282,0.479,-7.051,14.3537,229.5761,1
2481,119.515,39.6518,0.0586,106.169,1.6234,300.86400000000003,0
2482,45.1659,12.261,0.184,55.9376,31.0284,192.5941,1
2483,63.2539,14.85,0.1964,32.9388,11.2803,302.111,1
2484,60.1824,45.5282,0.0666,54.0209,9.056,250.69,0
2485,123.889,17.1761,0.1886,104.646,9.9324,352.524,1
2486,200.7002,117.4295,0.002,-216.3797,45.0938,289.0512,1
2487,41.7854,17.7204,0.1721,-37.2658,0.531,197.753,0
2488,30.5311,12.69,0.2361,-19.5461,1.3823,243.46,0
2489,20.9645,12.1573,0.3234,19.1629,0.484,232.4261,1
2490,32.3397,11.5883,0.2216,19.9213,49.5985,143.0258,1
2491,125.3915,61.8069,0.0577,85.1881,13.918,211.8891,1
2492,83.64299999999999,14.7924,0.2087,-45.0664,47.7477,156.553,1
2493,94.3584,27.3843,0.0879,87.0097,4.8624,230.557,0
2494,48.8338,11.2261,0.2233,38.4029,3.631,162.93200000000002,0
2495,67.965,54.9747,0.1373,-34.7578,7.297000000000001,342.18,1
2496,24.3686,15.5878,0.2166,-16.2269,71.762,140.871,1
2497,21.4763,10.3156,0.3861,18.6448,33.5626,263.1362,1
2498,31.523000000000003,21.2047,0.1578,-7.0159,1.153,261.668,0
2499,63.0722,19.5673,0.2384,59.9254,47.8428,190.255,0
2500,197.961,67.4274,0.0656,41.0059,60.3241,297.8173,1
2501,16.7267,10.7596,0.2947,20.0898,70.161,205.9738,1
2502,196.6816,55.4609,0.0548,136.6905,87.3238,293.4997,1
2503,52.5943,27.5078,0.1538,-44.2619,52.085,103.298,1
2504,72.547,14.9884,0.1631,32.9081,62.242,184.39,1
2505,15.0509,12.2064,0.3361,1.9075,62.1054,220.536,1
2506,178.0361,90.7131,0.0481,-139.7596,77.6499,329.7362,1
2507,60.8805,23.504,0.1326,80.4394,63.5812,56.2458,0
2508,120.449,25.8487,0.2023,105.077,3.124,220.54,1
2509,43.3717,34.225,0.1129,29.3569,5.7268,110.342,0
2510,14.6148,9.2816,0.3788,-18.5501,36.5934,66.066,1
2511,52.1733,21.6678,0.1572,-32.8482,20.8941,264.224,1
2512,31.2219,14.747,0.1512,-14.42,46.701,193.331,1
2513,39.1603,14.6221,0.264,-21.9542,3.5942,179.801,0
2514,13.7355,12.6004,0.4063,-6.3322,38.4018,215.582,0
2515,32.2804,16.1482,0.2336,-9.7393,20.91,76.2299,0
2516,25.2816,19.6741,0.2195,-17.3401,0.6829999999999999,234.623,0
2517,31.3882,24.8083,0.1636,15.4992,2.267,193.064,0
2518,22.7005,13.2925,0.396,19.963,84.8232,117.497,1
2519,52.8604,29.7645,0.1275,33.9103,86.6591,213.4696,1
2520,29.2488,11.1347,0.2505,19.949,36.6096,113.487,0
2521,32.1942,15.4169,0.179,-9.731,19.6058,155.657,0
2522,102.49,29.7325,0.0832,-102.611,40.3212,155.384,1
2523,17.4879,10.8343,0.3182,10.2142,5.4667,152.532,0
2524,19.5279,9.3415,0.4075,13.8569,64.078,217.634,1
2525,230.5499,145.5639,0.0092,-188.5031,69.9989,296.5465,1
2526,21.4986,10.6731,0.2892,-17.3599,6.6566,164.392,0
2527,32.1178,12.1695,0.3406,-24.1205,8.105,233.072,0
2528,83.8436,31.8164,0.0853,92.3676,3.2408,244.771,0
2529,43.7985,15.563,0.1357,28.5198,6.324,147.389,0
2530,46.3641,13.7186,0.254,31.0888,10.4919,209.68400000000003,0
2531,45.8678,15.2427,0.1703,40.0288,5.8093,191.805,0
2532,19.6196,11.9681,0.2774,12.089,89.2825,148.702,1
2533,102.6265,52.2987,0.0486,-104.2975,50.9632,179.2722,1
2534,65.3585,22.5124,0.1356,72.9635,2.929,206.189,0
2535,18.317,12.618,0.3261,9.5771,48.4839,223.106,1
2536,86.6426,14.4575,0.1778,45.1641,68.2433,268.8988,1
2537,26.0369,2.2441,0.4224,14.1252,85.3118,232.005,1
2538,39.9975,25.3932,0.1001,27.034,13.039,109.174,0
2539,84.6898,21.6853,0.1712,49.2539,64.0657,300.751,1
2540,21.4843,6.96,0.364,8.883,66.4912,60.6225,0
2541,18.3486,12.6965,0.3182,11.7192,1.6196,253.182,1
2542,163.6451,89.6054,0.0219,-132.0003,86.1336,114.9204,1
2543,22.9069,0.0,0.4163,0.0,63.754,235.0,0
2544,12.9712,11.1602,0.4297,6.7776,71.9552,194.357,0
2545,62.8627,18.1501,0.1627,-65.4025,52.882,182.57,1
2546,50.5496,11.4882,0.1747,-34.8375,24.165,57.0755,1
2547,55.3383,28.0521,0.0925,40.2725,9.834,283.367,0
2548,85.7345,49.8684,0.0859,21.7048,5.6722,395.404,0
2549,30.4474,18.317,0.1753,15.8153,58.7136,216.138,1
2550,58.4242,12.1812,0.255,19.461,7.512,264.003,0
2551,88.2498,23.1714,0.1956,58.5852,3.9956,308.5046,1
2552,77.5402,21.2192,0.1332,50.232,4.9397,129.5025,1
2553,20.9972,16.9618,0.2288,10.3521,26.046,49.1779,0
2554,89.6345,32.4132,0.1006,132.218,13.8802,103.733,0
2555,31.9568,17.1046,0.1655,-28.3225,3.1113,233.674,0
2556,33.5677,17.9926,0.1764,24.528,33.0542,110.184,0
2557,90.2691,28.7008,0.0743,81.5023,1.1204,269.286,0
2558,30.8293,24.121,0.1394,-15.122,16.393,209.02,0
2559,51.4775,9.3649,0.177,-17.0837,85.39299999999999,36.4756,1
2560,49.6143,28.1482,0.089,26.0127,0.67,150.761,0
2561,48.6145,24.0409,0.1357,-40.983,88.2424,78.4377,0
2562,23.6627,12.2118,0.2266,15.0243,30.914,182.948,1
2563,47.6497,18.9747,0.2531,38.602,21.192,274.053,1
2564,142.154,103.149,0.0754,38.8824,51.6026,355.891,1
2565,305.422,54.9948,0.053,-269.333,13.31,118.386,1
2566,129.5264,32.9089,0.1603,129.0292,83.88,74.7435,1
2567,32.903,20.165,0.1687,21.9136,12.2838,88.133,0
2568,28.3129,13.9681,0.2918,25.9408,8.1316,238.754,0
2569,129.362,15.1932,0.213,-136.5701,7.4249,304.9583,1
2570,35.1152,17.8053,0.1026,36.1822,5.8542,238.0909,1
2571,113.52,94.3738,0.0599,111.325,80.2538,331.474,1
2572,52.7505,11.2294,0.1618,50.1126,61.3588,105.4209,1
2573,31.4974,9.4772,0.3058,11.3131,70.395,206.017,1
2574,183.9089,44.1347,0.1554,-175.0661,35.0736,301.5343,1
2575,202.6095,95.6413,0.1018,-182.7665,12.0447,274.4544,1
2576,46.207,14.5258,0.2381,48.9698,53.6761,75.3486,0
2577,19.4926,11.1475,0.3113,-18.0941,83.3232,85.3322,0
2578,31.3405,14.6515,0.2528,-10.4721,3.951,196.813,0
2579,50.8745,10.5763,0.1858,45.5987,59.6781,158.4316,1
2580,94.6136,17.7329,0.1154,64.8482,60.8088,209.6546,1
2581,93.7206,67.8792,0.1253,-93.6194,81.6774,423.687,1
2582,19.1293,9.7873,0.4111,16.4198,22.7049,182.0043,1
2583,170.50799999999998,52.3237,0.1238,116.353,11.0113,316.969,1
2584,26.9141,5.1737,0.3831,24.3284,35.5914,92.2735,1
2585,63.603,21.9184,0.1246,-43.2906,22.426,136.305,0
2586,19.1996,7.3929,0.4456,-8.9284,70.736,196.048,0
2587,42.0233,28.6937,0.1061,27.2874,16.0801,126.656,0
2588,159.1728,50.0401,0.09,-90.516,10.1284,143.2055,1
2589,51.1548,11.6714,0.1624,41.0018,58.114,218.552,1
2590,23.452,10.5072,0.3142,27.8174,85.8912,217.2303,1
2591,34.0847,22.3498,0.1809,-39.5396,74.0676,81.3918,1
2592,22.8638,14.998,0.2475,15.5061,39.5169,171.7131,1
2593,39.9581,8.8898,0.1803,32.5696,36.4819,191.5381,1
2594,77.3134,18.7524,0.1485,50.693000000000005,5.8814,286.516,0
2595,56.8378,19.5654,0.0927,39.7685,3.022,245.844,0
2596,82.1033,28.2856,0.1586,-44.7532,1.985,369.023,0
2597,94.1134,65.5206,0.072,76.8913,29.067,301.3481,1
2598,32.5559,13.4546,0.2051,11.4791,80.684,185.1272,1
2599,45.349,28.7095,0.1969,46.697,6.1306,238.417,0
2600,39.0987,13.4678,0.1612,-22.0148,70.0825,229.436,1
2601,18.2939,10.6387,0.2643,-6.4843,68.712,145.132,0
2602,30.9514,25.0135,0.1552,18.0628,35.915,232.215,0
2603,35.1053,7.433,0.3379999999999999,-13.3253,88.1033,136.254,1
2604,31.4164,23.2328,0.1433,15.4061,4.6173,180.392,0
2605,25.7509,9.6259,0.3044,26.1613,34.8822,205.8302,1
2606,21.0383,10.204,0.3461,27.5413,9.9481,250.7814,1
2607,34.9294,15.993,0.1861,23.9472,1.3937,210.866,0
2608,46.8511,20.0086,0.1398,38.7909,6.56,182.05,0
2609,107.7187,85.7887,0.0891,-44.4384,65.7382,282.7957,1
2610,19.9277,7.1487,0.3978,12.4945,7.035,203.421,0
2611,40.9971,10.7453,0.3122,35.0392,85.3956,179.31400000000002,1
2612,43.3563,11.4175,0.2179,36.8009,64.94,99.0768,1
2613,67.2132,21.7325,0.3536,-35.8968,7.432,269.895,0
2614,23.8603,14.8311,0.2703,-12.722,0.557,98.4508,0
2615,22.9575,3.5016,0.432,6.0461,38.5683,163.7858,1
2616,60.1157,48.9813,0.1414,36.8138,78.7544,316.4672,1
2617,35.4526,10.27,0.4726,19.5069,17.278,338.274,0
2618,132.405,16.8357,0.1462,141.154,33.317,108.077,1
2619,81.5194,42.9456,0.0985,-91.7537,43.604,226.397,1
2620,37.9446,9.3048,0.2625,32.7658,14.827,203.537,1
2621,17.7369,16.7818,0.2941,6.1825,12.1313,206.941,0
2622,33.8599,12.9093,0.2302,26.4262,7.0281,204.82,0
2623,20.9402,15.2975,0.2258,11.1188,14.19,107.513,0
2624,16.0175,11.621,0.3779999999999999,3.7521,81.0796,150.079,1
2625,73.1475,20.1531,0.2571,48.6528,22.665,278.188,1
2626,19.6562,9.7376,0.3266,-9.836,63.03,118.341,0
2627,26.9291,11.9546,0.286,-13.3883,26.935,165.465,0
2628,30.7134,15.0453,0.2092,-21.2118,25.312,155.94899999999998,0
2629,79.2916,17.213,0.1531,51.3347,56.7018,288.2018,1
2630,22.1955,11.3092,0.359,19.7209,36.08,46.6431,1
2631,22.073,10.7299,0.3547,6.8825,51.7331,136.6233,1
2632,45.6562,30.5905,0.0931,23.7771,15.75,162.036,0
2633,20.5036,8.7406,0.4201,14.2452,16.992,157.411,1
2634,16.2721,11.4997,0.3589,6.0009,25.4875,201.86900000000003,1
2635,22.3151,13.4009,0.3209,-9.8189,56.8004,135.8061,1
2636,71.7681,27.3733,0.1025,59.2579,5.254,283.41900000000004,0
2637,76.3539,18.0977,0.1786,48.89,2.76,237.824,0
2638,44.2851,11.5464,0.2201,31.16,29.9174,192.748,1
2639,39.018,16.3085,0.1471,-26.2935,0.7829999999999999,178.97799999999998,0
2640,28.7415,17.1661,0.1627,19.7286,4.6448,154.078,0
2641,49.1418,26.7335,0.1874,25.9491,33.825,269.621,1
2642,25.3507,13.9983,0.265,19.0347,31.836,126.678,0
2643,13.0775,10.5476,0.4916,-4.5051,83.5804,126.962,0
2644,24.2004,10.6295,0.3319,-20.0564,36.1048,139.681,0
2645,29.4758,19.6459,0.1631,-22.844,33.685,112.306,0
2646,42.0898,18.031,0.2998,-36.9882,26.5244,205.6,1
2647,152.36700000000002,29.2914,0.0967,148.6087,74.1746,224.8862,1
2648,27.8627,10.705,0.2869,23.2308,54.771,239.307,1
2649,22.2363,12.7012,0.2535,8.4235,52.2617,160.328,0
2650,27.0149,14.6156,0.2642,-22.5492,39.295,26.1913,0
2651,61.5098,21.2576,0.1091,60.0375,9.437,229.416,0
2652,85.8175,13.7655,0.2317,-52.6697,10.4111,374.5664,1
2653,63.9818,25.133000000000003,0.252,41.6345,8.726,282.836,1
2654,90.5962,31.939,0.1431,90.1058,14.916,290.188,1
2655,87.0224,25.4305,0.1185,73.9728,5.4913,289.309,0
2656,60.4789,14.1871,0.1259,-17.434,1.7725,130.101,0
2657,119.161,39.7612,0.0918,-88.76100000000001,3.634,344.548,0
2658,47.6002,14.8699,0.2681,36.9517,69.4851,154.9639,1
2659,36.6283,11.2304,0.1765,-7.1528,9.08,159.84,0
2660,119.614,42.4199,0.0506,92.6243,5.322,209.044,1
2661,26.9136,12.4314,0.2567,16.6957,10.463,165.584,0
2662,40.8204,8.186,0.1626,25.3129,0.1146,81.4775,1
2663,72.3105,20.7811,0.1184,46.8973,0.064,247.025,0
2664,31.9061,16.9151,0.1807,17.9271,22.6447,146.291,0
2665,129.525,21.2913,0.1898,116.449,82.4796,214.862,1
2666,33.2691,9.1269,0.2553,19.9081,20.78,180.4168,1
2667,53.1946,14.7069,0.1322,24.2831,2.701,219.142,0
2668,65.438,12.0197,0.1551,43.3469,22.658,77.4984,1
2669,15.9514,10.8444,0.4629999999999999,-3.5824,84.0046,147.39600000000002,0
2670,35.8144,12.3164,0.214,20.673,23.123,142.372,0
2671,33.597,20.1501,0.1702,-24.9521,10.355,183.665,0
2672,13.8441,8.4785,0.523,-9.184,20.5565,118.075,1
2673,27.7069,9.7056,0.2594,15.3697,32.816,154.342,0
2674,24.0108,17.2422,0.244,19.4721,67.1405,142.836,1
2675,108.555,29.4081,0.1454,88.0406,19.086,134.369,1
2676,57.9426,29.9764,0.4078,-55.1406,48.107,322.51,1
2677,15.4038,11.6905,0.4069,-2.0741,13.4796,160.58100000000002,0
2678,21.3467,10.2704,0.3006,17.941,51.857,157.859,0
2679,168.2165,22.8592,0.2052,-159.2163,70.6219,151.7963,1
2680,67.3382,29.0223,0.1387,48.1027,5.176,328.086,0
2681,56.7399,12.663,0.252,-17.4876,7.2318,257.8398,1
2682,28.403,10.4729,0.3843,23.5121,51.1425,244.719,1
2683,22.4686,6.4046,0.4312,-12.9473,18.2554,165.873,0
2684,86.6511,27.9408,0.1037,86.7671,6.2315,271.191,0
2685,122.6435,67.0361,0.1669999999999999,87.021,39.8976,251.7385,1
2686,144.57,30.2021,0.1047,81.877,0.157,158.83700000000002,1
2687,20.7106,12.0267,0.2782,-6.5739,33.1494,134.543,1
2688,12.8721,11.3311,0.4253,8.1961,43.7132,77.6975,0
2689,31.3498,17.9672,0.1969,18.7922,10.9966,229.719,0
2690,33.1065,11.8138,0.2182,-19.1853,4.0681,137.834,0
2691,23.8526,7.2392,0.4605,-16.9932,67.4357,212.84,1
2692,40.4955,13.1054,0.2311,31.2155,45.0553,172.5288,1
2693,18.947,7.3926,0.4584,-8.7575,9.894,163.186,0
2694,83.7821,9.5265,0.108,43.9407,56.7255,245.4822,1
2695,16.5264,11.0962,0.3903,6.4167,37.168,154.30700000000002,0
2696,31.5312,9.1466,0.2364,-20.4397,62.3261,196.985,1
2697,68.5503,63.3599,0.1289,-103.7323,64.6514,298.7289,1
2698,57.8899,34.9162,0.1197,-21.0946,25.116,234.993,1
2699,21.947,20.3281,0.2072,10.4007,40.4341,137.81,0
2700,25.3194,15.9571,0.2208,21.7093,2.3,140.016,1
2701,24.4431,7.1007,0.4568,-11.2916,9.668,171.046,0
2702,72.1032,44.7142,0.1323,-62.6886,28.376,363.5335,1
2703,81.2405,18.0776,0.1663,64.6191,85.4906,40.1528,1
2704,42.3734,17.9703,0.1192,31.9425,27.575,95.0145,1
2705,240.94,54.7317,0.05,-252.576,1.0759999999999998,210.068,1
2706,90.5255,45.2159,0.0494,76.0565,4.046,283.586,0
2707,23.0473,15.8546,0.3126,22.0594,68.062,249.403,1
2708,38.6401,19.708,0.1897,-31.8673,87.5682,39.4097,0
2709,45.0329,32.2789,0.0892,37.3241,38.027,65.7594,0
2710,33.6254,16.2543,0.1668,-24.4998,61.1523,219.4,1
2711,45.4661,13.4823,0.2899,-1.2784,28.5203,147.306,1
2712,82.7642,43.5311,0.1014,-60.7971,52.5785,286.6549,1
2713,53.0154,19.2777,0.1191,42.2906,2.8825,254.145,0
2714,34.2537,11.0576,0.212,-15.498,76.958,210.047,1
2715,19.8242,16.8392,0.3024,-16.3832,49.456,89.3684,0
2716,25.7472,11.3646,0.2029,30.8939,77.5066,139.74,1
2717,33.7071,9.7849,0.258,20.2014,80.183,169.424,1
2718,24.0005,16.3923,0.2336,-19.0498,6.9421,154.084,0
2719,32.0071,9.5178,0.2997,24.9007,6.1299,207.815,1
2720,99.0242,28.4088,0.0989,39.4975,2.0115,284.494,0
2721,38.9253,6.3582,0.3644,24.2609,8.9779,249.9302,1
2722,97.31,27.2794,0.2573,69.5471,75.2753,181.786,1
2723,194.8482,169.6876,0.0995,-163.0125,1.1486,197.8866,1
2724,85.3249,22.4331,0.1629,42.8629,6.8408,291.206,0
2725,24.8552,14.2801,0.2815,16.8101,19.1574,196.387,0
2726,162.722,65.6073,0.1073,129.747,35.443000000000005,261.758,1
2727,57.1553,23.6757,0.0971,25.6631,14.1288,166.088,0
2728,52.8816,19.8249,0.2599,53.9107,14.7852,275.447,0
2729,72.3176,22.1964,0.1243,-39.3515,46.5918,230.2038,1
2730,27.8897,13.1716,0.2251,-0.7588,44.4761,185.6369,1
2731,115.593,15.7533,0.2028,80.7862,54.3338,234.0746,1
2732,18.5731,16.2365,0.3091,8.1104,50.9791,224.878,1
2733,20.1181,7.2995,0.3943,9.6525,45.3983,150.545,1
2734,33.7749,19.2888,0.1539,25.3443,30.202,59.0132,0
2735,37.0842,18.295,0.1369999999999999,-11.9025,16.483,215.683,0
2736,121.1267,49.543,0.1531,-123.5993,9.7996,383.5911,1
2737,191.75,78.0536,0.0859,-132.285,80.9627,274.345,1
2738,19.5077,7.4326,0.4355,-6.1231,75.607,224.73,0
2739,21.2214,21.1054,0.3044,-12.488,87.7584,139.09,1
2740,75.6786,31.6318,0.0704,64.9628,0.455,241.365,0
2741,42.925,28.5804,0.1741,30.9936,15.396,132.548,0
2742,44.6018,14.0666,0.1606,15.8585,2.399,166.02700000000002,0
2743,29.6613,6.5507,0.2809,10.8676,47.505,151.42700000000002,1
2744,18.6742,12.4659,0.341,15.1398,38.7916,230.0612,1
2745,34.0918,14.5474,0.2095,28.4159,56.0959,64.7141,1
2746,106.364,49.748000000000005,0.0301,83.0956,0.624,244.643,0
2747,19.2296,7.437,0.4491,-7.5664,74.6152,179.885,0
2748,70.1638,27.6647,0.076,58.6011,8.3983,238.259,0
2749,26.6994,12.5862,0.3144,-13.5974,9.393,93.9195,0
2750,212.881,80.0348,0.0888,-102.098,49.4851,213.556,1
2751,20.47,19.9695,0.2482,19.5763,63.4398,211.318,0
2752,21.1241,9.6714,0.3623,15.515999999999998,11.1686,176.87900000000002,0
2753,82.4473,35.7308,0.1988,-61.9555,7.6504,326.658,0
2754,58.8186,32.1497,0.0793,48.7948,12.4702,235.688,0
2755,12.4623,10.5106,0.3284,-15.6225,57.4719,94.0827,1
2756,78.7044,31.6771,0.1056,51.7154,83.9143,158.14700000000002,1
2757,38.2077,12.0761,0.369,15.1812,7.599,52.6762,1
2758,13.4415,10.1082,0.4627,6.4155,76.26,215.791,0
2759,15.2955,11.9972,0.3824,1.6615,54.997,220.126,0
2760,57.6632,18.5917,0.1049,-26.3346,0.5765,185.911,0
2761,48.3731,10.2014,0.1974,34.6585,70.7993,236.524,1
2762,46.2193,17.5535,0.1592,21.224,1.8823,246.867,0
2763,165.2576,23.4409,0.3678,-164.4205,16.8837,302.3371,1
2764,23.908,21.7195,0.1707,21.8564,18.596,115.998,0
2765,37.7923,19.3567,0.1572,36.1859,8.4288,235.575,0
2766,22.414,9.4931,0.2977,16.9995,37.3241,181.06,0
2767,22.2696,16.8281,0.2959,18.8315,15.229,177.234,1
2768,35.7318,26.4597,0.1011,15.0557,17.331,153.031,0
2769,12.9245,11.1795,0.4406,7.6024,24.6142,202.547,0
2770,48.714,22.0728,0.0998,29.3849,8.5106,252.014,0
2771,37.5766,20.4727,0.1449,27.9023,31.6802,120.918,0
2772,50.8299,11.1603,0.2895,37.7748,2.4634,268.036,0
2773,33.3412,18.3089,0.1298,17.4044,8.787,171.613,0
2774,26.9295,12.6185,0.3054,-14.1853,69.1376,111.5764,1
2775,16.1437,14.7716,0.26,-7.0682,27.7741,230.804,1
2776,97.8682,42.3994,0.1465,68.6183,18.895,342.372,1
2777,31.2103,16.3383,0.2031,-15.6654,75.7077,187.14,1
2778,26.6892,10.8106,0.3128,12.1072,5.8253,217.201,0
2779,14.0316,11.136,0.5229,-5.858,25.5951,232.1674,1
2780,42.1568,36.3351,0.0715,21.2319,21.4458,115.849,0
2781,33.0859,17.6588,0.2373,14.6533,44.9363,197.2508,1
2782,23.5084,10.3693,0.4636,-0.4142,56.8778,154.6088,1
2783,23.0256,13.2356,0.3121,17.1076,17.3342,189.92,0
2784,36.7253,19.057,0.1427,29.4418,10.921,255.321,0
2785,35.4147,10.6983,0.2372,18.5386,10.524,152.165,0
2786,15.138,8.0748,0.3779,9.0028,1.9985,142.5278,1
2787,12.496,11.970999999999998,0.358,9.0169,71.8226,200.418,0
2788,54.0852,22.1805,0.085,39.8541,1.185,224.593,0
2789,16.4981,11.4279,0.498,-7.5738,88.1266,71.0375,1
2790,28.5608,6.7988,0.266,-12.0474,12.69,67.1719,1
2791,33.9827,23.0086,0.1696,-26.3603,7.927,122.036,0
2792,76.3866,33.6676,0.1739,19.6201,10.377,377.974,0
2793,12.8364,11.4899,0.3862,6.5266,71.40100000000001,239.381,1
2794,31.5283,21.6599,0.1945,22.6167,50.0234,38.7816,0
2795,87.8735,39.2427,0.0676,72.916,0.1348,298.93,0
2796,85.6428,24.2711,0.0648,77.4443,6.784,204.996,0
2797,19.488,9.8834,0.2943,6.7234,67.2734,65.8253,0
2798,27.9888,7.5279,0.359,-6.5693,46.9345,236.984,1
2799,24.8791,15.4825,0.2483,-17.4964,3.389,149.86700000000002,0
2800,25.6128,15.0288,0.324,-16.7627,1.0356,99.6031,0
2801,71.6368,35.1325,0.2621,69.6237,31.114,343.792,1
2802,21.7326,13.4041,0.2804,11.1855,63.3021,197.2071,1
2803,93.9755,27.7106,0.1263,-42.5904,0.7124,381.871,0
2804,12.6464,11.7724,0.3722,-8.1029,9.0054,194.609,0
2805,23.1306,14.9958,0.2111,2.8332,41.0922,212.261,0
2806,32.5462,11.5827,0.2289,-18.9542,86.7709,202.796,1
2807,36.111,9.0128,0.3778,25.9147,5.3533,117.588,1
2808,34.9008,11.0774,0.2028,-22.9433,3.8104,181.11900000000003,0
2809,15.1507,10.0342,0.2838,-5.3614,86.0245,268.8749,1
2810,28.209,14.4629,0.2127,-22.9235,24.821,140.829,0
2811,46.9391,17.3862,0.1337,34.8408,0.8525,228.667,0
2812,101.63,48.2557,0.0669,-73.4577,32.0807,99.863,1
2813,22.1532,20.2976,0.2554,11.6411,7.5449,177.935,0
2814,31.3015,12.9583,0.2228,16.4468,7.922999999999999,220.319,0
2815,62.98,20.8929,0.1902,39.0726,61.3395,193.8582,1
2816,25.8722,6.7396,0.307,11.3454,83.0695,227.0477,1
2817,173.77599999999998,50.7778,0.0943,-32.5014,30.7879,203.3753,1
2818,28.0654,24.0877,0.174,14.3186,34.2341,100.225,0
2819,37.2286,33.108000000000004,0.0958,13.0372,16.6959,96.434,0
2820,25.9751,6.0889,0.3438,15.6104,19.6156,161.3214,1
2821,26.417,8.1402,0.4677,24.3051,7.3755,125.237,0
2822,29.8253,10.5662,0.25,18.7914,51.662,200.773,1
2823,27.3827,12.9279,0.1837,-12.7938,7.912999999999999,122.836,0
2824,39.5893,31.1051,0.0892,-16.1901,9.1402,152.375,0
2825,125.302,22.4505,0.3151,-78.8886,1.663,238.875,0
2826,33.7942,23.2233,0.1236,-17.7621,12.603,150.142,0
2827,83.5165,35.8008,0.0638,73.8819,5.473,205.303,0
2828,132.299,31.2872,0.1066,168.544,7.886,22.5724,1
2829,25.5952,16.5952,0.2071,14.8299,18.547,137.846,0
2830,25.6419,13.6572,0.2293,-15.0719,25.123,85.67299999999999,0
2831,129.6318,48.4755,0.1194,-124.5747,5.3168,378.5201,1
2832,39.6819,10.6402,0.1783,32.088,44.2994,150.0396,1
2833,91.1155,20.9876,0.1,56.2955,32.0834,300.513,1
2834,12.9767,9.6893,0.5670000000000001,-8.9651,63.4499,152.363,0
2835,21.1726,8.1638,0.2876,-10.6521,68.8752,78.8684,1
2836,157.672,58.5786,0.0561,-122.064,26.359,299.256,1
2837,18.5062,10.158,0.3611,12.0872,0.3676,177.142,0
2838,37.385,16.1595,0.2582,21.9007,5.3907,162.864,0
2839,27.8651,22.4944,0.1593,-25.2281,88.7812,201.9045,1
2840,26.6924,10.1383,0.3006,-19.0632,21.638,213.759,0
2841,78.709,41.2868,0.1308,58.0471,1.3633,343.2,0
2842,119.5829,25.3453,0.1766,43.521,29.7244,369.0021,1
2843,29.7108,17.1893,0.2866,23.5657,11.3994,153.8179,1
2844,145.4748,39.2394,0.1536,159.0491,20.6622,157.6303,1
2845,34.6295,27.772,0.1472,18.8844,72.4438,15.5029,0
2846,71.5129,22.8833,0.0676,53.2844,9.2116,219.278,0
2847,58.3867,12.853,0.1697,-35.9094,89.5595,127.1131,1
2848,68.0147,55.9897,0.2036,-47.3922,29.1731,272.514,1
2849,23.6209,18.0123,0.1925,19.9933,6.675,94.9412,0
2850,13.0894,9.8864,0.5427,8.3367,86.1601,218.383,1
2851,114.12,35.7247,0.0714,-18.4049,56.5554,273.133,1
2852,30.5805,9.5479,0.3338,32.8776,48.152,250.5888,1
2853,106.984,10.4787,0.1921,95.5549,7.499,207.432,0
2854,21.8505,21.3027,0.2712,9.2321,23.486,234.9623,1
2855,163.898,43.3357,0.0879,-117.601,22.1918,306.628,1
2856,25.0389,17.0572,0.3585,21.5977,23.722,190.991,0
2857,134.83,31.8561,0.1235,-69.0517,10.009,325.28700000000003,1
2858,35.4716,17.892,0.1573,-24.0317,20.1401,167.218,0
2859,96.8446,23.4002,0.1277,104.504,0.7867,261.046,0
2860,42.9738,23.5801,0.1185,32.7971,11.0611,182.674,0
2861,81.0446,25.2364,0.1416,66.2168,25.2656,215.0284,1
2862,108.67,71.6514,0.0895,113.663,53.8636,315.586,1
2863,34.5351,10.5958,0.3066,-10.1197,13.6956,137.3556,1
2864,24.3849,14.4254,0.2541,7.1992,14.769,157.267,0
2865,60.0423,21.4568,0.1252,-10.1213,52.36,156.726,0
2866,20.068,9.7614,0.4076,14.7087,19.9443,229.269,1
2867,58.0363,16.0858,0.1206,18.862,4.9132,133.565,0
2868,65.2174,29.1948,0.1032,60.9164,12.336,260.772,0
2869,20.9103,15.2311,0.2331,-7.7378,16.5516,101.877,0
2870,29.3356,15.7717,0.21,-7.4555,65.015,245.117,1
2871,25.9857,18.4585,0.1814,-6.2044,56.1948,190.33,0
2872,32.0214,13.4047,0.186,-11.7789,58.969,159.744,1
2873,46.5588,13.3629,0.3223,33.6985,11.03,166.51,0
2874,43.3156,26.1589,0.0898,30.9783,2.0615,119.24,0
2875,62.9257,26.6979,0.1188,44.164,8.6361,261.62,0
2876,48.2689,28.4269,0.283,57.7281,89.8702,201.982,1
2877,102.7604,21.2461,0.1251,62.9071,69.6356,168.4826,1
2878,25.8127,10.4511,0.2852,-11.646,67.8393,220.149,1
2879,241.74400000000003,65.7373,0.2282,-186.473,89.2007,185.161,1
2880,90.6992,23.635,0.0881,84.5329,7.369,326.835,0
2881,119.781,64.5416,0.0423,-56.4028,22.611,256.504,1
2882,20.6072,12.7755,0.2254,1.3942,55.9097,188.985,0
2883,29.8,16.3967,0.3031,26.4139,60.757,234.413,1
2884,29.2304,9.9358,0.2938,-25.5278,22.2624,171.91099999999997,1
2885,71.8686,24.7685,0.0893,59.4501,7.977,246.398,0
2886,110.365,43.2592,0.0505,73.6705,0.324,308.78700000000003,0
2887,23.0043,19.2486,0.2584,-16.6701,31.2545,162.424,0
2888,19.9697,12.0635,0.3693,20.5025,2.681,96.9348,0
2889,38.9993,9.7815,0.2688,26.6999,49.7465,192.15,1
2890,80.6936,27.46,0.0814,82.165,0.913,290.335,0
2891,40.3756,23.5152,0.1194,38.3548,6.978,130.91899999999998,0
2892,72.9406,18.8261,0.0869,-91.6845,86.5427,168.7385,1
2893,18.5164,10.5212,0.2572,3.8863,82.9909,211.533,0
2894,38.0252,16.247,0.1925,23.2398,10.748,188.724,0
2895,59.4912,3.8804,0.2044,60.5058,5.8833,245.8489,1
2896,133.346,91.4716,0.1605,114.082,48.3842,346.524,1
2897,25.7545,7.7716,0.3458,14.8342,7.3793,153.144,0
2898,43.2456,35.685,0.0844,37.2119,11.8193,128.238,0
2899,29.0185,8.5951,0.4305,15.6566,89.5797,64.2765,1
2900,16.3607,11.5709,0.3089,6.7419,35.427,155.95,0
2901,101.9251,74.4911,0.0852,-94.8429,1.8264,217.6671,1
2902,33.2105,14.3545,0.2064,17.8089,7.777,199.223,1
2903,21.4644,15.6017,0.2317,16.7081,8.2347,113.9438,1
2904,27.9367,10.3327,0.185,14.5286,72.8416,221.0064,1
2905,87.3533,27.0798,0.1003,85.9163,1.466,276.856,0
2906,166.679,41.9918,0.0684,-42.4626,4.3827,285.538,1
2907,12.8775,11.3796,0.4093,-7.5534,12.823,253.828,0
2908,71.0871,24.7024,0.1242,66.8521,24.0961,285.288,0
2909,60.0815,23.0309,0.1214,40.3108,82.9643,90.9217,1
2910,51.9117,12.0387,0.2135,32.4856,49.227,152.123,1
2911,17.0515,10.2826,0.4034,-23.8679,66.7769,116.8804,1
2912,19.6686,7.2387,0.4052,-11.46,79.812,39.1327,0
2913,50.3019,18.0709,0.1563,-31.6676,40.14,271.101,1
2914,19.6423,14.3582,0.2623,24.9844,8.195,286.0257,1
2915,44.6647,17.1665,0.1663,43.8893,78.5736,245.8811,1
2916,39.0712,26.9637,0.1003,31.1031,41.2088,64.7299,0
2917,61.5799,23.2666,0.0922,56.4123,6.494,254.929,0
2918,43.3537,17.7987,0.1715,-37.4404,17.749000000000002,114.828,0
2919,37.4704,10.7012,0.222,-10.5699,1.9409,160.222,0
2920,98.3474,41.8692,0.1791,-87.8181,26.902,343.841,1
2921,17.5921,11.0217,0.2862,5.487,9.4508,183.756,0
2922,21.1241,6.9295,0.4139,13.1664,75.89399999999999,167.3,1
2923,35.7114,18.3727,0.2349,29.8842,3.7819,176.297,0
2924,31.068,19.4888,0.1503,23.015,32.959,201.13,0
2925,113.445,24.1614,0.0857,-47.1541,71.8223,261.529,1
2926,81.1257,25.7679,0.1134,90.8954,3.0993,257.882,0
2927,70.1362,13.4687,0.1385,-3.2196,75.8906,187.0274,1
2928,98.4961,27.8934,0.0799,70.6578,3.663,291.545,0
2929,64.9205,28.2735,0.0905,39.969,3.321,143.30200000000002,0
2930,26.3494,10.2292,0.2746,21.1357,43.723,199.473,0
2931,131.0877,36.8068,0.1637,-81.2328,60.4176,52.4163,1
2932,20.9348,7.1192,0.3624,10.0491,0.9086,128.168,0
2933,145.0981,37.3401,0.1608,-59.4234,0.7016,212.3744,1
2934,22.3748,12.5193,0.2665,-9.389,21.5184,185.922,0
2935,58.0284,18.9179,0.1486,52.4075,4.187,219.692,0
2936,210.64,96.1207,0.0336,-90.5919,85.7625,359.26300000000003,1
2937,22.7125,17.0527,0.2273,-16.3228,11.114,179.925,0
2938,69.8391,33.2876,0.1968,41.4977,8.1046,96.654,1
2939,27.1266,12.3249,0.2304,-15.1941,3.64,151.095,0
2940,24.0591,17.4114,0.289,26.738000000000003,60.2985,189.3727,1
2941,99.0174,17.1708,0.2738,77.3718,56.435,263.869,1
2942,14.805,11.9121,0.3894,4.8126,7.736000000000001,244.982,1
2943,251.6331,29.8342,0.0811,-238.1731,69.7041,174.6363,1
2944,64.2993,31.9608,0.0897,-61.5848,21.6221,221.5627,1
2945,23.2115,16.8677,0.2654,17.4546,12.4823,240.256,1
2946,194.1337,77.3386,0.0855,-180.058,59.7473,265.2916,1
2947,12.9101,11.3843,0.3745,-3.4639,14.3513,200.056,0
2948,22.0678,10.6681,0.2975,-17.382,35.542,130.18200000000002,0
2949,85.6991,16.5385,0.0864,68.4694,39.0355,177.91,1
2950,22.5058,9.6454,0.324,-26.805,25.5648,46.6227,1
2951,34.1859,14.1638,0.2306,-21.1343,8.894,163.346,0
2952,22.3088,17.7442,0.2146,18.4696,67.58,248.777,1
2953,141.093,38.294,0.0637,76.9987,70.89699999999999,234.758,1
2954,29.6257,13.2244,0.2109,14.3784,29.477,173.588,0
2955,18.809,11.1305,0.4245,-3.0608,75.574,222.591,1
2956,25.9774,15.4987,0.2131,9.3965,29.3651,158.6101,1
2957,41.1662,12.2269,0.1757,-25.8186,0.1056,224.031,0
2958,29.1467,13.858,0.2306,18.0578,17.9541,173.489,0
2959,92.1583,44.5853,0.074,79.3432,8.116,292.406,0
2960,25.4768,7.5159,0.3493,-14.6593,5.854,171.21,0
2961,22.61,10.6423,0.2565,-17.8097,64.03399999999999,253.029,0
2962,47.7336,16.9892,0.1797,19.3258,1.3785,239.515,0
2963,85.0641,11.427,0.2313,-103.7706,45.2804,202.524,1
2964,26.1602,9.7963,0.2584,13.5184,20.6134,198.947,0
2965,68.1675,17.6491,0.2144,-73.8798,27.876,178.391,1
2966,59.835,9.6551,0.1873,41.5803,47.7762,258.626,1
2967,46.1791,22.8542,0.1357,29.8127,81.1581,184.9861,1
2968,139.143,89.1839,0.0938,-127.256,74.7645,337.48800000000006,1
2969,12.869000000000002,10.5742,0.4406,2.787,37.4304,227.1803,1
2970,63.5563,23.7963,0.2164,-39.3477,4.7658,270.096,0
2971,28.9815,11.8458,0.2568,17.6737,18.5888,214.76,1
2972,19.1106,16.0598,0.2587,15.3466,19.125,185.174,0
2973,166.4309,68.1438,0.013,95.2531,28.5987,227.3674,1
2974,38.1901,10.8641,0.1878,12.3668,28.1573,261.575,1
2975,19.3476,7.4495,0.4448,5.872000000000001,62.5119,162.819,0
2976,118.009,77.918,0.2011,-156.455,37.9059,350.69,1
2977,158.6535,55.1341,0.0448,-18.014,44.8209,312.1745,1
2978,26.8185,14.5104,0.2539,17.5697,68.33,29.2585,1
2979,42.0829,11.5649,0.2457,36.3378,18.539,239.752,1
2980,122.1989,32.9978,0.2145,91.417,43.3185,176.6684,1
2981,20.1205,7.0077,0.4294,13.8015,22.0935,184.527,1
2982,35.8471,17.9053,0.2387,24.8861,4.111000000000001,204.962,0
2983,25.2958,9.4956,0.2813,17.8278,18.1924,181.397,0
2984,55.8434,21.4546,0.1169,-27.5871,5.4306,233.588,0
2985,25.4719,20.6789,0.3184,8.4876,85.9595,158.3338,1
2986,28.9362,10.8234,0.2643,-18.1301,50.266000000000005,165.21400000000003,0
2987,62.129,25.725,0.0874,57.7602,7.5688,244.516,0
2988,81.5248,35.3152,0.1332,-60.7465,4.049,374.416,0
2989,20.2877,16.9833,0.2496,6.5384,12.8744,67.6394,1
2990,63.0077,21.1637,0.1164,25.8214,10.028,241.017,0
2991,18.1068,10.3973,0.4061,2.8306,34.7151,172.4356,1
2992,209.421,122.147,0.0715,-113.492,29.7554,199.704,1
2993,51.0001,16.9364,0.165,38.6376,69.74,169.977,1
2994,70.2549,9.1898,0.1246,-23.7721,63.7323,203.1987,1
2995,44.376000000000005,13.9462,0.1559,-23.0565,50.0762,40.3514,1
2996,22.4815,10.7419,0.2887,18.8778,82.6674,33.7811,0
2997,38.3967,21.3646,0.1787,31.7121,58.4662,161.691,0
2998,30.3496,21.4064,0.2156,16.8734,30.6333,232.539,1
2999,64.0832,44.5162,0.1568,-54.5893,32.193000000000005,262.72700000000003,1
3000,184.164,57.9875,0.0343,-152.165,51.049,226.136,1
3001,15.2473,9.6954,0.3553,17.9352,3.0382,246.0085,1
3002,65.75399999999999,18.9742,0.0931,40.3983,2.4015,221.414,0
3003,167.0905,60.6303,0.1965,-141.6958,6.9414,359.4006,1
3004,21.7316,16.7682,0.2252,8.7312,58.0948,105.364,0
3005,30.5474,13.0754,0.4621,0.3381,34.0047,40.304,1
3006,37.9632,24.1878,0.1468,19.804,1.7101,186.551,0
3007,34.4045,8.3875,0.2221,50.6389,7.1369,271.5166,1
3008,89.0326,33.6028,0.1175,40.5458,1.1214,350.666,0
3009,31.0843,6.1756,0.314,13.6314,28.549,150.605,0
3010,33.0512,10.0088,0.2317,26.5446,36.865,132.566,1
3011,40.5701,19.4878,0.1652,-15.861,8.5051,144.38299999999998,0
3012,100.749,21.2687,0.1407,99.5753,70.39399999999999,169.222,1
3013,29.1553,20.7816,0.2164,27.0022,56.541,103.243,1
3014,120.6062,61.0977,0.0907,-61.3993,88.191,300.1919,1
3015,20.4949,8.4959,0.4516,15.4163,51.998000000000005,114.486,1
3016,19.6295,9.4028,0.3936,13.3563,11.997,208.185,0
3017,113.062,75.0545,0.1106,-118.451,7.3405,438.901,1
3018,19.7657,10.8675,0.3476,12.8656,51.5436,100.092,1
3019,39.196,15.1294,0.1641,13.5262,14.662,228.967,0
3020,123.2858,29.478,0.093,19.857,32.2261,94.2075,1
3021,53.8192,44.3944,0.0653,-41.474,29.1155,204.7433,1
3022,51.5322,26.1919,0.1178,48.4919,16.385,249.641,0
3023,81.0934,20.4513,0.1552,75.7195,3.772,259.48400000000004,0
3024,41.5547,17.8223,0.1481,21.6034,26.5738,174.02599999999998,0
3025,27.7395,9.7449,0.3126,19.8611,20.0791,84.1283,1
3026,30.0741,7.4778,0.3194,-20.1186,78.5791,159.612,1
3027,35.8929,7.3843,0.3056,21.891,0.583,179.991,0
3028,59.8461,38.4766,0.1524,42.4882,3.465,257.031,0
3029,112.628,79.1995,0.0385,79.5973,65.6493,358.1424,1
3030,104.4142,79.3806,0.0349,44.7589,25.7709,320.1963,1
3031,75.6875,25.5368,0.1946,-15.0001,0.7458,378.241,0
3032,45.6988,11.545,0.2012,15.2565,40.9735,189.3365,1
3033,61.7727,52.9601,0.1635,-57.2132,18.1415,23.6597,1
3034,43.2868,12.6522,0.1453,15.1082,26.6256,168.077,1
3035,42.13399999999999,18.3822,0.2079,37.3944,26.9644,162.403,0
3036,82.9965,33.9101,0.0848,75.8474,0.638,306.926,0
3037,22.4095,18.5192,0.3223,-14.4156,67.8662,119.858,1
3038,62.3214,22.336,0.1366,51.3572,12.9721,290.201,0
3039,28.2338,16.3284,0.2047,21.8452,8.526,217.377,0
3040,21.699,17.4339,0.1967,-10.6938,39.035,185.413,0
3041,88.1673,46.887,0.1704,-101.593,20.1773,342.1767,1
3042,120.1296,30.0357,0.2383,65.8696,14.3856,213.8886,1
3043,77.1196,11.4318,0.2007,68.4121,9.1846,309.0283,1
3044,27.2155,16.8424,0.2188,-0.1885,36.1572,88.0796,1
3045,18.3964,8.3041,0.5125,13.3708,46.7087,193.7622,1
3046,68.4217,19.7064,0.1988,61.5847,13.5339,286.522,0
3047,32.705,8.2409,0.2841,-10.6992,5.2825,224.76,0
3048,73.7126,31.0426,0.1062,71.1547,2.3374,277.643,0
3049,60.9546,27.9552,0.1675,-32.642,50.487,32.9258,1
3050,116.7869,26.3692,0.1612,54.4162,81.8155,209.6312,1
3051,23.5536,17.5029,0.2149,19.0743,49.0547,128.287,0
3052,75.183,28.4251,0.1063,56.2553,4.178,257.119,0
3053,91.6025,13.9875,0.146,65.8994,43.096,284.879,1
3054,20.4949,8.4959,0.4516,15.4163,51.998000000000005,114.486,1
3055,76.1269,32.9058,0.0518,61.1586,19.5424,145.529,0
3056,47.7956,15.0152,0.1826,32.878,31.24,203.792,1
3057,28.4461,11.6514,0.2168,-13.0332,30.0405,232.138,0
3058,65.8189,31.5093,0.184,68.4623,7.5572,234.2728,1
3059,19.4632,10.5655,0.372,-16.5797,64.51899999999999,166.183,1
3060,159.9055,75.9563,0.0722,58.5895,85.6268,241.3654,1
3061,33.3877,15.0465,0.2512,-12.1814,66.4296,179.5712,1
3062,67.8422,36.3001,0.0721,80.51,21.905,140.122,0
3063,261.9504,27.9167,0.2418,183.4282,27.8128,48.0785,1
3064,97.2271,25.0848,0.1175,56.7012,1.194,369.853,0
3065,47.133,5.0732,0.2252,31.3435,35.9407,171.9951,1
3066,128.945,47.1696,0.0536,-90.9151,58.5095,85.5954,1
3067,20.7849,16.9783,0.1996,11.782,80.5721,135.54399999999998,0
3068,40.6884,11.1535,0.1994,21.5729,6.2944,171.584,0
3069,24.7323,10.4829,0.3118,19.575,14.7714,192.034,0
3070,50.0412,22.0004,0.1148,44.8267,30.836,50.6282,0
3071,48.45399999999999,20.799,0.0999,-30.5403,4.765,202.409,0
3072,25.607,12.8794,0.2467,9.9503,5.452000000000001,165.305,0
3073,124.4163,18.8923,0.1135,-154.9658,31.3615,129.7972,1
3074,134.4043,41.88399999999999,0.125,69.5802,26.502,264.0329,1
3075,45.1692,18.3499,0.1291,28.1679,9.293,156.822,0
3076,32.4792,21.3816,0.163,-8.3331,67.66199999999999,71.3788,1
3077,18.1854,10.6422,0.2891,-8.8023,33.034,219.605,0
3078,19.195,16.5182,0.2959,20.8518,26.3307,195.0225,1
3079,58.1422,21.6227,0.0923,46.4289,1.5315,224.507,0
3080,92.5886,50.6869,0.1439,-89.9905,6.461,375.2596,1
3081,60.2779,20.7181,0.1204,45.2479,25.9201,187.995,0
3082,43.7054,11.1551,0.2341,30.7059,37.048,274.518,1
3083,16.573,11.2568,0.3271,8.4646,21.7684,216.874,0
3084,19.8728,10.4742,0.3674,16.2479,72.232,230.067,1
3085,25.2213,12.6447,0.2591,-16.3947,7.247000000000001,150.287,0
3086,35.4413,8.6428,0.2223,-8.2996,74.2972,246.4691,1
3087,87.0503,21.4098,0.1432,48.2902,1.4973,214.795,0
3088,23.4563,11.3381,0.2766,6.9172,21.817,141.46200000000002,0
3089,30.8198,20.2083,0.163,-19.121,5.332000000000001,167.012,0
3090,19.1962,7.2453,0.6172,19.1667,29.2578,251.85,1
3091,14.6323,12.2416,0.4052,3.2344,74.7762,95.6557,0
3092,82.8786,18.7279,0.1257,96.6087,19.081,147.036,0
3093,12.7516,11.6186,0.3821,-7.4619,8.1347,224.467,0
3094,41.11600000000001,14.6575,0.1945,31.5955,7.629,220.475,0
3095,19.5444,5.6572,0.643,19.5788,14.086,180.542,1
3096,28.085,12.8567,0.3282,13.0427,25.4082,179.107,0
3097,36.7277,7.0838,0.3565,18.2783,10.692,209.021,0
3098,19.2617,17.9343,0.2516,-15.4653,48.5785,109.587,0
3099,81.0534,26.4866,0.0926,69.3393,2.714,297.168,0
3100,32.9748,12.4175,0.2601,12.0755,16.2389,210.152,0
3101,40.8823,12.2532,0.1546,-23.0124,16.879,195.086,0
3102,97.6397,20.4006,0.1269,72.7447,41.6738,256.73,1
3103,81.638,38.9439,0.1282,-95.8508,41.1835,225.4746,1
3104,21.7287,11.3452,0.3079,20.1144,35.7407,75.258,0
3105,39.5411,10.8616,0.2129,33.4458,4.419,192.58900000000003,0
3106,86.3712,28.5031,0.1257,62.9564,2.2074,305.311,0
3107,41.7329,13.4302,0.2289999999999999,-9.1693,55.0425,43.0465,1
3108,20.4749,10.3962,0.3342,17.3553,19.0444,191.43400000000003,0
3109,26.2601,10.04,0.2597,14.4647,18.7981,263.945,1
3110,110.4766,71.8217,0.0537,47.166,46.3265,216.3036,1
3111,32.1547,12.541,0.2167,24.5785,35.184,192.587,1
3112,215.819,94.928,0.0284,-166.553,73.2642,340.006,1
3113,34.0146,15.2469,0.1699,19.9552,15.18,227.911,0
3114,19.3067,9.5213,0.4044,-13.7595,87.7668,135.2,1
3115,46.3735,22.7618,0.1489,15.4585,65.4746,90.0872,1
3116,52.9502,17.4422,0.1147,44.2121,0.2328,239.592,0
3117,123.7683,90.9751,0.0389,-35.78,43.2641,113.1712,1
3118,71.5951,19.3552,0.1018,65.8521,0.8714,210.646,0
3119,35.2461,16.1189,0.1825,27.5117,1.9002,151.064,0
3120,46.3787,16.4464,0.2655,29.6298,25.804,280.1,1
3121,68.1948,34.0673,0.1853,-63.0794,24.7067,318.6437,1
3122,34.9165,8.8163,0.2328,1.2934,70.5669,264.2194,1
3123,32.9825,20.5881,0.1454,-19.1633,2.4725,171.071,0
3124,31.0892,29.4759,0.1333,-23.6967,7.8958,94.4138,1
3125,34.0231,16.1241,0.2556,27.3226,8.265,120.801,0
3126,57.9494,48.1364,0.1176,-73.6674,82.4341,295.2138,1
3127,78.1426,26.3377,0.0997,69.85600000000001,1.9837,268.889,0
3128,43.9765,22.1134,0.1955,-40.9813,24.0983,254.5445,1
3129,18.7278,10.1874,0.3379,-11.1618,33.714,160.843,1
3130,59.8099,30.7612,0.0794,49.3329,1.0275,174.979,0
3131,15.1324,12.0507,0.3879,-2.3146,21.428,81.919,0
3132,24.6901,10.7727,0.3233,-22.0628,21.7968,214.126,0
3133,32.9759,15.2198,0.2014,29.8238,14.964,245.289,1
3134,16.5452,10.7477,0.4289,-5.2406,15.491,221.674,0
3135,28.9745,10.8616,0.2557,18.1993,5.1486,168.44799999999998,0
3136,10.1215,9.9837,0.4324,4.3818,81.1249,122.0019,1
3137,95.6926,24.6683,0.1017,103.942,7.0973,226.194,0
3138,45.1661,19.4567,0.1445,21.7586,2.8997,166.78900000000002,0
3139,102.0005,22.0017,0.0724,43.0553,88.4636,274.9392,1
3140,38.8614,8.9313,0.2269,4.0011,84.5782,173.0554,1
3141,54.4607,17.2196,0.1786,42.1248,0.046,226.423,0
3142,77.2949,24.0908,0.0995,61.5344,7.626,230.41,0
3143,35.7373,14.1315,0.2717,24.3697,32.871,68.3571,1
3144,25.927,12.514,0.4171,-23.296,74.189,226.515,1
3145,101.526,75.7229,0.1126,-110.431,71.158,232.424,1
3146,40.1071,27.6602,0.11,-7.963999999999999,11.7922,129.98,0
3147,24.3793,11.7661,0.299,-15.4944,5.4222,240.808,0
3148,27.8936,23.3166,0.1964,17.6953,82.8799,83.9734,0
3149,34.3373,16.4943,0.1862,-29.0313,48.25899999999999,30.8191,0
3150,12.9833,11.1402,0.4298,-6.5901,37.207,239.781,0
3151,46.3507,18.0768,0.1448,-47.2159,67.3162,234.0607,1
3152,41.3527,11.3559,0.2225,-22.2029,9.469,198.14,0
3153,19.8334,12.6453,0.3115,13.8988,39.5399,135.535,0
3154,28.9082,16.0418,0.1916,-11.6054,18.845,220.545,0
3155,31.9845,20.2225,0.1611,22.3686,41.1956,220.921,1
3156,90.2341,34.3264,0.1362,50.2485,4.712,327.496,0
3157,26.534,24.2043,0.2166,22.5383,21.7682,69.9527,1
3158,57.6796,22.1521,0.1637,54.0013,10.262,243.656,0
3159,43.2,8.8465,0.2355,48.0358,21.9706,263.5995,1
3160,20.7922,7.1641,0.3554,9.6902,6.7860000000000005,102.655,0
3161,44.0134,19.6304,0.1312,-30.7642,40.6993,72.4253,1
3162,80.7882,55.0349,0.0725,70.9064,22.529,277.398,0
3163,268.384,28.4885,0.0549,142.10399999999998,1.607,95.3574,1
3164,21.2246,16.198,0.2841,7.6054,64.491,231.5106,1
3165,20.5012,16.254,0.25,-14.3202,5.932,159.226,0
3166,12.9199,11.3608,0.3862,-5.261,30.606,146.47899999999998,0
3167,48.2433,11.4966,0.1627,10.3585,81.9384,151.514,1
3168,44.089,21.713,0.1222,29.4265,13.5997,213.798,0
3169,28.9433,6.5579,0.3308,17.9597,6.62,223.888,0
3170,74.8174,25.8454,0.0969999999999999,60.774,4.8815,278.764,0
3171,25.2295,10.3237,0.3037,26.8131,12.7764,107.4802,1
3172,30.1506,11.3503,0.2117,16.6312,59.5235,87.6406,1
3173,20.1958,7.2301,0.3829,-11.1057,17.9072,137.714,0
3174,16.854,11.1091,0.3294,-8.7134,4.875,239.226,0
3175,133.179,46.2426,0.1121,-129.009,14.232,336.631,1
3176,36.8412,21.7957,0.2117,-14.8222,70.6744,209.926,0
3177,17.5108,12.8155,0.3602,11.7473,12.6649,247.928,1
3178,85.926,25.8556,0.0958,68.503,10.005,276.343,0
3179,20.3407,7.4247,0.5642,18.5961,12.1306,203.266,1
3180,43.1787,22.7382,0.1285,34.1506,15.4188,154.487,0
3181,12.8791,11.4268,0.3846,-5.6954,67.6544,256.531,0
3182,21.6421,9.9561,0.3466,18.7207,45.9906,127.847,0
3183,25.4432,6.611000000000001,0.3627,11.0785,46.22,47.3819,1
3184,196.43,56.5929,0.0935,-66.2854,13.97,176.93099999999998,1
3185,87.5476,30.4948,0.0798,79.9757,3.789,249.389,0
3186,51.4678,33.389,0.0632,-33.5638,61.5665,245.2822,1
3187,71.2934,32.3604,0.1513,50.067,2.6,294.432,0
3188,130.308,13.303,0.1812,116.05,49.75899999999999,173.55200000000002,1
3189,32.6759,19.4491,0.1958,14.4187,0.134,129.141,0
3190,36.6617,15.5033,0.3182,25.5228,11.3761,224.069,0
3191,45.3366,25.6922,0.1174,-32.7098,61.915,90.4217,1
3192,40.4385,38.4418,0.0954,34.4512,12.9888,96.4919,0
3193,47.2489,18.8375,0.1331,-34.2862,0.7073,199.989,0
3194,90.4566,31.4576,0.1417,55.2011,0.3742,341.706,0
3195,26.9052,12.155,0.2473,-20.1639,84.1917,199.24,1
3196,51.4249,11.1595,0.2002,30.2313,18.0023,220.21400000000003,1
3197,233.7968,137.1439,0.0836,-270.6169,48.1369,291.7171,1
3198,32.9957,12.5757,0.327,26.5732,71.066,65.1353,0
3199,88.6699,34.8466,0.3115,98.0688,69.0351,87.4392,1
3200,12.8581,9.527,0.5868,9.3931,14.56,39.9414,1
3201,72.4762,61.65,0.0791,-26.8392,84.8187,154.1564,1
3202,81.2135,18.773,0.1376,66.1504,0.193,258.158,0
3203,73.889,20.924,0.1527,25.2975,20.778,130.2067,1
3204,89.9213,31.2131,0.1207,93.1635,8.3626,333.855,0
3205,36.9766,9.2718,0.2956,14.9799,79.7793,231.5184,1
3206,96.7934,34.2141,0.094,-53.5393,11.061,294.38,1
3207,33.6476,21.4115,0.135,-8.8087,26.137,175.25400000000002,0
3208,77.199,65.2484,0.0594,42.6893,25.1221,94.0028,1
3209,204.405,58.3352,0.0865,26.1755,87.9678,275.394,1
3210,15.007,4.7531,0.3878,9.4003,10.7143,214.3538,1
3211,48.3365,28.4086,0.1117,24.0503,67.0392,63.0931,1
3212,29.6407,17.2199,0.2014,15.4728,26.1855,191.574,0
3213,64.6147,48.7627,0.1422,46.5261,77.993,317.116,1
3214,38.5942,28.2244,0.1366,22.4972,35.4255,213.8245,1
3215,45.6239,17.151,0.1245,36.879,6.2620000000000005,150.746,0
3216,50.8159,26.4985,0.0852,22.993,9.767,177.351,0
3217,106.5722,59.3337,0.105,90.4481,6.8548,278.4193,1
3218,22.8256,11.9883,0.3213,-13.1114,46.799,228.145,1
3219,100.664,36.7371,0.0472,85.6362,1.45,272.607,0
3220,30.205,18.8821,0.1902,23.2991,9.77,132.841,0
3221,64.1003,25.5615,0.0869,45.5128,2.8760000000000003,237.039,0
3222,34.3785,8.8483,0.2831,-14.2938,52.3229,212.2864,1
3223,20.2693,10.7374,0.3227,-18.5614,57.08,265.408,1
3224,26.9151,21.6633,0.1587,5.415,17.608,118.991,0
3225,33.5226,18.762,0.1947,19.9597,8.4862,239.158,1
3226,25.2265,19.6001,0.2305,11.3904,20.2535,160.066,0
3227,23.6856,21.166,0.1782,-9.1757,50.74100000000001,223.067,1
3228,30.0199,14.3107,0.2552,10.0191,73.2437,251.0377,1
3229,69.9918,20.4858,0.1247,42.0884,9.2202,286.913,0
3230,72.5174,17.8667,0.1037,32.7802,37.8377,166.101,1
3231,47.9535,7.8257,0.2433,31.8151,50.099,108.575,1
3232,34.9377,24.2443,0.1429,-9.9848,42.679,153.326,0
3233,31.9028,14.83,0.2028,19.945,6.9052,224.639,0
3234,67.4097,18.461,0.1017,55.0759,1.797,227.366,0
3235,24.1838,21.6256,0.143,18.5954,52.1482,152.064,0
3236,139.143,89.1839,0.0938,-127.256,74.7645,337.48800000000006,1
3237,98.6723,38.6109,0.0715,71.3121,0.6137,362.341,0
3238,95.564,28.8504,0.0811,73.0055,3.2455,277.621,0
3239,22.2134,18.3853,0.2599,16.1254,23.648000000000003,93.175,1
3240,30.8021,11.37,0.2925,-31.5454,78.0385,249.0765,1
3241,27.072,18.1879,0.1928,8.6172,85.8996,186.7349,1
3242,28.3933,18.0348,0.2348,20.8174,55.3045,193.6363,1
3243,36.1991,0.7291,0.3782,-17.9863,9.5051,135.8077,1
3244,107.969,30.7899,0.1868,-138.305,69.079,194.444,0
3245,63.0002,26.9346,0.3363,-45.0815,1.4074,344.389,1
3246,168.453,155.194,0.0387,-133.06799999999998,86.3874,242.215,1
3247,250.3896,68.1111,0.1571,126.1365,27.686,109.1046,1
3248,22.7146,16.1697,0.2352,14.0026,15.825,228.628,1
3249,144.264,76.2978,0.2291,-128.88299999999998,12.0694,235.422,1
3250,92.5755,16.042,0.2346,76.9637,0.5051,237.756,0
3251,24.1319,13.4127,0.2909,20.0412,51.3869,214.806,0
3252,18.7908,10.3372,0.2847,7.6263,18.3669,190.416,1
3253,34.3841,5.9653,0.2219,0.5224,83.3564,105.6314,1
3254,83.2152,30.5765,0.1161,56.09,29.039,283.383,1
3255,42.9672,27.0297,0.1296,28.5863,5.212000000000001,176.803,0
3256,73.449,27.4219,0.1313,-42.2207,46.4513,270.7084,1
3257,138.115,93.566,0.0528,-122.704,51.523,85.3095,1
3258,92.5854,11.2825,0.1923,-48.92,2.5099,293.081,0
3259,61.2981,14.415,0.2726,44.085,21.895,202.806,0
3260,33.2405,1.6143,0.305,14.9031,80.2955,116.9219,1
3261,17.8947,8.2788,0.5532,-10.9521,70.6041,134.365,1
3262,35.3473,9.391,0.2385,25.2467,81.7432,254.38,1
3263,20.3585,12.8363,0.2841,-14.8085,28.3104,206.497,0
3264,73.7153,22.9379,0.1056,60.9991,8.705,217.791,0
3265,117.515,46.7544,0.0751,-110.539,40.92,173.59900000000002,1
3266,120.64,61.3596,0.0845,-75.6839,85.7317,220.0491,1
3267,37.2686,16.3041,0.1672,-21.3381,1.6769999999999998,164.055,0
3268,21.2705,15.2831,0.2241,6.2083,54.769,45.1365,0
3269,32.8184,11.3792,0.262,-17.1332,67.2362,66.1128,1
3270,175.6198,49.0693,0.1378,-151.1484,46.2451,305.647,1
3271,16.2656,12.1606,0.3952,7.5013,17.9789,239.4078,1
3272,30.147,12.4679,0.2117,-20.1432,5.9657,193.48,0
3273,22.7551,14.6236,0.2622,-12.0504,68.9151,258.035,1
3274,17.2868,10.6246,0.2994,-19.4539,86.4343,158.3132,1
3275,25.9113,11.6645,0.2259,-12.4398,4.2998,125.4517,1
3276,54.8714,21.792,0.1641,40.378,0.6509999999999999,245.111,0
3277,12.7405,11.5999,0.4008,9.2718,50.2015,200.551,1
3278,94.238,21.582,0.1117,88.6187,1.534,294.712,0
3279,21.0636,10.6847,0.3006,18.5696,11.615,113.067,0
3280,20.6868,11.3805,0.3162,-12.0506,50.1761,128.3896,1
3281,55.3951,22.511,0.3039,-24.5285,22.574,314.095,1
3282,131.851,32.4922,0.1144,-89.5004,4.37,293.047,1
3283,25.3314,9.1355,0.3221,15.0419,89.2587,46.1343,1
3284,47.5259,13.2385,0.1379,-32.4062,45.1887,36.4109,1
3285,47.1951,23.7468,0.1167,41.2137,18.4615,133.387,0
3286,47.3193,19.4653,0.1365,22.4961,5.2636,182.399,0
3287,60.4391,49.7525,0.1159,-60.5389,87.5028,216.221,1
3288,177.74400000000003,74.2536,0.0486,-164.608,53.015,154.608,1
3289,20.2629,12.6787,0.2594,14.2747,17.0032,185.186,0
3290,80.3253,21.496,0.1354,-87.3739,21.5092,108.854,0
3291,37.4691,11.084,0.2746,-27.4753,2.0718,116.1105,1
3292,18.6383,13.9393,0.3443,-10.550999999999998,36.155,216.05900000000003,0
3293,24.2645,13.0711,0.3846,11.4937,12.2864,255.6856,1
3294,30.1951,18.3348,0.2508,38.5225,74.6715,95.681,1
3295,28.3653,8.8107,0.3324,25.6345,50.3175,150.02700000000002,1
3296,170.743,101.479,0.0582,-143.024,63.52,190.415,1
3297,20.458,10.5088,0.3443,16.724,46.285,142.186,0
3298,126.4411,97.2485,0.0397,62.9013,88.2836,334.3687,1
3299,75.1286,26.9409,0.1479,-48.442,7.1122,305.5845,1
3300,19.6129,6.9686,0.4398,-13.8755,9.825,87.9476,0
3301,54.3867,18.5857,0.1134,42.1384,2.932,222.666,0
3302,27.2843,20.5933,0.1995,-18.6765,10.2623,139.235,0
3303,107.6995,43.5729,0.0435,105.0877,73.0632,173.3239,1
3304,18.4932,16.9369,0.23,-21.9054,44.625,75.0225,1
3305,25.3012,16.2202,0.3149,-27.258000000000003,48.5567,228.125,0
3306,38.609,25.2966,0.157,-29.9227,10.9353,166.40599999999998,0
3307,225.747,103.106,0.0277,-183.907,72.622,254.918,1
3308,102.152,24.0967,0.1887,-123.359,74.1019,175.967,1
3309,19.704,12.7106,0.4043,16.7573,58.1885,211.29,1
3310,34.6275,8.556000000000001,0.3588,19.9181,1.67,235.162,0
3311,132.752,40.9525,0.0648,154.833,9.8339,119.642,1
3312,20.1273,10.2168,0.3683,-16.4384,8.229,125.329,0
3313,45.397,9.8762,0.2007,47.6066,29.0002,245.3801,1
3314,40.6665,18.1613,0.1448,34.6532,13.2776,116.04,0
3315,105.614,47.6501,0.0447,82.26299999999999,0.051,324.56,0
3316,109.86,26.6064,0.1105,38.5759,21.1975,294.343,1
3317,73.7598,19.5252,0.1032,13.0558,9.2372,132.0422,1
3318,26.8924,14.2468,0.2779,-9.9324,5.94,114.594,1
3319,75.888,32.9711,0.0746,36.3425,43.3579,205.602,1
3320,46.7637,14.9414,0.1595,-34.7392,2.0311,175.065,0
3321,56.368,19.4828,0.1036,-20.0431,6.1998,160.08,0
3322,68.9648,25.5221,0.1121,52.6603,0.402,253.006,0
3323,74.3027,25.0515,0.0896,-33.0678,53.4656,232.1485,1
3324,68.01,21.6258,0.1837,60.1257,4.0577,268.331,0
3325,235.367,108.814,0.0279999999999999,-163.27700000000002,59.67100000000001,171.69799999999998,1
3326,19.9855,17.8006,0.24,29.1033,87.1498,245.888,1
3327,69.5005,26.135,0.0971,54.2763,7.564,266.43,0
3328,64.9471,26.449,0.2039,80.4606,8.6118,238.6039,1
3329,39.5436,19.3693,0.1445,23.9908,51.391000000000005,151.42700000000002,1
3330,105.5703,30.1647,0.1617,78.1421,49.2844,237.1594,1
3331,27.9249,10.6447,0.25,17.8478,60.341,243.604,1
3332,29.613000000000003,23.3474,0.1582,17.9651,9.7328,66.4324,0
3333,34.9699,15.4688,0.1862,30.5621,40.2034,194.6822,1
3334,26.8784,9.6646,0.3347,23.2541,34.2142,145.562,0
3335,94.3922,57.8037,0.1454,-72.3694,21.386,430.119,1
3336,38.9617,8.2674,0.3375,28.819000000000003,1.5978,223.92,0
3337,94.7731,74.473,0.1987,30.0436,22.4103,348.3267,1
3338,24.8336,20.0498,0.2115,16.857,83.6202,60.9289,0
3339,74.8373,28.3282,0.09,53.9904,0.1197,253.66,0
3340,81.17399999999999,22.1521,0.1363,72.5212,2.569,287.038,0
3341,25.9914,16.1381,0.1954,-5.9925,45.5845,156.501,1
3342,210.2886,58.4039,0.1317,-246.2301,70.43,58.0914,1
3343,23.4123,14.7674,0.2927,14.9779,39.4624,212.326,0
3344,23.2204,0.0038,0.4201,-16.5585,74.3282,188.887,0
3345,63.9423,14.0043,0.1108,-31.0729,70.9378,214.8704,1
3346,119.6889,26.3635,0.11,-90.4173,89.8538,182.4629,1
3347,21.4297,10.5062,0.4393,17.368,7.4151,151.917,1
3348,24.2936,20.4984,0.2297,12.6444,45.4214,108.654,0
3349,24.1415,14.376,0.2126,-16.0301,13.845999999999998,61.7531,0
3350,50.8046,30.0053,0.081,40.3755,10.9222,148.84799999999998,0
3351,44.7514,21.1995,0.1057,30.1,7.475,188.386,0
3352,10.6118,10.0548,0.315,0.5839,44.4008,187.5178,1
3353,24.0448,11.0076,0.3539,13.9629,21.9218,170.7762,1
3354,27.6224,10.1414,0.2706,-16.5941,77.9632,48.0056,1
3355,18.5028,14.3127,0.1807,1.6084,86.5553,158.4993,1
3356,119.641,39.7995,0.4525,-114.261,36.572,381.67800000000005,1
3357,48.2398,7.2881,0.1653,21.2112,69.1637,140.5233,1
3358,183.752,108.762,0.0251,-163.055,47.536,179.80700000000002,1
3359,24.161,12.9711,0.3076,18.4406,24.558000000000003,126.068,0
3360,28.6805,7.9556,0.2843,-15.2115,62.941,138.55200000000002,1
3361,29.0507,13.783,0.216,14.865,10.959,249.012,0
3362,42.9283,20.0943,0.146,-21.1994,13.034,214.581,0
3363,200.1055,92.8443,0.1939,-229.1579,8.5877,214.2675,1
3364,41.774,15.8794,0.2649,-30.0984,2.018,166.014,0
3365,42.8086,18.8586,0.1146,27.8414,7.0622,177.935,0
3366,138.252,24.8473,0.1487,-169.18900000000002,45.867,188.461,0
3367,28.1201,10.785,0.3659,37.1247,58.3736,174.4719,1
3368,161.334,43.5999,0.1098,93.1886,0.7979,284.346,1
3369,55.0742,13.1883,0.1319,27.1759,31.1266,166.8444,1
3370,27.8762,17.4013,0.2334,-18.5089,11.5874,195.272,0
3371,191.8036,49.7183,0.1225,143.6098,44.3492,245.4199,1
3372,30.0267,11.9254,0.2157,-23.5485,39.1621,50.6581,0
3373,55.1571,18.0132,0.2842,-50.4968,79.495,242.89,1
3374,50.6671,15.2077,0.1505,-12.0942,0.054,208.903,0
3375,24.6743,15.1377,0.1876,-16.419,0.373,154.539,0
3376,39.6993,14.0071,0.1854,26.0502,50.0701,225.706,1
3377,29.2898,18.5989,0.1824,-15.1663,20.232,116.403,0
3378,48.5758,14.6584,0.1655,20.484,3.4252,225.413,0
3379,20.6496,8.9581,0.3703,11.6179,42.2038,66.3873,1
3380,29.8325,19.8526,0.2424,24.8158,50.398,280.732,1
3381,101.073,29.0582,0.1043,-69.2004,4.683,291.476,0
3382,20.9681,12.0129,0.2623,-8.0242,77.8145,191.019,1
3383,206.5165,49.0302,0.0808,-247.7792,29.5876,300.3994,1
3384,110.8912,37.3507,0.1856,-103.4295,14.9031,366.3433,1
3385,46.6166,26.1645,0.1336,-33.9373,28.8266,66.7796,1
3386,125.954,38.0891,0.1203,91.6121,5.5341,125.694,1
3387,39.9538,24.8292,0.1362,33.1294,0.139,127.164,0
3388,31.9679,26.3693,0.156,21.9528,18.3196,224.432,0
3389,26.456,18.0344,0.1755,11.092,27.768,83.869,0
3390,49.9721,12.6864,0.2517,-24.1474,46.9348,288.4026,1
3391,71.8,26.9932,0.1367,51.2983,8.8913,312.85900000000004,0
3392,92.1397,53.6752,0.146,-121.8984,9.0489,103.5638,1
3393,83.8355,12.7688,0.3017,-30.3659,4.6236,267.363,0
3394,27.071,25.5307,0.1796,-18.4356,13.719,33.6122,0
3395,27.5207,16.2717,0.1749,-14.5528,6.7,158.33,0
3396,22.2514,11.8975,0.3027,-11.3547,49.1356,108.667,1
3397,59.5231,26.618,0.0689,72.71600000000001,34.5736,238.7755,1
3398,20.6225,12.757,0.3157,7.5173,31.5365,175.6984,1
3399,12.4763,11.9963,0.3509,-7.1308,49.9854,134.658,1
3400,26.2937,8.8099,0.3642,23.1861,78.6196,149.05200000000002,1
3401,81.2829,22.8049,0.1215,82.1744,4.074,295.106,0
3402,23.0205,9.5145,0.2876,-3.6208,60.0184,225.9157,1
3403,22.6085,14.8622,0.3354,22.016,54.041,193.957,1
3404,34.8695,9.2518,0.2445,-23.998,62.0339,148.7149,1
3405,12.9301,11.3184,0.4014,6.3542,17.3121,46.3899,1
3406,25.2628,17.5474,0.1821,10.7602,55.85,72.8121,0
3407,15.6021,9.4685,0.3582,22.8723,14.5812,225.2564,1
3408,25.7564,14.637,0.2106,-12.8889,46.4008,88.191,0
3409,197.071,21.6431,0.2509,-134.891,62.429,40.4893,1
3410,53.6762,10.5604,0.1353,-9.8148,84.6417,173.593,1
3411,43.1087,32.15,0.2307,-17.2738,19.4398,278.639,1
3412,28.2268,23.3396,0.1581,23.1699,24.9723,199.729,1
3413,26.3485,12.543,0.4151,-32.098,81.0902,108.6077,1
3414,22.2988,15.579,0.3968,-21.103,43.694,150.459,1
3415,23.754,12.0106,0.2594,8.0589,26.9034,67.7255,1
3416,73.0346,23.5858,0.124,16.1392,26.0333,226.9949,1
3417,45.8695,19.1419,0.1508,37.9796,72.971,77.781,0
3418,141.884,18.1945,0.2319,98.6042,5.704,310.081,0
3419,24.3645,15.4619,0.2452,-13.4239,29.0462,149.825,0
3420,34.3887,9.6824,0.2362,17.5025,17.236,223.689,1
3421,46.6896,16.1692,0.1247,31.8552,88.79299999999999,184.4013,1
3422,29.2635,19.5491,0.1772,23.0514,18.469,74.9146,0
3423,68.5716,16.3808,0.1852,-43.3323,13.7631,135.1112,1
3424,46.4459,21.7747,0.1598,30.7022,20.0742,137.29399999999998,0
3425,22.3675,10.2396,0.3134,-18.5341,29.254,54.8694,0
3426,16.5057,13.608,0.3059,-28.4937,11.851,91.6204,1
3427,27.3361,8.0875,0.3177,17.5536,19.4594,76.6494,0
3428,80.3275,29.9028,0.1485,69.2532,12.6089,271.391,1
3429,74.1805,24.5521,0.0851,63.8948,4.9278,217.203,0
3430,20.7424,10.3588,0.3119,18.1328,14.987,121.748,0
3431,158.6957,73.4606,0.1045,158.8019,51.5,242.2319,1
3432,26.2043,12.9114,0.223,15.9001,32.021,224.736,0
3433,27.2175,7.037000000000001,0.3247,-12.041,44.767,184.49400000000003,0
3434,84.2741,33.3225,0.0635,73.8035,3.7714,260.378,0
3435,73.5502,30.8918,0.1005,60.5879,2.0523,187.299,0
3436,22.0396,16.2619,0.3144,18.1957,31.06,230.924,0
3437,22.9723,21.526,0.1598,-25.4817,17.5395,209.8286,1
3438,37.7913,14.4555,0.1526,2.7918,6.0791,179.726,1
3439,41.9434,7.6522,0.2169,18.567,4.132,227.756,1
3440,17.1072,11.2406,0.299,-6.8364,54.2205,223.327,0
3441,25.9264,13.0316,0.2832,23.9634,19.267,147.791,0
3442,25.4859,12.6124,0.2921,17.3165,78.2195,196.2962,1
3443,40.944,21.4188,0.1842,-33.6867,72.08800000000001,143.291,1
3444,78.4795,59.1315,0.1046,-55.5318,27.8927,372.4795,1
3445,48.5277,11.939,0.1654,16.1417,21.806,87.7162,1
3446,67.8284,21.1968,0.1027,55.54600000000001,1.135,231.138,0
3447,124.8407,84.5275,0.0871,-105.7774,44.333,417.0261,1
3448,23.6363,12.7789,0.3082,9.9113,11.3526,162.238,0
3449,53.6984,15.966,0.1721,-54.9822,68.07300000000001,129.842,0
3450,45.847,9.1216,0.1796,39.9529,11.7782,222.0268,1
3451,29.5503,9.3699,0.3443,17.3776,65.13600000000001,155.627,1
3452,144.73,43.9751,0.0571,-147.616,2.4463,208.064,1
3453,77.6784,25.6998,0.1149,61.8591,1.592,270.04,0
3454,26.5021,9.9703,0.2639,21.3727,32.9272,146.984,0
3455,24.4446,14.3012,0.2304,21.6145,20.8407,171.033,0
3456,19.4865,7.3947,0.4321,8.6595,9.768,181.37,1
3457,26.3101,12.0873,0.3066,23.7883,14.572,206.077,0
3458,39.2663,16.4748,0.2112,-21.269,49.18600000000001,39.616,1
3459,89.9106,22.5123,0.114,-92.5395,39.4007,68.3801,1
3460,111.817,34.3484,0.0944,-76.8154,1.692,256.2,0
3461,21.435,15.6274,0.211,6.9507,19.691,177.38299999999998,0
3462,18.6465,7.456,0.481,6.9274,63.3662,122.916,0
3463,30.6918,12.6259,0.3249,-17.6811,22.6442,194.3028,1
3464,16.8884,10.6572,0.5661,0.5963,20.7099,112.4593,1
3465,33.3308,10.1151,0.3828,-23.9989,22.93,306.145,0
3466,13.3114,10.6229,0.4031,2.4881,74.796,156.879,0
3467,37.9472,6.7096,0.3376,11.6496,79.512,201.0388,1
3468,125.917,28.6292,0.0838,81.5047,18.6329,254.165,1
3469,39.5009,15.263,0.1998,-11.7117,2.265,197.517,0
3470,28.2156,23.1239,0.1677,-22.5958,69.4414,207.251,1
3471,34.9887,11.4697,0.196,16.4385,3.1813,136.173,0
3472,73.2223,22.4882,0.2621,50.2243,0.1012,286.3199,1
3473,22.5768,0.0,0.4336,4.811,49.162,137.362,1
3474,25.6709,0.0,0.4574,0.0,25.9332,57.7791,0
3475,31.8418,20.5389,0.1761,23.4138,7.063,174.56099999999998,0
3476,219.495,55.6423,0.2292,142.34799999999998,89.6277,187.09,1
3477,104.202,30.0083,0.1305,68.6832,1.7621,312.997,0
3478,51.9101,14.7672,0.1328,35.9639,19.4429,205.5104,1
3479,44.3821,14.2659,0.2076,-13.7545,48.3804,48.1001,1
3480,92.8599,23.6894,0.0513,58.4431,44.6544,215.0913,1
3481,13.1734,10.9001,0.4013,2.6113,15.9915,222.444,0
3482,19.4733,11.8091,0.3096,12.4254,78.876,129.37,1
3483,35.2351,15.0317,0.1579,-11.8123,19.418,208.256,0
3484,97.7959,28.0811,0.1508,66.259,7.8023,324.538,0
3485,98.1619,15.3418,0.0912,58.9549,86.1812,177.708,1
3486,84.1395,62.2117,0.0688,81.6349,21.5273,121.4221,1
3487,16.8917,11.3907,0.2914,-4.8717,73.5609,93.9419,0
3488,45.1333,9.835,0.2611,-17.9081,37.171,163.455,1
3489,70.94800000000001,29.638,0.3221,-54.1346,7.1129,297.3687,1
3490,85.6098,38.3701,0.0998,59.2655,0.8640000000000001,312.348,0
3491,23.8573,21.8826,0.1432,14.7515,16.4046,132.20600000000002,0
3492,44.8561,20.0735,0.2079,33.7591,61.0617,252.6005,1
3493,73.3131,33.3865,0.1967,-38.4596,4.155,330.592,0
3494,81.1254,32.3186,0.088,77.5083,10.34,188.939,0
3495,100.557,51.083,0.0375,92.9814,2.128,224.478,0
3496,45.1554,9.6212,0.2236,36.8525,17.7436,187.33,1
3497,31.3143,18.0536,0.1721,14.7875,1.6985,183.056,0
3498,57.0682,24.5172,0.119,34.6134,3.016,273.03,0
3499,12.6315,11.7929,0.371,8.2303,13.857,195.678,0
3500,98.3949,38.3472,0.1309,83.8443,31.1316,265.083,1
3501,23.9315,12.9132,0.2808,9.6108,7.943,191.47,0
3502,57.7931,11.6311,0.1458,-41.3028,19.718,152.548,1
3503,74.6083,21.0485,0.1266,22.7059,0.1577,230.58900000000003,0
3504,104.972,61.6853,0.0712,78.2005,10.380999999999998,183.486,1
3505,49.0191,8.4717,0.2682,33.327,18.2632,194.068,1
3506,66.1075,11.957,0.1578,54.47,47.6322,232.857,1
3507,22.999,10.0378,0.3359,-13.5328,11.3007,119.039,0
3508,35.577,15.0526,0.2202,14.3568,2.0711,225.707,0
3509,62.8309,46.1637,0.07,-78.655,48.5914,215.374,1
3510,25.2928,11.8105,0.3099,24.8748,45.9892,270.9415,1
3511,17.3004,11.0901,0.3281,2.9214,26.6657,203.478,0
3512,121.1233,50.6328,0.1822,-89.1491,31.139,368.2216,1
3513,19.8467,19.3818,0.2606,17.1788,55.952,144.95600000000002,0
3514,25.7604,17.3243,0.1989999999999999,19.2247,10.273,128.933,0
3515,22.4171,16.3697,0.2327,9.2871,1.3357,184.921,0
3516,40.6832,17.2742,0.1356,22.5909,13.5875,171.207,0
3517,103.557,36.5982,0.2306,-112.3856,50.6146,266.4057,1
3518,23.4842,20.0774,0.1896,-20.2718,6.0191,168.175,0
3519,125.904,41.9193,0.1491,90.2368,82.4818,207.238,1
3520,91.5943,20.9794,0.1572,83.3389,1.703,302.822,0
3521,98.1819,72.8596,0.0433,51.8443,43.207,180.939,1
3522,62.6886,22.612,0.1084,-25.4533,3.1210000000000004,229.768,0
3523,12.96,11.1358,0.4385,7.0352,63.541,229.429,0
3524,69.4928,22.4704,0.1073,-44.3815,6.6543,194.324,0
3525,32.2076,15.2769,0.2275,-22.9561,9.736,191.158,0
3526,28.0997,8.6496,0.3244,21.4257,8.2367,217.871,1
3527,111.5166,31.2545,0.1369,49.0567,56.1191,225.9601,1
3528,28.5756,12.4137,0.2446,20.6222,15.48,212.354,0
3529,109.46,18.5694,0.2251,-107.324,75.191,182.762,1
3530,20.7548,20.7197,0.1871,7.3315,21.6796,83.4965,1
3531,27.6381,14.0933,0.215,9.1341,11.2393,207.942,0
3532,19.6546,7.4092,0.4263,-7.0747,82.2589,235.163,0
3533,226.686,91.5561,0.0615,-73.8363,78.75399999999999,192.868,1
3534,24.7179,14.9382,0.2478,15.6319,8.976,219.284,0
3535,64.4932,12.4933,0.2761,63.7105,12.6913,206.3461,1
3536,66.5997,14.3786,0.1376,41.6965,10.178,133.3906,1
3537,57.7031,17.9759,0.154,-55.4716,65.006,190.694,1
3538,32.9616,5.9553,0.3177,23.593000000000004,3.1509,137.3411,1
3539,83.4349,31.4255,0.0651,74.8628,4.4435,231.159,0
3540,15.189,14.8031,0.2808,22.5193,72.0368,183.7103,1
3541,41.2342,11.6318,0.2936,34.1892,4.2209,123.023,0
3542,74.3411,28.4761,0.1163,48.3698,80.979,217.0473,1
3543,48.2773,35.2634,0.0792,49.3902,52.7165,113.062,0
3544,34.9831,18.2753,0.2505,-21.9137,18.6765,224.6191,1
3545,83.4271,26.1718,0.1682,56.5799,1.151,308.236,0
3546,79.71300000000001,20.7604,0.2316,-25.709,5.3899,337.54,0
3547,22.6779,10.599,0.2886,17.0629,0.2789999999999999,142.218,0
3548,20.1445,7.3118,0.3948,9.008,9.906,104.317,0
3549,20.9428,12.44,0.2596,9.3586,60.023,67.208,0
3550,52.8767,23.3007,0.2282,-58.1796,42.2004,33.924,1
3551,276.247,53.6321,0.172,125.085,24.795,192.863,1
3552,17.3544,7.4476,0.5533,-2.5983,42.2314,170.78400000000002,1
3553,25.6972,12.6139,0.4379,-14.4561,70.6207,70.6379,1
3554,17.7434,10.8338,0.2911,8.6875,35.562,155.565,1
3555,28.5883,19.6182,0.2015,-14.0016,14.9018,149.99200000000002,0
3556,81.6472,8.544,0.3653,-59.1395,30.455,307.569,1
3557,178.511,24.4967,0.0908,-57.0569,57.0768,263.353,1
3558,80.0424,50.341,0.0602,47.4167,22.995,264.79,1
3559,18.6774,13.7599,0.3722,-15.5042,15.0753,142.12,0
3560,27.9409,12.9407,0.2188,19.1566,15.2077,227.749,1
3561,41.7967,17.4889,0.1383,15.0798,17.537,206.47,0
3562,37.6703,26.7813,0.1492,38.4251,22.5259,187.5154,1
3563,28.9305,16.0528,0.3479,25.9744,54.225,248.094,1
3564,50.5199,17.5663,0.1315,43.074,12.511,241.873,0
3565,17.7397,17.0523,0.2661,-11.5792,3.4241,145.274,0
3566,24.8627,9.8029,0.3289,13.0531,72.0986,205.4176,1
3567,106.649,46.3824,0.0356,91.1238,3.207,216.081,0
3568,114.0852,63.8513,0.0806,112.4123,32.3461,164.49200000000002,1
3569,30.948,16.7296,0.1593,16.4588,9.046,151.62,0
3570,78.7351,35.2467,0.0959,50.6895,27.524,180.247,1
3571,37.664,22.8108,0.1511,27.0529,14.118,193.547,0
3572,78.0986,34.529,0.2046,45.0492,1.267,391.406,0
3573,61.661,31.9965,0.1247,39.3886,2.249,284.313,0
3574,45.6044,20.4882,0.1458,31.1498,0.963,254.913,0
3575,43.8878,14.961,0.1359,25.3374,1.137,194.76,0
3576,21.9284,17.2021,0.308,15.964,28.5967,50.3413,1
3577,20.1371,10.9384,0.3171,17.8327,27.8812,228.742,0
3578,25.5753,14.7931,0.294,-24.7612,79.453,241.5,1
3579,21.0211,16.2035,0.2859,-13.4462,61.8302,142.35,1
3580,121.288,26.9501,0.1498,86.7995,5.5164,269.019,0
3581,30.4837,17.4756,0.1515,-5.7384,21.1876,180.255,0
3582,160.072,74.9644,0.1157,-135.083,31.7505,249.771,1
3583,96.5835,56.2383,0.187,-89.662,11.843,396.795,1
3584,29.3045,9.8754,0.286,18.0646,66.612,166.892,1
3585,35.6563,15.8711,0.2319,22.5712,4.703,266.392,0
3586,96.3203,18.1063,0.1364,-97.759,84.7342,29.2971,0
3587,51.326,17.6006,0.2047,53.6403,7.26,247.871,0
3588,21.4181,6.9042,0.3991,-12.1158,39.5774,38.3559,0
3589,127.894,85.1507,0.0547,-131.192,14.8284,357.872,1
3590,12.8442,11.3837,0.4224,-8.5518,42.146,148.972,0
3591,39.5203,22.9162,0.1085,28.6007,0.0449,196.732,0
3592,13.1169,10.6358,0.4746,-3.5588,50.258,79.1494,1
3593,11.145,10.3286,0.4058,16.0731,51.9644,39.9839,1
3594,26.7451,8.3658,0.3156,-9.1418,75.0324,111.407,1
3595,22.1103,10.2685,0.3686,19.7521,14.836,189.371,0
3596,98.4686,27.0713,0.0656,83.2974,0.921,270.988,0
3597,200.408,11.2219,0.2241,-198.867,43.2002,74.3087,0
3598,107.7974,19.0251,0.1498,56.679,47.4624,288.7697,1
3599,32.2737,13.8695,0.2719,-13.1159,16.5691,197.294,1
3600,88.2105,20.4104,0.1134,49.5748,81.8939,225.2135,1
3601,49.8081,22.9826,0.1737,-41.7935,58.2008,163.956,1
3602,21.539,10.9515,0.2789999999999999,-18.4413,28.4753,161.373,1
3603,35.0215,23.4708,0.1748,21.2653,77.8227,84.7015,1
3604,187.9041,84.4021,0.0552,-270.1926,8.5801,345.4294,1
3605,27.8979,17.8973,0.2629,20.756,31.2675,161.149,0
3606,60.6227,24.2893,0.2522,-36.1043,12.113,294.051,0
3607,42.1323,20.3812,0.2295,-36.5094,73.055,233.331,1
3608,25.1127,16.9364,0.2011,-14.2513,70.2428,228.945,0
3609,78.4068,54.3684,0.062,40.3272,63.3984,278.5333,1
3610,144.18,67.3286,0.0608,-110.0,65.4676,384.24300000000005,1
3611,141.6016,72.8248,0.0573,-69.1813,81.6422,407.1576,1
3612,77.5931,24.9163,0.0949,62.6855,2.2272,266.53,0
3613,24.3469,13.803,0.2932,6.7582,33.2851,188.0857,1
3614,37.5297,21.1485,0.1156,22.3961,30.76,189.635,0
3615,19.9465,11.8242,0.3589,15.2025,7.385,184.064,1
3616,31.1508,18.4083,0.1916,-16.8998,5.1365,243.468,0
3617,23.1716,20.1597,0.2192,11.1354,19.3335,118.229,0
3618,30.1822,10.5526,0.2679,-10.6613,85.6566,189.3609,1
3619,28.5443,9.8997,0.2668,23.6104,11.3856,185.773,0
3620,144.116,54.137,0.0246,127.59,14.1751,139.724,1
3621,15.5488,7.8204,0.3284,-13.6136,42.4488,113.8944,1
3622,52.3766,16.1986,0.12,40.4711,8.8454,230.038,0
3623,26.0927,25.7855,0.1689,17.8359,28.909,101.2832,1
3624,22.6121,16.0956,0.2692,16.6688,29.9812,153.497,1
3625,32.3343,11.6189,0.2092,-20.2218,8.9595,111.141,0
3626,179.31400000000002,57.93600000000001,0.0791,84.5489,3.8061,195.287,1
3627,29.864,10.738,0.2635,21.1088,25.071,237.511,1
3628,21.4668,10.8687,0.3122,-19.2276,30.8438,186.608,0
3629,20.9852,6.3914,0.5219,17.2571,22.568,107.776,0
3630,43.269,19.0051,0.1461,26.9287,4.97,139.805,0
3631,25.5669,14.281,0.2097,-9.2701,85.3588,222.365,1
3632,71.3694,21.8207,0.1447,49.8945,3.048,302.136,0
3633,40.3641,16.0981,0.1816,38.7838,4.31,251.989,0
3634,85.6689,20.4992,0.1505,56.3097,6.1541,324.0638,1
3635,84.4675,29.7596,0.0933,82.9083,6.667000000000001,251.063,0
3636,18.2998,12.5051,0.3663,-15.8476,73.658,189.598,0
3637,177.368,151.703,0.0878,-151.365,0.0993,312.275,1
3638,61.8679,16.3463,0.1784,51.2343,16.96,108.821,0
3639,174.2054,56.7782,0.111,-138.5576,7.5049,309.2728,1
3640,57.7671,21.543000000000003,0.0888,50.8145,7.4076,214.866,0
3641,132.954,24.1845,0.1383,-69.3832,0.36,322.166,0
3642,52.5594,16.3333,0.1922,-22.3346,2.8080000000000003,199.095,0
3643,36.599,11.0349,0.2046,28.3501,11.1458,175.357,0
3644,31.4119,22.408,0.1701,-7.4329,80.8649,260.658,1
3645,202.5795,65.7137,0.0242,141.2312,36.7271,104.8435,1
3646,100.4709,42.3421,0.0473,73.8863,25.5453,227.8126,1
3647,80.7943,75.5806,0.0632,24.705,30.47,332.351,1
3648,43.8482,25.1626,0.1146,37.8449,3.636,226.592,0
3649,28.8197,11.2873,0.2886,-24.3017,25.421,117.646,0
3650,79.0402,22.2641,0.1855,-59.3983,5.2436,229.5046,1
3651,45.0124,10.9257,0.2362,37.9444,39.744,203.11900000000003,1
3652,34.7766,13.5516,0.3065,32.6737,15.0744,161.569,0
3653,34.3095,10.0627,0.2051,27.4926,15.123,206.484,1
3654,19.4487,12.166,0.3293,11.7753,56.6,142.98,0
3655,111.329,79.5023,0.1279,85.7235,81.6471,417.99300000000005,1
3656,33.5107,10.8591,0.2435,28.949,9.962,87.8559,1
3657,16.0252,12.2164,0.4361,10.511,33.6311,216.617,1
3658,76.0232,29.7304,0.1322,-48.2333,85.4055,178.372,1
3659,104.79,6.6169,0.242,-75.3608,72.2326,89.867,1
3660,41.6954,21.7415,0.1652,22.6072,35.786,232.635,1
3661,20.6343,7.0359,0.4098,13.0967,79.2518,195.738,0
3662,36.3999,17.965,0.2087,18.6928,1.711,162.041,0
3663,38.3941,11.1133,0.2061,31.6293,19.2056,202.6838,1
3664,42.8365,18.4889,0.131,-25.1251,0.1562,197.162,0
3665,44.2587,17.7969,0.1939999999999999,-17.2116,2.5856,280.737,0
3666,97.7697,52.4273,0.0364,78.9373,2.596,270.252,0
3667,29.7438,10.4525,0.3058,17.0366,85.8689,225.152,1
3668,19.1072,12.2813,0.3379,-14.6245,3.6579,170.516,0
3669,36.9368,24.6979,0.1282,-20.8241,2.4152,158.046,0
3670,43.7087,8.7507,0.2168,26.8893,44.449,131.219,1
3671,108.8311,20.0206,0.0914,-53.1948,81.1956,60.374,1
3672,17.5083,9.0354,0.4265,-14.5158,47.8106,223.3983,1
3673,23.9171,18.1469,0.2735,17.364,49.1736,139.3916,1
3674,239.756,88.07600000000001,0.0618,-274.828,17.882,283.184,1
3675,36.8715,17.2797,0.1906,19.8299,0.8432,133.207,0
3676,112.2986,21.9795,0.1474,65.15,48.6832,248.8239,1
3677,19.616,9.3591,0.3125,-7.9044,19.615,193.498,1
3678,36.2873,11.8537,0.2406,8.9505,74.93,79.1382,1
3679,23.9597,12.4518,0.242,3.1424,14.77,83.2785,0
3680,129.785,123.258,0.0139,60.5648,58.0238,220.978,0
3681,23.6245,12.651,0.2564,9.9205,9.529,175.905,0
3682,167.8057,81.3627,0.0475,-70.4816,68.6247,370.789,1
3683,16.8342,11.3774,0.315,-5.9263,26.726,204.33900000000003,0
3684,22.7536,11.4044,0.3937,16.5941,3.474,221.445,1
3685,94.5228,37.9375,0.1564,65.5511,72.0735,150.495,1
3686,32.4786,20.6876,0.1945,-16.8125,5.956,176.953,0
3687,67.4472,63.9595,0.0646,55.3976,22.804,308.2935,1
3688,32.7685,13.3518,0.1689999999999999,-33.6999,13.2406,73.0136,1
3689,34.1392,18.3298,0.2576,16.5571,13.7301,112.276,0
3690,99.2092,88.6612,0.0862,64.21,2.8,256.68,1
3691,99.216,18.9374,0.1225,49.4839,6.308,137.73,1
3692,24.3134,16.608,0.1817,-5.1129,11.9691,171.53,0
3693,29.5837,24.2199,0.1623,-26.379,26.5125,224.796,1
3694,26.5854,12.0168,0.2852,13.8107,66.837,258.36,1
3695,35.0345,22.609,0.1572,22.7941,10.7911,187.215,0
3696,139.3765,69.404,0.1064,66.8149,62.7848,321.562,1
3697,26.0619,16.3988,0.2118,-28.3409,78.6412,56.8306,1
3698,65.5538,27.4586,0.1181,-48.3863,24.2006,75.4398,1
3699,40.1304,18.5129,0.1609,20.2096,13.0774,224.166,0
3700,53.7448,9.3292,0.1941,-32.0804,66.732,112.247,1
3701,13.2555,10.6448,0.4346,3.7382,71.43,138.516,0
3702,25.9304,18.1375,0.2671,8.95,16.0581,165.292,0
3703,35.8905,17.5004,0.161,35.2778,19.3813,223.303,1
3704,97.719,24.3828,0.0846,65.6536,42.1686,247.5211,1
3705,134.1794,78.8633,0.0936,144.882,72.6378,363.1135,1
3706,68.6335,16.0096,0.1584,67.3983,4.3673,201.438,0
3707,8.2311,7.8292,0.4696,3.783,36.76,177.9393,1
3708,54.606,20.2238,0.1129,48.3009,0.8763,262.016,0
3709,54.1887,19.8522,0.1602,49.1292,13.905,215.08,0
3710,25.8068,14.3297,0.2808,-8.504,30.6401,229.404,0
3711,24.8882,7.8008,0.4472,14.8384,38.8998,77.8319,1
3712,27.9238,20.4816,0.148,17.6725,81.4656,62.1731,0
3713,51.5102,10.0816,0.2265,28.1719,45.806,163.57399999999998,1
3714,39.2546,35.7186,0.0938,-28.0878,86.2934,65.6288,0
3715,22.1436,17.8129,0.2719,17.3968,14.469,155.124,0
3716,48.3573,15.6513,0.2534,-57.4251,56.0701,229.906,1
3717,32.3414,14.4724,0.2213,29.0293,9.1118,247.191,0
3718,79.7636,39.5237,0.0838,54.1323,6.664,334.836,0
3719,58.0899,14.4724,0.1596,31.8672,12.6816,302.801,0
3720,12.9823,11.2207,0.4074,-5.9379,66.0433,168.265,0
3721,55.4763,27.6942,0.0933,45.0828,3.0860000000000003,214.333,0
3722,17.06,12.8467,0.354,6.2169,0.843,195.902,1
3723,124.496,30.9829,0.0997,98.4828,88.58200000000001,97.1847,0
3724,42.5159,10.6929,0.2629,40.5346,85.3938,217.612,1
3725,77.1621,30.2821,0.0689,58.3096,11.476,242.005,0
3726,37.3547,26.4566,0.1208,18.768,65.02199999999999,236.951,1
3727,20.4846,12.2888,0.2514,9.8383,25.044,141.543,0
3728,21.7265,6.7179,0.4264,-13.4709,27.722,148.094,0
3729,80.9421,26.7498,0.0911,-68.6328,79.3674,245.044,1
3730,22.7496,12.5323,0.2822,18.3082,13.8325,188.477,1
3731,17.6021,9.474,0.5017,-13.1921,11.993,137.412,1
3732,9.9536,7.1107,0.3058,7.3527,50.6512,60.8781,1
3733,27.0181,6.8552,0.3203,16.0717,5.316,191.225,1
3734,33.1342,15.7709,0.2204,-19.5589,22.9622,252.877,0
3735,16.980999999999998,11.3089,0.4763,12.7524,33.2622,227.898,1
3736,37.1941,22.1046,0.1666,-13.7916,4.9759,78.257,0
3737,222.238,87.3398,0.1234,-82.4761,63.245,249.948,1
3738,13.0157,10.6817,0.4884,3.4689,1.817,169.195,1
3739,56.9366,10.2765,0.2034,45.1287,53.2187,262.199,1
3740,19.8446,17.6904,0.2126,-8.0277,23.0443,159.264,1
3741,23.1649,16.3238,0.2832,3.7574,12.968,243.848,1
3742,79.7275,28.2803,0.1035,68.21,7.103,222.653,0
3743,101.66,19.734,0.1691,-37.8247,6.6869,342.783,1
3744,150.395,53.5461,0.0717,-78.5395,14.623,270.337,1
3745,39.2703,16.244,0.2482,-12.0385,12.605,125.972,0
3746,175.0354,24.5739,0.2373,-126.9102,17.664,212.1461,1
3747,29.6542,16.3767,0.261,24.3083,25.558000000000003,250.509,0
3748,24.5623,0.0,0.4368,16.9511,77.6551,186.17,0
3749,36.779,11.1515,0.326,22.4575,28.694000000000003,74.9453,1
3750,15.3404,14.7401,0.3569,9.0276,64.4174,220.1388,1
3751,30.9455,13.7934,0.1982,18.9405,63.926,253.536,0
3752,28.9911,11.7773,0.2593,-12.3821,6.3297,246.6,0
3753,21.3528,6.7475,0.4449,14.5437,43.607,62.2795,0
3754,97.1493,34.31,0.079,81.9049,1.94,334.315,0
3755,25.6262,13.4525,0.2484,-17.0353,84.681,185.9108,1
3756,60.5409,14.2346,0.1544,-11.6876,87.738,139.35399999999998,1
3757,67.2183,24.5772,0.1708,62.1634,45.402,243.628,1
3758,27.8675,6.8238,0.3004,17.9717,8.5878,141.871,0
3759,22.1773,12.7998,0.316,14.8564,20.288,153.273,0
3760,17.3371,11.4607,0.4573,10.5042,4.3202,241.61,1
3761,29.777,9.475,0.2148,21.9444,78.5463,175.1842,1
3762,18.2802,10.9045,0.3811,8.5354,62.513000000000005,219.8536,1
3763,110.122,66.2243,0.0424,92.0877,74.6908,264.949,1
3764,46.9136,8.9994,0.2243,34.5445,66.9732,111.0806,1
3765,87.4915,30.701,0.075,91.366,6.481,215.939,0
3766,76.0524,21.1749,0.1694,60.2731,0.792,254.048,0
3767,17.5567,10.2585,0.3781,-9.1216,20.564,174.83700000000002,0
3768,134.97899999999998,111.427,0.1087,-142.65,88.2932,282.30400000000003,1
3769,18.3173,17.0593,0.2897,6.6176,26.241,162.131,0
3770,104.1424,63.3865,0.1394,65.0565,81.5241,368.293,1
3771,82.8129,27.0704,0.242,28.3339,2.569,358.141,0
3772,25.0559,22.8667,0.1839,20.7251,30.6349,51.8346,0
3773,71.9732,22.5107,0.1037,63.4685,1.7301,273.148,0
3774,29.1262,0.0,0.3328,12.634,70.884,219.977,1
3775,23.614,19.1553,0.1862,-21.1006,33.824,230.732,0
3776,17.3282,10.9182,0.3547,-5.5946,82.2683,184.299,0
3777,27.9449,11.6227,0.2704,15.2992,49.5158,213.394,1
3778,43.5661,9.2109,0.2001,29.5956,58.43899999999999,89.5657,1
3779,20.6835,6.3427,0.4073,17.3733,31.7306,186.3238,1
3780,25.3165,5.7908,0.3254,16.4772,41.1638,103.1442,1
3781,18.1043,14.3997,0.3634,15.6644,42.881,126.574,0
3782,16.7429,10.9776,0.3763,-7.5574,20.2043,144.856,0
3783,48.3725,8.7244,0.2724,27.234,2.3339,295.011,1
3784,85.7914,23.9698,0.079,75.0356,10.3207,261.0096,1
3785,52.1403,20.254,0.1019,20.9483,0.1304,163.02700000000002,0
3786,92.7021,47.9376,0.0742,42.7788,29.262,26.6519,1
3787,85.5376,14.5196,0.1792,68.295,87.2812,77.4157,1
3788,22.4461,1.7177,0.4383,-4.5425,18.4254,211.4323,1
3789,19.9142,12.9894,0.2532,5.8693,53.016000000000005,49.0425,0
3790,74.9872,19.1171,0.2283,-81.5713,65.8553,233.7764,1
3791,155.9743,43.4603,0.0756,-91.7487,64.0311,280.5655,1
3792,20.2649,10.1755,0.375,15.5583,19.359,124.867,0
3793,93.6783,37.3368,0.0573,75.7577,0.667,286.915,0
3794,17.5783,10.550999999999998,0.38,0.4974,19.37,55.0786,0
3795,20.3858,10.6093,0.3341,16.844,27.036,100.209,0
3796,58.649,11.4742,0.2406,40.9113,5.308,254.139,0
3797,22.1439,8.3309,0.3573,-5.2187,63.885,139.987,1
3798,35.4709,9.4004,0.2293,25.0851,63.2829,71.4087,1
3799,44.4402,10.4281,0.2744,23.0425,19.7216,167.4829,1
3800,179.99200000000002,75.4342,0.069,-114.388,5.1421,204.152,1
3801,68.9956,16.3591,0.1938,70.2504,6.3649,237.727,0
3802,86.5636,36.8235,0.0809,60.9768,2.643,306.55,0
3803,37.1028,16.6473,0.2269,31.1018,71.6362,80.1942,1
3804,83.6943,33.9954,0.07,67.6436,7.9368,258.032,0
3805,29.1329,12.3735,0.1964,-13.8276,1.2986,96.2698,0
3806,80.7442,34.7793,0.0583,66.1839,3.0108,207.337,0
3807,26.4957,19.7704,0.1915,21.2692,57.543,125.776,0
3808,19.8537,16.559,0.2546,-11.2684,41.838,211.925,0
3809,38.7641,20.0218,0.1543,-21.701,19.7802,136.965,1
3810,63.3502,19.559,0.1317,53.4626,50.283,281.47700000000003,1
3811,157.9876,82.8141,0.2174,-138.2061,27.9254,387.7986,1
3812,14.1721,7.737,0.3027,24.1343,33.111,124.4584,1
3813,149.9342,106.3089,0.0608,-131.7015,7.819,283.9535,1
3814,13.1359,10.339,0.396,-3.1469,11.358,119.5666,1
3815,97.6544,13.8457,0.2912,62.298,42.765,167.128,1
3816,180.7107,43.4046,0.0392,67.5287,33.9,125.6218,1
3817,25.076,12.7537,0.2726,10.8683,4.506,154.744,0
3818,17.8481,10.5084,0.3381,-10.9999,10.016,109.651,1
3819,217.9767,81.4307,0.0015,-150.8968,28.1002,152.8108,1
3820,54.623000000000005,21.7267,0.0996,-27.6313,11.24,235.292,0
3821,36.4436,28.6626,0.1366,26.6066,16.04,170.783,0
3822,41.0,20.834,0.1325,-30.1779,11.4501,167.28400000000002,0
3823,25.0085,11.9252,0.221,10.7495,1.845,147.276,0
3824,47.4777,18.7244,0.1338,35.3095,13.161,162.981,0
3825,43.949,8.2965,0.2133,16.0698,26.8478,121.1938,1
3826,44.6665,23.6658,0.1361,21.4992,1.3387,113.882,1
3827,13.2519,10.7242,0.4139,2.5132,21.265,197.845,1
3828,21.3477,12.5351,0.2274,-7.3783,2.7625,196.938,0
3829,111.055,28.6254,0.1175,43.8447,0.261,337.155,0
3830,45.214,6.4831,0.25,35.0169,0.4413,181.4927,1
3831,24.5633,14.4679,0.2758,14.1999,27.221,174.00400000000002,0
3832,36.709,8.9501,0.2483,24.3041,52.3632,252.0723,1
3833,89.7407,55.2323,0.2259,-84.5774,0.3692,332.4956,1
3834,80.2771,42.3175,0.0571,88.3076,5.912999999999999,178.57299999999998,0
3835,107.215,95.9015,0.2159,122.831,85.4025,149.57399999999998,1
3836,84.6767,27.4389,0.0823,45.2713,6.325,285.149,0
3837,22.0196,16.3985,0.2582,14.5276,5.602,204.254,0
3838,19.3309,7.4555,0.4463,-4.6025,13.369000000000002,160.851,0
3839,96.7193,33.6874,0.0711,80.4982,2.0169,326.507,0
3840,41.1061,17.0662,0.1842,23.4627,0.4014,217.195,0
3841,45.2264,23.9562,0.1512,-28.645,49.0018,266.532,1
3842,52.6492,11.3782,0.1586,17.2121,67.893,108.845,1
3843,101.9189,50.8736,0.0565,2.4132,19.2345,252.7561,1
3844,18.8406,12.7065,0.305,13.6196,4.5583,133.906,0
3845,22.939,14.5959,0.2806,-9.6642,47.847,193.412,0
3846,19.2987,7.4549,0.4477,5.6973,2.182,129.42600000000002,0
3847,48.8798,8.9369,0.2243,-30.0191,63.2183,62.6215,1
3848,24.5661,17.715,0.1909,18.4396,11.018,193.054,0
3849,118.7205,82.88799999999999,0.0634,-82.4181,23.601,331.8047,1
3850,30.3325,23.707,0.1847,29.9378,6.8354,45.3717,0
3851,103.92,67.5348,0.0693,-73.643,16.945999999999998,372.675,1
3852,66.0896,16.8242,0.2181,71.255,8.2426,220.549,0
3853,59.4168,8.8394,0.2084,-18.1743,88.9233,207.0121,1
3854,26.3797,9.1958,0.348,22.156,83.8058,141.373,1
3855,22.6959,15.7024,0.3199,13.8633,13.3733,181.641,0
3856,29.3609,15.7365,0.2053,-24.532,4.75,74.9062,0
3857,27.4186,15.3147,0.1726,-16.4776,4.681,198.652,0
3858,173.832,20.7553,0.2607,-133.812,41.8462,195.129,1
3859,92.7752,1.141,0.3533,-66.2954,3.0299,326.514,0
3860,167.85,12.7221,0.2381,-137.192,73.7502,64.9418,0
3861,20.4474,15.1399,0.3138,2.013,31.0795,152.921,1
3862,12.8823,11.3427,0.4183,-7.8405,56.408,113.423,1
3863,45.2953,10.8189,0.1577,21.4259,4.313,230.252,0
3864,44.0616,15.8301,0.1657,-32.1363,4.166,220.731,0
3865,20.6646,12.6322,0.3304,15.338,54.346,244.19,1
3866,22.5585,17.1438,0.1879,-5.9434,9.3268,184.7,0
3867,49.8633,21.9727,0.1028,32.1426,77.711,240.215,1
3868,268.5557,134.0939,0.0541,113.3479,75.2391,116.3868,1
3869,45.0083,22.6768,0.1591,35.8661,1.511,243.302,0
3870,41.0476,23.8253,0.1121,23.1823,6.121,123.831,0
3871,18.183,10.5409,0.3006,-9.4181,26.4593,175.861,0
3872,113.725,40.6034,0.2,48.2941,20.2614,250.023,1
3873,59.534,27.4756,0.1403,42.0865,6.0118,269.094,0
3874,18.079,12.8957,0.305,-8.3347,88.9075,40.5485,0
3875,33.865,15.482,0.1905,9.6728,3.6166,187.48,0
3876,12.9833,10.3418,0.5235,6.0277,23.45,101.021,0
3877,36.4863,21.6622,0.1632,-30.5613,50.9886,1.2826,1
3878,35.6466,29.5726,0.1251,19.1695,88.9949,187.4824,1
3879,114.791,32.3719,0.1761,115.441,19.4063,257.969,1
3880,87.9035,25.3183,0.172,38.0092,3.7892,312.446,0
3881,12.6919,11.7118,0.3718,7.1163,76.277,149.275,0
3882,55.839,9.8041,0.1499,41.0224,87.8207,187.4317,1
3883,81.0356,31.4194,0.1401,-52.0923,3.3315,377.694,0
3884,196.471,33.3466,0.1491,-95.24,25.071,171.562,1
3885,20.7678,7.1927,0.3596,8.1084,12.8604,212.873,0
3886,32.2029,27.8573,0.1242,12.7336,15.646,148.293,0
3887,23.7871,13.4529,0.3097,-14.5591,4.575,107.02,0
3888,13.0557,10.9159,0.4502,5.2668,74.1884,175.67700000000002,0
3889,25.1224,14.8738,0.2805,10.4656,5.0428,173.12099999999998,0
3890,31.1134,21.4521,0.1422,18.2,65.437,50.7078,0
3891,31.3791,20.9045,0.1958,29.2661,79.437,222.872,1
3892,201.09,82.5347,0.0531,-188.032,73.6304,340.516,1
3893,110.552,26.6965,0.1035,39.1115,0.0031,307.387,0
3894,90.3632,29.9861,0.0732,82.802,3.801,259.733,0
3895,52.1322,24.8487,0.1601,25.5667,58.488,71.6604,1
3896,66.0024,12.6632,0.1744,63.3203,58.555,186.794,0
3897,56.4667,36.4966,0.1951,-42.0615,13.9788,123.395,1
3898,9.9934,9.6712,0.5119,-3.6318,4.3004,185.3731,1
3899,15.1434,11.7337,0.4471,2.8942,49.8144,179.1399,1
3900,172.56599999999997,44.289,0.1186,-185.264,27.4831,109.322,1
3901,101.308,67.1717,0.1285,-122.331,48.32899999999999,106.205,1
3902,31.0848,11.3446,0.4752,29.7864,45.0838,159.1431,1
3903,51.4841,17.6218,0.144,-17.2838,51.603,134.194,1
3904,38.1462,14.2061,0.2359,25.1101,1.4627,228.445,0
3905,26.2755,8.9079,0.2757,14.5442,7.3189,236.3672,1
3906,20.6454,6.839,0.4545,14.9016,2.7533,175.99200000000002,0
3907,16.9849,11.3052,0.2924,6.9044,9.527,182.602,0
3908,81.7075,44.6295,0.1001,-55.2433,8.9721,380.447,0
3909,12.7778,11.5781,0.3846,7.2991,80.0492,174.695,0
3910,24.7271,14.5628,0.246,-14.9319,79.5231,203.767,1
3911,22.3628,15.4505,0.2737,2.0184,63.5531,149.4754,1
3912,22.3943,19.3554,0.2491,-20.0166,55.88399999999999,44.9015,0
3913,48.4126,15.4321,0.2018,31.4549,10.9987,155.285,0
3914,95.6197,34.7412,0.0965,54.1704,28.5503,210.982,0
3915,51.0625,21.492,0.1183,-37.1419,4.629,159.512,0
3916,85.1442,54.1205,0.0975,-34.8499,24.995,346.9943,1
3917,79.3857,8.6417,0.1332,49.8534,74.5841,182.4297,1
3918,150.3933,73.1013,0.1785,151.6986,42.0937,239.0954,1
3919,81.6759,20.2684,0.1253,41.9518,33.4059,249.5863,1
3920,17.8221,10.7634,0.3012,9.5784,23.8976,110.593,0
3921,26.8595,20.5946,0.2152,-20.0014,3.9848,205.498,0
3922,28.2476,20.1907,0.2438,-7.3477,9.5917,122.118,0
3923,29.0118,8.9542,0.2892,20.7211,69.4242,134.3166,1
3924,62.4718,32.7889,0.0653,29.4005,6.667999999999999,255.422,0
3925,103.4757,58.4407,0.0501,-91.3545,3.7635,29.5948,1
3926,26.2912,14.2649,0.2342,-23.4458,23.678,111.243,0
3927,26.667,18.8955,0.2005,-21.2795,85.6473,111.335,1
3928,73.7136,29.2628,0.1149,52.6815,12.2293,244.394,0
3929,92.7481,49.2103,0.1178,-67.9887,37.0921,391.7841,1
3930,117.879,18.6235,0.1709,133.877,3.408,227.08,0
3931,49.0702,11.078,0.2006,37.3822,40.215,236.19,1
3932,21.2362,6.9481,0.4007,-12.3834,30.5302,157.97799999999998,0
3933,10.4161,10.0996,0.2659,13.1852,52.0483,264.9734,1
3934,104.28,21.5432,0.1705,-92.4504,21.912,160.289,1
3935,200.656,74.7154,0.2208,131.74200000000002,39.7586,307.24,1
3936,44.2526,15.6477,0.2336,39.5971,7.6218,169.222,0
3937,75.609,74.4328,0.1699,35.9985,8.8103,235.5925,1
3938,39.3421,20.8675,0.1299,20.3496,1.8662,197.644,0
3939,58.136,21.855,0.105,49.4716,15.462,218.522,0
3940,21.5684,9.8547,0.3668,-13.8627,16.1003,71.1814,0
3941,17.666,11.1267,0.2646,21.2237,61.3469,150.4692,1
3942,64.581,22.5359,0.0849,55.5506,2.8079,225.199,0
3943,64.01899999999999,14.5526,0.2339999999999999,-47.3413,11.1604,266.2613,1
3944,24.0413,17.6134,0.2689999999999999,-6.0435,87.1172,140.843,0
3945,18.2898,7.6596,0.4358,6.5507,28.3315,226.1827,1
3946,19.4671,11.0041,0.3356,17.5085,16.8715,143.483,0
3947,28.5512,12.9598,0.2368,17.4463,2.4627,266.666,0
3948,54.9902,18.0423,0.1822,60.2784,12.1284,290.8277,1
3949,17.2761,17.1898,0.2914,1.225,25.764,144.187,0
3950,23.963,13.2284,0.449,4.9894,46.8327,150.5387,1
3951,121.638,47.1142,0.0319,-92.407,6.2392,107.13,1
3952,45.2271,20.198,0.1009,-27.1633,10.09,217.413,0
3953,39.6962,9.1125,0.2436,15.9036,50.3712,175.1309,1
3954,139.01,75.7862,0.1363,-47.5591,72.1272,281.683,1
3955,28.37,13.9436,0.2184,17.5741,69.3172,229.2602,1
3956,138.99200000000002,24.5973,0.0997,-139.622,35.6855,134.842,1
3957,46.9412,44.2798,0.055,-21.9605,15.6243,153.5856,1
3958,67.0729,22.3921,0.2383,53.4776,7.7098,362.946,0
3959,16.0384,14.3239,0.33,12.4553,40.1421,99.9747,1
3960,34.3248,9.9475,0.3776,-18.2595,12.7435,165.9016,1
3961,61.9038,26.3782,0.1018,55.2088,4.76,245.205,0
3962,26.0604,11.7726,0.2962,-7.9213,84.1351,124.255,0
3963,55.5272,12.6516,0.2528,36.7524,13.331,166.405,0
3964,51.9072,36.4683,0.0996,9.1686,30.4817,232.841,1
3965,287.7708,35.2639,0.2743,199.2069,24.9144,130.3047,1
3966,23.137,17.6869,0.2164,7.5158,82.2627,82.8534,0
3967,21.3846,10.917,0.3934,11.5245,2.4229,106.8258,1
3968,40.0276,31.8033,0.0822,17.2156,19.335,153.969,0
3969,13.0105,11.1066,0.4275,6.1336,69.383,194.141,0
3970,77.2826,31.1825,0.1755,41.573,72.5661,138.6419,1
3971,29.4437,17.2949,0.2427,20.6289,20.244,87.6333,0
3972,65.7726,28.8034,0.1418,44.5275,3.8848,321.626,0
3973,27.2918,17.8596,0.1763,25.5889,17.5042,202.691,0
3974,118.743,27.2006,0.0912,70.7675,9.051,183.074,1
3975,34.2352,16.4455,0.1709,13.0574,74.421,86.2714,1
3976,21.6327,17.2218,0.2246,9.6019,10.615,186.555,0
3977,99.0964,36.6325,0.0771,108.833,0.983,161.938,0
3978,27.3592,6.8908,0.3601,17.4007,51.723,198.511,0
3979,61.2341,12.9794,0.2079,53.679,5.7324,146.189,0
3980,18.7164,9.7296,0.4191,2.0698,44.4721,177.7257,1
3981,64.4071,23.9433,0.1219,57.5182,4.8251,238.272,0
3982,52.4535,35.8114,0.1153,-9.638,78.344,292.2953,1
3983,25.8321,7.2485,0.2325,28.1198,70.5676,249.4178,1
3984,28.0763,11.5446,0.3546,-13.3586,66.6388,203.8629,1
3985,38.8369,6.5104,0.487,2.5094,16.1763,193.5013,1
3986,107.666,24.2818,0.2106,-72.654,31.598000000000003,103.827,1
3987,13.9134,4.3956,0.471,8.9533,64.8448,166.8104,1
3988,27.1484,16.1983,0.1794,-17.2897,11.7518,93.8352,0
3989,249.5054,24.6661,0.1287,-257.6876,33.6345,126.6935,1
3990,25.22,21.0414,0.1675,22.2114,51.835,213.01,0
3991,69.3249,25.5888,0.12,-56.3247,48.3789,238.0608,1
3992,32.5567,25.388,0.138,18.3276,2.952,101.115,0
3993,22.2257,0.0,0.4477,0.0,28.526,59.1405,0
3994,26.3704,23.7704,0.2055,16.3819,25.8302,202.039,1
3995,25.7686,20.9172,0.1939,15.2884,17.4523,84.57799999999999,0
3996,22.448,14.5589,0.2108,21.6927,20.0817,149.5562,1
3997,14.3892,12.765999999999998,0.3174,-11.9048,60.2567,148.7113,1
3998,12.8393,11.4287,0.4118,-8.2459,5.316,146.025,0
3999,29.3521,11.7254,0.1812,-20.668000000000003,47.1879,107.699,0
4000,170.53900000000002,47.8698,0.0855,134.901,23.122,189.469,1
4001,201.777,65.8168,0.0544,109.891,73.3694,184.751,1
4002,22.414,7.7158,0.3397,-34.795,53.737,112.6728,1
4003,15.5126,11.3515,0.4541,-3.1136,25.1926,144.309,0
4004,21.8131,11.6784,0.3301,12.2768,26.743,103.794,1
4005,47.7734,9.7269,0.2014,11.4478,54.7763,239.245,1
4006,23.7368,11.5514,0.4111,16.2873,30.194000000000003,181.687,0
4007,48.3574,12.0112,0.1702,34.0193,68.528,215.271,1
4008,58.6792,26.0154,0.141,51.1059,14.967,269.606,0
4009,30.1359,10.9027,0.3763,16.3565,7.675,202.662,0
4010,19.295,14.1814,0.2957,-17.9627,69.122,111.184,0
4011,15.5815,12.8089,0.369,23.0532,51.4362,106.8125,1
4012,143.8199,32.7043,0.0691,89.8372,27.4639,208.36900000000003,1
4013,78.6022,16.852,0.144,69.495,43.552,208.574,1
4014,35.6207,22.194000000000003,0.1641,-2.5227,32.5405,137.7918,1
4015,51.3321,37.0206,0.1409,51.4662,46.9568,263.925,1
4016,95.6747,39.4454,0.0542,82.3899,3.175,282.92900000000003,0
4017,23.0323,1.6469999999999998,0.3761,-7.9269,34.8118,152.8259,1
4018,41.2576,12.722,0.282,-18.5681,39.3094,227.6133,1
4019,28.1836,21.694000000000003,0.2113,22.3198,45.4106,207.581,0
4020,68.8385,20.3591,0.0794,20.4918,37.676,93.6038,1
4021,16.9619,7.3198,0.5685,-5.5395,82.7575,113.965,0
4022,34.1331,10.3323,0.2421,-9.174,66.2011,205.1762,1
4023,93.7639,48.9676,0.1156,-92.6311,2.8296,329.8009,1
4024,44.4555,15.7917,0.2834,30.4447,7.651,299.782,0
4025,22.6248,16.3387,0.2702,16.6275,27.009,205.239,1
4026,103.6049,20.4311,0.0843,-54.5048,40.9715,73.3252,1
4027,33.9614,15.6924,0.1876,-20.5809,2.818,194.574,0
4028,92.8941,20.3707,0.1913,-63.5193,39.6602,179.8664,1
4029,39.799,7.3193,0.3025,-19.3096,2.609,226.427,0
4030,20.4262,8.99,0.3956,-13.2272,61.917,118.875,1
4031,189.3982,53.6635,0.0647,79.4782,80.2115,298.127,1
4032,25.6714,10.537,0.2962,20.009,9.5272,183.312,0
4033,20.5839,12.8876,0.2648,12.7741,26.586,199.96,0
4034,24.5359,11.5548,0.3142,20.2753,66.8673,219.649,1
4035,12.9512,11.0321,0.4581,7.0344,68.3731,204.969,1
4036,107.5196,68.3487,0.0413,107.1643,65.0531,135.75799999999998,1
4037,26.1936,11.8624,0.2442,-9.8535,27.5998,141.612,0
4038,27.8148,24.776,0.2006,-13.5718,2.3480000000000003,182.969,0
4039,49.572,15.4848,0.1209,-21.1715,27.711,240.566,1
4040,74.7209,29.5317,0.1211,68.8218,18.969,226.081,0
4041,16.024,11.4506,0.3946,-4.8154,19.4794,114.037,0
4042,201.2789,88.221,0.278,-166.2354,11.8913,317.1464,1
4043,126.328,26.6941,0.2072,113.1126,5.6993,207.8295,1
4044,227.071,68.9698,0.1276,-169.42,75.756,286.85,1
4045,20.5036,8.7406,0.4201,14.2452,16.992,157.411,1
4046,143.3456,72.5993,0.0618,94.3438,85.3628,414.5126,1
4047,38.3244,14.1536,0.1558,14.1189,25.762,172.7215,1
4048,48.6294,15.5835,0.1861,50.1272,71.1767,140.79,1
4049,20.3097,9.309,0.3266,-8.3896,33.547,219.147,0
4050,30.0575,24.5733,0.1897,24.1571,25.478,74.4564,0
4051,42.5919,27.8144,0.1077,-32.1735,68.0481,88.0571,1
4052,12.9733,10.889,0.4726,-6.1525,12.1984,172.19299999999998,0
4053,31.6496,16.4815,0.5878,34.3648,77.38600000000001,394.4193,1
4054,59.2653,32.6689,0.111,-43.4507,50.8755,164.3214,1
4055,14.6095,12.2051,0.4146,3.4973,21.3448,222.205,0
4056,47.7879,22.1017,0.1064,23.9245,8.5086,180.752,0
4057,27.6407,16.453,0.2437,20.5349,8.536,172.532,0
4058,28.0065,11.5181,0.2787,22.0606,51.967,223.162,0
4059,20.9468,17.7919,0.1795,8.6884,65.7603,102.09,1
4060,26.3365,11.4078,0.255,-14.1216,11.578,96.5599,0
4061,18.7961,10.2594,0.3129,-9.8311,82.2426,211.826,0
4062,30.7323,9.4811,0.2538,9.4379,85.6496,209.05,1
4063,28.4342,16.4626,0.1674,14.0196,19.601,159.668,0
4064,28.6134,12.329,0.2402,15.1813,1.338,160.99,0
4065,21.887,6.7909,0.3783,-9.3553,24.1247,86.2358,0
4066,83.7773,30.013,0.1328,-34.015,3.2282,335.267,0
4067,25.4911,15.4594,0.249,-15.4368,75.1657,163.4802,1
4068,90.1886,28.5581,0.1023,61.9911,1.932,327.52,0
4069,18.281,10.406,0.3179,-8.3087,35.8882,160.70600000000002,0
4070,78.8664,17.3947,0.1574,59.5806,3.4423,304.903,0
4071,34.1665,12.8742,0.2077,-13.492,14.125,146.8,0
4072,73.9831,14.8533,0.1225,61.5336,8.5651,226.8574,1
4073,13.19,10.8355,0.4164,-2.4594,52.378,222.33,1
4074,17.7902,12.6191,0.3219,12.5291,46.2304,160.55200000000002,0
4075,50.7195,12.1569,0.2318,45.4964,14.33,235.664,1
4076,68.2023,25.7017,0.1042,38.6336,0.6463,264.024,0
4077,32.1296,18.7433,0.1994,-31.883000000000003,1.325,219.449,0
4078,19.5688,12.2755,0.3954,9.0451,43.7839,197.4573,1
4079,18.7734,14.573,0.3457,-12.5964,41.3192,177.50599999999997,0
4080,20.4756,7.2082,0.3705,10.6201,68.1257,69.6409,0
4081,13.1638,5.9506,0.3861,6.3472,89.4946,176.5085,1
4082,18.8566,12.3731,0.2884,15.0319,16.7295,182.218,1
4083,12.8908,9.6284,0.5786,9.1271,18.4308,169.38299999999998,0
4084,12.5202,11.9374,0.3663,-10.2109,9.612,147.124,0
4085,23.0836,10.7517,0.2957,23.0647,84.3428,177.93599999999998,1
4086,15.1513,12.1682,0.3483,1.8562,75.415,201.122,0
4087,35.8412,16.5052,0.2623,37.1243,9.1922,194.149,0
4088,40.2632,14.5705,0.2618,23.4969,66.7119,238.4949,1
4089,19.7875,7.7654,0.5588,18.209,27.373,133.762,1
4090,199.806,65.8845,0.1015,-124.784,72.5219,301.137,1
4091,189.796,83.5381,0.1305,-162.327,59.654,291.213,1
4092,158.9083,20.8549,0.1767,-87.25200000000001,19.6468,103.4329,1
4093,177.71599999999998,65.2206,0.0456,-158.457,39.6158,196.678,1
4094,44.8541,8.0729,0.2435,26.4834,6.4971,214.211,1
4095,24.5405,15.2548,0.204,12.2024,18.785,122.48,0
4096,80.5156,60.7866,0.0749,-85.9259,63.18,222.739,1
4097,79.5498,57.4737,0.0962,-54.7687,8.6814,392.792,0
4098,66.1838,16.0713,0.2387,41.734,13.107,311.258,0
4099,92.6891,25.7202,0.057,103.1011,27.0591,75.9238,1
4100,72.9495,30.9379,0.0657,56.4519,0.0857,239.887,0
4101,13.1015,5.7631,0.2789999999999999,18.3969,23.4659,197.2919,1
4102,112.948,39.3367,0.067,80.0759,0.938,197.973,0
4103,32.0397,12.2173,0.2201,14.9634,68.342,165.942,1
4104,30.0886,14.9574,0.2187,-21.3144,14.675,129.686,1
4105,84.814,38.3588,0.1279,-57.7086,0.5786,323.3758,1
4106,109.9571,70.7703,0.0568,57.1464,76.0998,312.2981,1
4107,20.5738,7.1154,0.3898,12.1429,36.086,182.062,0
4108,30.5239,21.2692,0.1687,-22.8556,29.3578,88.28299999999999,0
4109,17.5266,10.7937,0.3447,-7.3702,14.9484,135.567,0
4110,52.117,27.7749,0.1165,41.6488,1.9066,231.783,0
4111,18.4901,14.4091,0.3543,18.6212,5.515,184.565,0
4112,28.6554,11.0856,0.2684,-15.6794,51.315,225.752,1
4113,43.0627,24.468000000000004,0.1452,-36.3161,2.85,188.651,0
4114,31.0421,20.6488,0.1267,-24.9739,18.7887,142.75,0
4115,19.3038,12.9565,0.3234,-13.6434,18.056,245.678,0
4116,22.4688,13.3683,0.2163,-17.644000000000002,86.2492,141.2034,1
4117,19.3336,12.313,0.296,-14.7105,56.5272,132.0,1
4118,265.5424,69.4251,0.1531,-287.3636,74.8054,145.7859,1
4119,21.0331,10.7539,0.3019,17.4986,54.931,132.156,0
4120,26.0516,16.0952,0.2671,4.7369,11.9463,97.0772,1
4121,22.0765,10.1157,0.341,-16.4018,2.356,190.444,0
4122,25.5331,14.4645,0.2479,19.4274,30.7131,181.514,0
4123,125.4518,61.7761,0.1099,-101.6333,18.6955,413.1541,1
4124,58.3519,19.2454,0.1531,37.0846,0.78,278.865,0
4125,20.9454,10.1077,0.3395,32.5003,80.4683,227.147,1
4126,32.144,20.242,0.1356,19.8897,62.537,98.2473,0
4127,28.1101,11.4555,0.304,18.912,44.1008,144.122,0
4128,30.4419,20.5627,0.3696,29.9827,33.7225,352.991,1
4129,28.9173,10.0391,0.253,23.4742,18.613,208.919,1
4130,35.455,22.1024,0.1226,26.0046,87.9282,158.725,0
4131,35.0877,26.2968,0.1418,17.2455,15.532,166.335,0
4132,30.4163,17.4222,0.2195,24.3943,68.21,236.15,1
4133,124.838,72.3293,0.0783,133.497,12.609000000000002,236.468,1
4134,68.5513,12.418,0.1147,58.9233,33.8445,152.9144,1
4135,65.7116,24.1272,0.0939,59.1527,0.32,193.564,0
4136,16.0903,10.46,0.4076,9.5297,15.3926,202.0865,1
4137,82.1714,40.3261,0.0725,63.3321,1.7505,279.018,0
4138,45.5997,35.1146,0.0742,38.2276,62.629,92.2033,1
4139,18.5177,11.3278,0.3845,-18.0052,58.404,141.675,0
4140,83.3939,25.0388,0.2149,-23.7258,12.9206,305.941,1
4141,127.0587,37.0133,0.1108,-75.8361,3.5732,329.4471,1
4142,33.1457,25.7046,0.1358,27.432,9.618,101.271,0
4143,23.6179,20.0571,0.3739,-15.0956,47.786,86.2468,0
4144,44.7566,11.436,0.1731,27.8454,1.0447,192.302,0
4145,26.7371,17.4852,0.1781,-13.345999999999998,10.206,171.726,0
4146,36.5524,29.9973,0.1247,11.4084,86.9033,182.5023,1
4147,178.5639,105.3182,0.0304,110.0458,87.6361,317.847,1
4148,11.8123,7.7798,0.3749,23.3803,58.6829,141.9376,1
4149,35.5954,10.9323,0.4386,-23.94,79.84899999999999,152.483,0
4150,164.4534,27.3242,0.149,108.953,42.2328,277.7268,1
4151,62.4307,19.6817,0.1457,-26.3858,1.456,212.4273,1
4152,17.1349,11.1551,0.3194,-7.3279,8.1236,186.055,0
4153,24.9635,10.7398,0.3368,17.3531,65.7356,212.1565,1
4154,28.8038,6.6537,0.3,9.7648,37.1524,223.553,0
4155,37.3442,6.4684,0.2259,-32.3971,58.6265,164.237,1
4156,52.2368,45.61600000000001,0.0749,35.5267,20.595,37.2539,0
4157,19.8927,0.0,0.5584,0.0,68.347,211.231,1
4158,39.0781,23.4318,0.1096,-15.2045,3.3991,171.933,0
4159,78.4224,26.329,0.1404,59.9389,1.9214,318.829,0
4160,119.5765,39.0866,0.0557,-32.0839,12.9172,175.218,1
4161,53.9648,17.9148,0.1412,60.642,0.857,271.063,0
4162,78.9039,26.6129,0.075,66.1459,9.8964,197.398,0
4163,48.1061,43.2783,0.0714,-34.4019,20.8127,136.0762,1
4164,23.502,13.6746,0.3116,16.0397,54.04600000000001,57.93600000000001,1
4165,53.3283,15.0929,0.2298,61.769,11.4237,250.2415,1
4166,70.8411,31.359,0.0902,71.50399999999999,4.763,118.546,0
4167,44.3862,18.8247,0.1388,39.6798,13.3615,269.454,1
4168,64.0108,21.0758,0.1418,10.3277,3.9371,296.344,0
4169,159.8481,34.8371,0.1622,-207.8038,18.2848,338.7116,1
4170,22.0774,9.6995,0.317,14.4567,20.4406,182.617,1
4171,103.02,23.7979,0.1331,83.1531,8.6009,199.15,0
4172,17.9156,10.7885,0.2801,-8.4051,47.669,41.3964,0
4173,12.9691,10.9907,0.4601,-6.6805,32.816,132.148,0
4174,12.9705,10.9994,0.4585,-6.6894,28.599,208.315,0
4175,31.9122,14.2005,0.2664,-22.063,3.3657,136.97,0
4176,172.15599999999998,77.0426,0.0176,-94.9671,21.1865,188.98,1
4177,20.1165,13.8906,0.2794,12.4081,17.5295,92.687,1
4178,21.0476,18.0276,0.238,16.6251,16.8056,189.636,0
4179,67.8471,23.3169,0.1334,49.6572,0.8502,287.433,0
4180,19.9214,12.7713,0.361,15.1574,8.3678,231.332,0
4181,21.8358,17.4525,0.2887,18.3525,53.28,194.941,0
4182,24.0895,10.6254,0.2812,18.9214,89.2151,179.872,1
4183,11.8465,10.9758,0.3112,24.577,27.3756,171.9282,1
4184,53.521,27.8531,0.1416,49.5699,0.984,185.463,0
4185,196.616,35.4795,0.2928,-129.687,53.798,328.55800000000005,1
4186,178.3158,119.8277,0.0806,-154.8269,20.7963,277.8058,1
4187,49.9934,14.8729,0.2591,-25.4564,41.3137,164.775,1
4188,19.1962,7.2453,0.6172,19.1667,29.2578,251.85,1
4189,69.4073,19.7331,0.1167,83.3217,77.0349,153.2177,1
4190,137.5038,41.8401,0.0939,-112.874,34.2078,334.2239,1
4191,23.0874,14.8181,0.2961,-15.5049,2.2829,195.048,0
4192,21.0205,7.0613,0.3793,11.2215,68.3044,69.1671,0
4193,65.7199,11.283,0.1477,28.9409,77.4844,150.0927,1
4194,21.7089,14.8872,0.237,-7.3236,3.465,158.37,0
4195,22.3317,6.5726,0.391,-9.4103,39.4854,101.62,0
4196,27.3576,10.0167,0.2798,19.5226,59.4668,235.028,0
4197,19.3757,6.5595,0.5169,16.0747,12.686,184.344,0
4198,18.787,14.9261,0.3544,19.5301,28.2602,91.751,0
4199,36.6807,11.4074,0.214,-33.2046,37.6215,189.025,1
4200,16.2518,11.5767,0.3601,-3.8872,82.11200000000001,183.611,1
4201,31.0864,18.5673,0.2768,24.088,32.0528,144.293,0
4202,69.9448,23.0824,0.0981,-54.9037,57.393,156.13,1
4203,18.5772,10.199,0.3488,11.6295,76.5709,200.411,0
4204,11.6341,9.2012,0.4821,-12.541,51.8845,128.1919,1
4205,20.8725,9.9556,0.3311,17.413,39.56,100.069,0
4206,61.3134,14.7539,0.1439,31.1346,89.2761,225.687,1
4207,29.3314,18.0657,0.1946,17.4264,10.7423,165.40599999999998,0
4208,32.4042,9.2939,0.2443,19.8759,65.3193,231.338,1
4209,91.0218,46.8609,0.1642,-115.407,59.153,231.492,1
4210,135.0778,41.7495,0.0817,98.6147,59.614,169.6094,1
4211,96.7683,38.3376,0.0594,69.6252,0.823,274.291,0
4212,71.828,25.1169,0.0933,73.5989,5.3892,238.194,0
4213,45.3973,23.2863,0.1037,-19.6851,4.1267,172.418,0
4214,75.6267,16.4543,0.3132,-37.0773,14.441,125.601,1
4215,39.8121,18.1076,0.1412,33.9114,10.575,236.327,0
4216,90.0781,32.3167,0.0704,77.9192,3.343,275.422,0
4217,38.2839,20.9862,0.1434,-18.645,8.648,233.979,0
4218,31.0425,10.6676,0.2401,17.6831,0.0086,191.053,0
4219,149.8522,46.9361,0.0936,-120.6832,60.4394,155.0349,1
4220,35.3663,13.7126,0.2227,-6.7135,6.7587,206.623,0
4221,134.2851,71.4363,0.1033,-40.8617,44.4854,371.8306,1
4222,28.7041,10.927,0.2289,-20.9076,33.5885,161.783,0
4223,103.6643,41.6434,0.1156,-110.625,72.3333,208.6128,1
4224,50.2263,17.1823,0.1515,44.208,7.402,294.058,1
4225,98.5106,38.0384,0.0633,88.412,56.4031,256.85200000000003,1
4226,18.3932,10.508,0.2871,7.3274,49.511,117.413,0
4227,65.8793,11.4066,0.1727,62.4208,37.1496,301.007,1
4228,19.0289,12.6648,0.2394,7.6753,67.536,159.869,1
4229,73.6884,20.7426,0.1266,84.5156,36.7293,121.7104,1
4230,34.105,11.555,0.2746,23.8552,12.8796,194.693,0
4231,25.7298,14.0834,0.2063,10.4099,81.4489,265.643,1
4232,144.0302,41.8572,0.1741,81.0052,6.9217,335.5815,1
4233,47.5811,17.2598,0.1733,-36.82,0.2816,220.423,0
4234,18.1377,10.5243,0.3219,10.4913,63.18600000000001,167.928,0
4235,40.6292,18.2234,0.1644,21.2383,11.7327,225.199,0
4236,35.8045,19.4481,0.1224,16.5774,4.8668,195.817,0
4237,52.4255,22.3263,0.2149,-34.7742,13.671,300.303,0
4238,17.359,11.5373,0.3164,21.5536,57.816,183.6585,1
4239,24.7717,10.5539,0.2762,19.2892,1.094,113.672,0
4240,32.2217,10.6999,0.2538,14.7635,37.7159,104.2765,1
4241,184.2529,54.3154,0.0823,142.6303,65.069,300.5053,1
4242,31.1538,11.723,0.487,30.7898,8.9121,215.9572,1
4243,24.9084,16.26,0.2225,4.8267,0.758,148.265,0
4244,76.7307,24.2085,0.1584,26.3846,3.4360000000000004,354.31300000000005,0
4245,22.7315,12.8694,0.2943,-8.158999999999999,10.6062,213.579,0
4246,29.362,11.3579,0.2347,-21.6853,76.263,212.106,0
4247,89.66799999999999,19.9066,0.1279,68.3034,1.189,257.714,0
4248,16.9257,11.0041,0.3579,7.9115,88.6483,167.322,0
4249,71.5814,37.0807,0.1603,73.8767,13.14,223.778,1
4250,71.6786,35.8227,0.1669999999999999,-60.976000000000006,27.2898,374.667,1
4251,38.026,17.7269,0.1771,-12.0771,18.645,206.599,0
4252,8.854,1.2657,0.4368,-13.9565,53.6212,218.7713,1
4253,65.9948,33.8832,0.159,-41.7704,40.1133,271.92400000000004,1
4254,49.6538,21.7384,0.1122,-36.0348,7.9929,179.949,0
4255,51.6081,19.4357,0.2031,37.6783,0.391,286.53,0
4256,21.7555,10.6715,0.2791,17.4528,18.3562,86.931,0
4257,18.3155,7.4868,0.5019,-5.0042,2.559,105.169,0
4258,152.629,35.7624,0.0386,-120.529,87.2944,131.18,1
4259,158.597,69.6826,0.0196,96.6959,28.954,227.682,1
4260,25.7351,9.5793,0.3058,16.6231,88.6277,165.783,1
4261,69.6783,12.7037,0.1839,-58.8637,9.78,205.687,0
4262,164.761,58.4285,0.1277,-125.992,4.9415,322.531,1
4263,27.3633,9.1348,0.3574,19.6324,15.1147,171.3404,1
4264,206.5307,105.1574,0.2417,174.4359,84.6314,336.1271,1
4265,59.8452,23.981,0.1689,-54.837,4.9917,136.6318,1
4266,91.9461,60.0205,0.0544,101.972,41.784,232.257,1
4267,59.4784,13.5568,0.1638,-35.1098,3.525,235.186,0
4268,74.60600000000001,22.4357,0.1538,40.2184,35.5111,248.6355,1
4269,43.8486,16.4293,0.25,26.2713,4.721,168.795,0
4270,12.8132,11.4773,0.4081,8.4809,84.1434,180.097,0
4271,24.6687,21.3662,0.2312,-18.2001,58.515,80.8683,1
4272,28.3529,11.992,0.2849,-20.511,6.737,131.62,0
4273,64.5254,46.8133,0.1321,53.0272,26.525,304.326,1
4274,22.8368,16.67,0.1983,8.2835,66.247,94.9115,0
4275,21.3939,14.3599,0.2648,29.6431,13.0433,235.267,1
4276,35.92,21.2075,0.1382,-9.3284,5.5489,154.244,0
4277,128.08,64.6057,0.0692,120.1425,36.7364,257.0127,1
4278,17.9174,10.8499,0.2712,-5.9624,7.9443,105.688,0
4279,25.9342,16.1378,0.3631,11.5668,43.2059,217.8361,1
4280,56.2216,18.7019,0.1393,-41.2969,5.9110000000000005,197.209,0
4281,76.7226,11.2998,0.1453,-26.6326,45.422,100.238,1
4282,164.082,26.3636,0.0686,-86.734,17.1517,88.1233,1
4283,106.821,57.9549,0.0354,78.9675,1.9326,292.894,0
4284,33.648,13.8336,0.1749,-19.9497,8.817,154.213,0
4285,88.0174,21.6106,0.0934,78.2005,6.986000000000001,243.888,0
4286,36.345,16.4722,0.2523,-21.1765,10.885,170.054,0
4287,25.161,15.1905,0.2232,-9.4704,0.624,220.899,0
4288,85.9632,28.6412,0.1525,37.3699,5.702999999999999,331.63800000000003,0
4289,95.8777,34.7056,0.0846,43.099,1.3969999999999998,336.647,0
4290,60.2095,30.3849,0.1141,60.8677,25.5574,185.198,1
4291,199.2583,77.0995,0.1095,149.5179,68.4182,248.5969,1
4292,62.786,31.2918,0.1147,46.3378,10.2258,263.504,0
4293,26.6952,12.7915,0.3357,25.9448,53.1794,185.215,1
4294,17.0648,7.4209,0.5681,-3.594,69.1441,231.783,0
4295,34.4834,18.786,0.2055,13.8016,9.317,163.27,0
4296,104.3803,31.0864,0.0593,96.8727,68.7094,261.3684,1
4297,21.005,15.8291,0.3476,-17.0987,6.6575,153.006,1
4298,12.8041,11.5222,0.3953,-7.8399,7.7639,74.3655,0
4299,44.5851,26.9834,0.1979,58.8225,11.5981,89.3849,1
4300,19.527,12.7936,0.3379,-14.8024,19.2145,138.77,0
4301,58.2002,10.9563,0.1711,23.6823,9.0707,182.448,1
4302,29.7596,11.4809,0.2803,21.7995,1.3630000000000002,194.645,0
4303,49.2705,19.1009,0.1654,49.0443,8.8233,231.298,0
4304,65.9375,15.0955,0.2114,-50.0464,15.485,179.332,0
4305,97.6192,39.026,0.0926,44.4587,1.822,383.006,0
4306,145.368,66.4736,0.0712,-50.6227,40.29,282.575,1
4307,61.6463,21.171,0.1086,52.4882,4.2131,234.581,0
4308,82.6882,33.0604,0.0579999999999999,42.9439,2.312,210.328,0
4309,26.2853,10.9271,0.268,11.1338,0.3841,162.22799999999998,0
4310,19.5513,16.5461,0.2611,-12.7235,51.5248,260.4947,1
4311,27.1366,15.5445,0.4359,-5.6294,13.4866,207.5123,1
4312,23.807,10.0712,0.3184,16.855999999999998,10.378,216.895,0
4313,22.0539,14.3441,0.2991,15.2366,3.13,136.53799999999998,0
4314,27.6894,11.8456,0.3272,13.7033,28.6542,125.9291,1
4315,18.2936,12.9298,0.2819,7.4971,43.5251,59.0353,0
4316,170.812,62.9668,0.0642,-49.1097,13.6229,88.7238,1
4317,26.7054,17.8239,0.1928,19.9869,29.945,69.7696,0
4318,22.8087,11.1387,0.5133,16.6283,41.1069,151.8346,1
4319,117.688,13.7609,0.1736,136.445,1.9331,208.952,0
4320,34.248000000000005,9.5415,0.1482,10.9714,74.2888,130.4464,1
4321,25.652,11.5851,0.2447,4.6733,35.088,151.84799999999998,0
4322,160.416,78.9997,0.0282,50.0022,86.2535,301.297,1
4323,105.3071,39.1556,0.1623,132.0928,89.9229,237.5714,1
4324,45.7796,19.1139,0.1246,37.3997,18.042,256.435,0
4325,38.9854,13.8038,0.1961,-18.1726,5.2555,181.96400000000003,0
4326,30.5259,18.7777,0.2125,24.4051,36.426,68.4558,0
4327,36.7909,7.903,0.2241,26.0861,20.6809,128.7129,1
4328,102.897,41.8712,0.1445,93.1035,36.8698,87.5559,1
4329,84.8024,65.7812,0.1236,68.9641,21.8933,351.6241,1
4330,40.0929,10.4147,0.2045,33.9537,55.2876,203.8478,1
4331,197.5952,64.7036,0.0614,-83.1542,67.8974,217.506,1
4332,91.7393,31.0841,0.1108,-50.0945,0.0881,374.934,0
4333,117.306,24.6754,0.1563,90.6799,0.0969,342.712,0
4334,52.2332,16.7104,0.1076,32.1268,43.75899999999999,250.175,1
4335,22.7741,8.7941,0.1989999999999999,-21.1473,89.2581,227.5435,1
4336,124.302,15.3827,0.2682,-135.333,60.4552,180.951,1
4337,139.558,53.1675,0.0899,99.4739,28.2495,237.166,1
4338,49.5844,23.4306,0.1203,18.6067,6.6105,216.875,0
4339,125.748,45.7545,0.1792,-110.114,6.949,260.528,1
4340,23.4494,16.2843,0.2655,-15.9867,83.8081,235.203,0
4341,37.737,23.0461,0.1662,24.3458,20.583,221.496,0
4342,37.868,16.1413,0.1852,19.4101,47.3369,134.70600000000002,1
4343,38.5465,17.5926,0.133,-10.698,3.3209,171.52200000000002,0
4344,156.9253,34.9385,0.1193,85.0103,44.8894,208.4538,1
4345,74.4358,18.5317,0.2855,-61.9299,17.3395,281.4725,1
4346,57.1905,35.5095,0.1197,-54.2835,44.732,102.995,1
4347,68.6967,24.7983,0.0996,76.9693,3.4614,178.71200000000002,0
4348,75.8358,24.7669,0.1111,74.3111,2.9174,286.231,0
4349,21.7908,10.996,0.2995,18.4806,23.2454,201.817,0
4350,38.6861,14.6548,0.1405,18.1322,41.6313,214.7117,1
4351,99.9155,26.0911,0.1013,66.7073,1.5208,324.05400000000003,0
4352,19.7982,15.4644,0.2583,17.5553,21.142,211.217,1
4353,28.4057,21.1799,0.1478,13.3182,11.239,153.27100000000002,0
4354,16.1088,10.6578,0.4358,5.0474,86.3608,117.839,0
4355,26.2657,7.1708,0.3521,13.2753,67.3611,193.74,1
4356,61.6736,35.0896,0.1594,34.4763,17.1635,334.8951,1
4357,18.5994,12.481,0.408,19.1837,1.1793,138.793,1
4358,111.668,90.6032,0.0723,116.755,47.5204,210.098,1
4359,46.9198,22.8517,0.1443,-36.2719,4.2278,175.44099999999997,0
4360,35.3788,13.3014,0.246,19.5194,3.7685,137.491,0
4361,25.7782,11.2053,0.3725,21.0159,8.288,123.181,0
4362,67.1582,25.5295,0.148,54.4201,6.439,285.79400000000004,0
4363,93.4248,12.1943,0.0814,72.6356,20.9166,226.4132,1
4364,50.9972,11.5078,0.2649,-26.2585,1.2785,175.44799999999998,0
4365,12.7246,9.0884,0.618,-10.3376,83.6171,235.895,1
4366,44.5536,11.9548,0.1482,-19.5477,3.2582,236.534,0
4367,47.1947,13.5593,0.1992,30.8741,8.021,158.679,0
4368,28.1738,12.4763,0.2403,17.1102,10.8918,261.431,0
4369,51.9973,39.5198,0.2157,30.8332,17.2724,344.524,1
4370,10.9648,8.2549,0.3846,19.4156,13.6736,145.8813,1
4371,30.7739,19.0394,0.1685,9.2963,1.824,210.85,0
4372,37.3887,19.1897,0.181,-21.6535,1.818,245.343,0
4373,93.0262,23.2094,0.1427,84.4747,0.2526,310.38,0
4374,221.374,58.4763,0.1178,140.21200000000002,68.53399999999999,179.855,1
4375,34.736999999999995,23.5412,0.1715,29.3417,39.615,84.4406,0
4376,22.7309,9.7914,0.3415,18.6712,23.725,182.808,0
4377,162.8811,112.2661,0.2104,-148.94899999999998,15.8519,350.3663,1
4378,174.257,41.9042,0.0793,-80.0821,34.5846,261.822,1
4379,25.5449,21.1289,0.2201,-16.4746,69.3466,90.6994,0
4380,50.6386,19.9415,0.1339,35.5206,14.5598,118.974,0
4381,17.3807,10.7395,0.3756,4.1739,66.181,62.4956,0
4382,63.1442,21.225,0.1682,55.4917,64.627,197.537,1
4383,37.2594,18.1389,0.2786,-35.6108,15.1361,228.594,0
4384,120.543,52.7537,0.1089,-95.0681,10.041,247.349,1
4385,20.8971,18.6641,0.286,-15.5955,6.83,231.83,0
4386,25.0027,16.9509,0.2428,-19.3035,37.97,231.979,1
4387,34.1637,9.4153,0.2834,17.1486,64.752,109.449,1
4388,24.3015,11.4255,0.2702,-17.8319,35.861,189.42,0
4389,27.5457,11.6724,0.314,-9.8531,16.7712,190.609,0
4390,28.6317,21.3242,0.2141,16.3698,17.9029,148.259,0
4391,57.0238,23.9562,0.0974,45.77,14.005,178.18200000000002,1
4392,39.8927,15.4219,0.1561,25.5705,14.818,193.449,0
4393,19.0154,12.8813,0.4264,17.2241,58.903,174.40099999999998,0
4394,21.6739,10.9486,0.2144,22.9505,57.2767,159.7663,1
4395,30.0754,11.8617,0.2476,-5.4284,28.0357,151.70600000000002,0
4396,42.2218,16.7086,0.2362,37.3177,4.972,186.202,0
4397,20.2845,5.6058,0.3743,16.1903,88.897,256.3073,1
4398,27.0273,11.1927,0.2592,14.1502,4.376,201.718,0
4399,45.5567,16.8422,0.1404,24.1014,3.378,214.16,0
4400,53.5279,36.5261,0.1159999999999999,53.703,31.1596,122.894,0
4401,31.2236,12.0292,0.1965,16.1585,31.0,65.8247,0
4402,26.9058,15.8311,0.2723,17.8411,61.2278,99.8993,1
4403,122.095,78.0849,0.0264,-65.0153,55.6274,259.10900000000004,1
4404,55.4637,16.456,0.1813,-15.671,10.662,172.28900000000002,0
4405,29.1942,12.9442,0.4335,-19.5929,85.70100000000001,219.2724,1
4406,92.6571,21.8773,0.1643,42.4363,8.2413,309.3671,1
4407,18.7803,7.2908,0.4564,-9.835,40.3701,195.213,1
4408,98.0186,38.7657,0.1232,62.541,7.011,310.841,0
4409,37.2503,32.0912,0.0931,9.8693,21.4977,14.0229,0
4410,33.9143,12.6032,0.2228,28.2809,13.4021,150.692,0
4411,143.398,74.0648,0.0714,-69.5873,50.859,184.564,1
4412,61.7795,30.5777,0.091,51.2115,19.254,223.832,0
4413,68.6372,35.1914,0.0807,47.822,2.245,250.332,0
4414,87.3349,35.2968,0.0749,68.77199999999999,0.7025,311.573,0
4415,26.6038,18.6558,0.1702,-6.9082,68.2129,53.7854,0
4416,28.8143,13.6411,0.344,6.0571,7.7544,203.8015,1
4417,14.042,9.7789,0.4757,4.663,31.1612,205.2095,1
4418,27.2843,11.8845,0.4007,3.6565,23.9358,42.555,1
4419,38.3002,24.4997,0.1309,40.6639,68.1572,252.2133,1
4420,32.7548,20.0059,0.1735,-31.9813,2.2496,221.213,0
4421,23.3398,6.8631,0.3955,3.1633,23.0812,201.1968,1
4422,33.5123,9.5221,0.3232,14.803,75.5099,107.0847,1
4423,20.201,12.8139,0.301,13.9664,36.8528,206.465,0
4424,266.66,177.782,0.0618,-204.973,31.715,188.693,1
4425,77.9676,27.6079,0.168,64.6676,11.219,240.73,0
4426,25.9293,20.0075,0.1508,7.2762,81.0687,191.105,1
4427,126.0,83.6154,0.0892,80.6855,70.229,228.541,1
4428,51.6397,21.2983,0.1049,19.9306,1.5888,203.58,0
4429,104.692,21.2871,0.3836,-108.745,10.285,306.401,0
4430,21.8269,3.5838,0.3525,0.0383,53.6823,81.798,1
4431,117.106,27.1889,0.0935,60.7529,24.99,68.1707,1
4432,161.6096,37.6592,0.1891,-97.9689,82.6862,180.6341,1
4433,15.7089,11.1832,0.4522,3.6839,13.143,107.129,1
4434,41.2575,21.8584,0.1155,-22.9775,2.555,233.09,0
4435,128.3264,45.1891,0.0664,70.8304,45.1222,211.5288,1
4436,87.637,29.2665,0.0867,89.6429,34.699,225.76,1
4437,26.7552,11.6863,0.251,16.098,32.4811,199.951,0
4438,73.3377,18.7266,0.2473,-70.5328,1.0184,226.93,0
4439,11.7936,9.5614,0.5149,-11.4457,19.851,206.543,1
4440,22.1148,11.2098,0.2888,19.5864,72.274,201.773,0
4441,29.236,14.5626,0.2556,-24.4974,86.7802,195.525,1
4442,31.063,19.4251,0.1613,-8.5847,35.0126,203.238,0
4443,80.5865,17.6853,0.1895,-48.078,55.523,84.8962,1
4444,67.4766,29.8525,0.0809,53.1833,4.9318,223.58,0
4445,21.0158,9.784,0.2992,-6.1056,5.571000000000001,167.8082,1
4446,16.2518,10.4497,0.3333,-8.2122,40.5029,94.633,1
4447,33.429,29.8932,0.1538,-31.4401,29.644,28.8145,0
4448,64.0384,24.0484,0.1066,39.7313,1.8696,251.885,0
4449,39.6937,16.9156,0.2092,26.3372,54.382,106.48,1
4450,21.3922,11.7584,0.2684,-10.0457,13.93,170.743,0
4451,60.5043,30.9246,0.1344,45.2201,54.9271,255.1447,1
4452,102.349,18.6221,0.1887,-58.2128,7.9901,245.003,1
4453,81.3608,22.8209,0.083,69.3567,1.9326,252.607,0
4454,62.5422,14.4812,0.1557,23.3592,88.4272,248.4001,1
4455,21.2811,9.7289,0.358,-14.6649,23.9828,186.74,0
4456,246.5385,57.6978,0.0887,-246.5407,41.5958,337.0055,1
4457,25.0807,12.4177,0.2517,18.3512,61.1859,49.7767,0
4458,55.7126,12.7398,0.1597,-21.365,51.6743,85.4303,1
4459,19.8489,12.8985,0.3155,-10.7301,55.0925,168.972,1
4460,12.8702,11.4376,0.387,6.0869,83.1822,123.036,0
4461,33.4245,19.2319,0.1522,17.7395,62.169,45.957,0
4462,105.6777,33.3075,0.0885,94.2123,9.4296,163.5166,1
4463,182.252,28.4761,0.099,-86.4682,55.435,164.832,1
4464,23.3323,10.7987,0.2841,-17.7871,37.4068,106.041,0
4465,127.2402,44.4331,0.1692,-91.3872,14.3886,294.7239,1
4466,84.4221,36.4121,0.1085,43.8629,4.2808,351.706,0
4467,21.3338,10.0117,0.3283,-16.8477,23.493,82.3087,1
4468,43.0287,22.9664,0.1317,41.8777,21.8794,92.7433,0
4469,26.1467,8.3126,0.3044,33.7269,19.982,223.1163,1
4470,38.5196,12.5763,0.2256,-15.6858,15.629,208.052,0
4471,189.929,50.5583,0.061,-177.862,62.1475,85.3518,1
4472,195.2839,112.0025,0.0449,-164.0899,72.9736,311.6471,1
4473,84.8345,33.4023,0.0918,56.0189,6.4976,286.543,0
4474,20.7721,2.9223,0.3418,2.5478,13.7997,199.0234,1
4475,27.2526,12.0575,0.3417,19.6799,24.439,90.4348,0
4476,23.4204,9.8062,0.4936,9.202,66.5206,138.0866,1
4477,122.654,22.4054,0.1031,82.4974,50.152,267.85900000000004,1
4478,124.945,32.2042,0.1574,63.7684,28.5857,333.045,1
4479,67.2776,23.6859,0.1921,27.0095,44.7922,258.641,1
4480,76.4663,20.0737,0.1178,71.7439,4.4052,255.358,0
4481,45.3746,23.9865,0.1248,29.98,1.1294,126.671,0
4482,18.4268,10.4534,0.309,9.8267,73.19800000000001,172.49400000000003,1
4483,21.3781,9.9143,0.3311,16.7247,22.0158,134.089,0
4484,33.3384,15.5055,0.3083,-37.1796,58.9381,180.2571,1
4485,26.8925,11.6867,0.2934,16.1808,75.669,113.658,0
4486,23.0489,0.0,0.4051,0.0,70.3994,77.4482,0
4487,45.5915,10.4855,0.3011,40.5332,23.2142,167.0981,1
4488,25.5005,24.3055,0.2648,15.4926,28.7159,121.4007,1
4489,32.8932,14.7584,0.2613,-13.7969,10.7955,214.958,0
4490,62.9536,10.3627,0.1455,30.6515,25.276,155.888,1
4491,42.2236,19.9761,0.1438,33.2289,4.262,192.229,0
4492,20.3555,7.1969,0.3731,-11.3292,39.7307,133.97899999999998,0
4493,48.5152,22.2848,0.11,18.4291,0.6261,213.416,0
4494,103.6647,79.7805,0.0409999999999999,89.6862,58.9961,309.2336,1
4495,107.547,21.5764,0.1694,38.5643,12.9259,114.517,1
4496,128.1116,85.0757,0.1023,-90.1721,2.8948,328.6118,1
4497,24.7206,14.7841,0.2387,-15.7372,42.763000000000005,84.5825,0
4498,29.3664,17.6795,0.1582,20.1591,52.9899,214.79,1
4499,33.3331,17.4154,0.1514,20.3642,8.866,153.997,0
4500,48.2689,28.4269,0.283,57.7281,89.8702,201.982,1
4501,65.8461,19.2569,0.1832,59.1684,2.095,236.7279,1
4502,26.7425,14.3788,0.2208,-22.3011,86.2952,111.381,0
4503,41.1136,19.8294,0.1715,-28.4179,3.559,232.243,0
4504,150.376,21.72,0.4002,-106.522,23.5935,367.831,1
4505,143.3763,30.1811,0.2087,-97.2622,77.7655,184.7944,1
4506,19.2963,19.039,0.2592,-18.1211,86.5376,205.2974,1
4507,28.126,19.7273,0.1845,19.5373,20.468,198.969,0
4508,30.2409,23.8009,0.1511,-31.0734,40.8581,61.4929,1
4509,27.3905,13.7396,0.2474,16.2688,19.736,138.797,0
4510,35.6467,0.9454,0.4006,24.9294,43.8458,159.7466,1
4511,90.9389,24.6202,0.2722,-76.5331,10.8246,357.9234,1
4512,31.5737,19.7566,0.155,-5.5612,29.603,135.20600000000002,0
4513,24.3779,14.5923,0.2069,10.0478,2.248,118.019,0
4514,87.4516,20.7033,0.1749,72.5635,9.7734,295.7276,1
4515,79.3454,44.406000000000006,0.1038,55.6687,29.2167,240.9534,1
4516,71.8675,12.4783,0.1261,-14.9573,85.2263,223.882,1
4517,60.7624,19.3069,0.1431,45.0332,4.199,222.614,0
4518,21.2342,15.4418,0.3454,12.8973,68.0255,229.437,1
4519,38.5399,20.4511,0.2194,15.7963,86.2652,260.973,1
4520,130.69,69.6064,0.0833,143.345,83.4122,323.513,1
4521,21.047,11.0327,0.2705,18.7441,5.1507,189.43400000000003,0
4522,12.9526,9.8511,0.5601,8.4522,85.4342,226.159,1
4523,73.1082,11.4986,0.2329,49.1673,48.36600000000001,215.632,1
4524,68.2371,16.9432,0.1125,13.4506,4.6306,149.58,0
4525,31.79,18.2532,0.2217,16.197,13.812,206.123,0
4526,21.359,12.2899,0.2506,-11.3586,69.8415,230.301,1
4527,73.9242,56.4758,0.1629,-34.9512,56.295,271.875,1
4528,74.7173,27.7138,0.1907,47.5564,10.598,291.766,0
4529,26.5772,9.9018,0.2606,16.730999999999998,22.52,51.6708,1
4530,81.2048,30.6838,0.1106,38.1371,31.5144,327.4615,1
4531,118.0119,34.4505,0.0595,92.0826,16.214000000000002,265.7457,1
4532,24.9618,21.5161,0.2399,12.366,78.131,117.269,1
4533,19.0848,13.7346,0.3966,19.4696,5.3161,213.71400000000003,1
4534,26.3148,18.4591,0.2418,-12.8794,13.776,117.24,0
4535,13.3386,10.3061,0.4645,-6.0428,52.3517,44.6044,0
4536,17.9166,6.8201,0.4277,19.6718,23.5436,211.0129,1
4537,26.0508,9.2468,0.3243,20.307,16.816,176.208,1
4538,74.7378,19.2336,0.1367,75.3194,4.5935,211.81,0
4539,43.1636,16.2751,0.1776,-29.2344,43.9162,55.2383,0
4540,45.2957,24.5599,0.2163,37.6472,8.201,283.62,0
4541,31.8536,16.0322,0.183,25.0272,17.905,62.6579,0
4542,25.2455,19.0726,0.1863,11.1564,81.6368,229.061,0
4543,70.0385,8.3089,0.3507,49.5583,39.0935,202.874,1
4544,31.881,6.401,0.2877,15.8025,52.9994,68.2131,1
4545,26.6095,17.6968,0.2126,14.1483,24.2467,82.3375,0
4546,53.4534,25.4135,0.2098,38.388000000000005,82.2188,225.1206,1
4547,12.4763,11.9939,0.3592,-10.0179,45.626000000000005,150.341,0
4548,118.5341,53.8896,0.0285,-121.2267,72.1555,227.5055,1
4549,12.97,11.2222,0.4139,-6.3933,50.6846,193.264,0
4550,21.9086,16.4167,0.2871,18.7634,50.2519,129.789,0
4551,57.9372,10.1,0.1898,-35.1508,0.1315,135.601,0
4552,27.6587,18.1611,0.2032,6.7005,24.5664,190.287,0
4553,26.6016,0.0,0.432,-13.8735,15.92,189.441,0
4554,52.0513,30.9323,0.1669999999999999,46.7814,17.8979,289.0867,1
4555,47.2013,11.9704,0.1951,33.6616,18.8968,258.91,0
4556,42.4156,25.0592,0.0998,30.7553,24.038,78.5815,0
4557,22.0202,17.8999,0.2779,-10.5327,30.327,222.33900000000003,0
4558,29.3057,18.6388,0.1625,-17.4843,41.7415,196.7177,1
4559,174.168,38.0948,0.1603,-148.346,44.7931,267.136,1
4560,95.6302,20.142,0.2492,54.5238,18.4507,278.219,0
4561,17.5918,10.6484,0.3369,-10.8721,20.982,225.741,0
4562,80.5169,30.6141,0.0976,73.4846,7.053,309.389,0
4563,41.5424,9.4241,0.2598,29.2093,62.6915,187.838,1
4564,48.5563,20.9762,0.1235,-25.5554,4.382,211.926,0
4565,29.6299,17.3722,0.1726,13.7674,24.196,123.845,0
4566,27.028,10.1215,0.2649,-16.437,65.9551,56.2666,0
4567,13.3362,13.0619,0.2237,15.3427,60.3358,34.8102,1
4568,24.0645,13.019,0.3111,12.9105,67.465,224.345,1
4569,46.3207,14.1497,0.1478,16.9994,1.962,199.036,0
4570,25.2073,12.764,0.2733,-16.5419,59.5984,146.26,0
4571,27.4623,14.5438,0.2139,15.9895,14.4566,199.615,1
4572,41.3514,24.002,0.1482,37.6396,22.0152,95.863,0
4573,31.6675,5.7114,0.5102,25.3384,5.2978,149.2918,1
4574,61.8677,17.219,0.1753,-37.4271,83.4915,126.2051,1
4575,31.1212,16.6898,0.2356,19.2244,4.9423,184.25,0
4576,22.5713,17.1268,0.2023,23.2608,6.5907,231.3564,1
4577,116.7343,76.6761,0.0892,-123.0714,60.0177,259.1934,1
4578,59.9538,18.622,0.1372,45.529,4.604,236.668,0
4579,23.2678,0.0,0.3953,10.6773,0.0002,238.325,0
4580,102.4248,41.218,0.1405,-97.2341,18.4728,340.8171,1
4581,33.997,15.7447,0.1475,24.8384,3.4130000000000003,177.89700000000002,0
4582,24.4626,13.4301,0.3009,14.7661,5.044,105.338,0
4583,103.7022,24.6138,0.1733,58.9876,28.8291,326.0969,1
4584,75.4146,21.7781,0.1737,-51.8616,68.5352,234.999,1
4585,44.4009,18.0597,0.1972,30.0681,6.405,182.646,0
4586,25.2379,17.9872,0.237,19.5023,27.762,108.211,0
4587,16.9746,11.0417,0.3674,-6.3249,46.3891,118.254,1
4588,41.6924,14.7497,0.2007,-20.8044,59.5712,177.3062,1
4589,98.7012,17.6299,0.2555,-91.6622,89.6498,207.041,1
4590,29.8835,10.9692,0.2544,13.954,13.653,88.0099,1
4591,203.762,105.282,0.055,-92.8728,32.8887,271.86,1
4592,97.0894,31.8743,0.1279,69.2636,52.3764,161.3953,1
4593,33.0329,13.7144,0.1779,19.6898,26.7862,259.495,1
4594,45.9965,24.8466,0.1077,31.616,9.911,115.887,0
4595,32.2784,21.3825,0.1486,-15.894,0.428,251.047,0
4596,21.0283,3.2145,0.4142,23.5583,65.069,262.1984,1
4597,11.8835,7.8188,0.4614,5.7369,81.6178,220.514,1
4598,27.6891,10.1805,0.2308,21.6104,11.201,122.124,0
4599,19.1333,12.7595,0.2642,-12.6953,33.7292,165.33,0
4600,41.9892,11.468,0.1857,11.3109,70.9603,106.3456,1
4601,36.0474,9.6582,0.2553,-27.961,18.862,87.9567,0
4602,143.0334,28.2636,0.2198,48.4919,11.0121,202.688,1
4603,114.1798,32.2423,0.1341,68.6341,68.2897,294.2144,1
4604,36.7182,17.8838,0.158,36.999,6.35,68.57600000000001,0
4605,28.2181,17.4502,0.1545,-19.5229,59.7755,25.7615,0
4606,48.0128,11.4549,0.1723,36.4697,14.985,224.053,1
4607,60.4595,21.1343,0.1808,50.9982,9.214,287.473,0
4608,112.2736,37.3294,0.221,77.7513,12.4543,88.8531,1
4609,25.8512,11.0935,0.2705,16.6389,81.6762,216.16,1
4610,52.8643,13.9137,0.2771,-7.5652,74.3798,170.2509,1
4611,38.3363,16.057000000000002,0.1782,-32.0162,6.499,221.529,0
4612,19.3072,12.729,0.2604,-9.2868,55.33,187.651,0
4613,194.165,70.5358,0.0693,139.542,51.668,182.822,1
4614,68.0663,22.5312,0.1251,47.619,10.4946,241.118,0
4615,48.8058,34.6768,0.0868,38.7533,1.4845,116.025,0
4616,22.0734,16.2121,0.2568,-15.5985,1.283,181.276,0
4617,43.4795,17.4512,0.1466,-29.7525,2.912,244.237,0
4618,19.5897,12.04,0.35,20.162,84.1116,172.357,1
4619,167.17700000000002,99.002,0.0898,-125.533,29.519,331.26300000000003,1
4620,39.1753,19.9988,0.1401,38.1831,12.887,238.385,0
4621,54.1474,11.588,0.1839,44.0607,32.431999999999995,120.989,1
4622,32.3552,14.6255,0.246,-23.8743,30.585,246.561,1
4623,58.7109,22.9755,0.183,-61.7543,36.192,214.58900000000003,1
4624,99.6416,13.5477,0.1996,92.2613,74.5664,57.7231,0
4625,53.6821,45.1554,0.2304,-20.8213,62.274,314.497,1
4626,60.7519,14.8701,0.1101,35.7539,10.2948,196.305,1
4627,91.757,38.4914,0.1014,126.475,27.0741,49.8535,0
4628,118.581,32.227,0.2162,-87.3744,8.2015,273.158,0
4629,47.4331,12.0319,0.3122,15.1033,18.4433,155.72299999999998,0
4630,60.2085,12.6926,0.1272,33.2663,40.222,148.591,1
4631,185.1567,47.0019,0.1723,-22.7838,31.1915,90.6294,1
4632,24.37,12.9688,0.3056,21.8825,10.1501,208.791,1
4633,184.9553,116.9481,0.0642,-172.2959,4.4175,268.8151,1
4634,145.749,65.33,0.0734,32.3843,15.609000000000002,167.391,1
4635,20.017,9.5305,0.3061,6.2839,55.3309,90.3746,0
4636,26.7112,20.18,0.2084,-20.4143,78.7402,80.2553,0
4637,160.6953,23.5113,0.2464,-99.9844,41.3427,270.5861,1
4638,90.0067,18.334,0.0914,-25.7003,51.0427,134.8266,1
4639,38.2504,18.0386,0.1827,22.3934,7.4414,194.93400000000003,0
4640,24.2769,16.840999999999998,0.1922,-8.3624,12.8676,212.428,0
4641,55.0356,42.0449,0.1294,35.14,72.5768,127.54,1
4642,31.8432,11.8514,0.2542,5.0364,49.146,173.805,1
4643,31.2945,14.8097,0.1849,-16.7027,1.646,163.97299999999998,0
4644,24.848000000000003,12.0353,0.2243,7.9139,39.8891,181.353,0
4645,19.3968,15.3263,0.3211,23.1146,43.9538,147.2857,1
4646,31.3363,10.0005,0.2634,-24.6263,10.025,138.553,0
4647,33.7019,18.0682,0.1692,24.0915,4.542,198.21,0
4648,36.6553,19.2262,0.1323,14.0362,5.529,220.151,0
4649,20.0581,7.1019,0.4079,-12.9511,15.156,110.729,0
4650,38.2019,9.6268,0.2701,1.2728,75.1594,150.1557,1
4651,32.5853,16.9986,0.1923,23.0946,6.557,160.11700000000002,0
4652,73.485,19.0865,0.3292,-56.3888,1.1157,288.4742,1
4653,17.2893,11.0976,0.311,-7.3545,23.4938,144.308,0
4654,77.7889,24.1179,0.1824,55.4367,66.1116,196.362,1
4655,41.606,25.6456,0.1083,-7.0886,20.3344,86.0919,0
4656,236.715,92.616,0.0539,122.712,25.7824,71.289,1
4657,36.0495,15.0831,0.2134,-17.2484,5.396,182.937,0
4658,52.4187,19.3451,0.171,-19.2391,6.271,283.81,0
4659,38.935,10.4127,0.2352,29.4101,17.493,179.463,1
4660,90.9744,23.0038,0.3666,-48.99100000000001,6.4514,304.039,1
4661,37.0402,19.0194,0.1574,25.4779,24.348000000000003,249.919,1
4662,134.1057,43.8019,0.089,86.5476,21.2117,346.3,1
4663,21.3905,10.3612,0.4052,-18.4092,45.883,177.891,1
4664,13.1792,10.7678,0.4385,-1.3856,44.1499,72.3157,0
4665,27.3166,17.9594,0.181,-3.289,19.206,176.354,0
4666,94.0169,65.5994,0.0817,73.6068,89.7659,296.8153,1
4667,17.7349,10.8373,0.2887,-8.9601,88.7458,194.393,0
4668,24.7808,16.3039,0.2739,25.049,10.7326,138.149,0
4669,13.0354,10.9215,0.4545,5.5664,36.275,154.261,0
4670,26.2966,12.3308,0.3342,-15.9024,82.15299999999999,57.864,1
4671,30.2838,7.9487,0.2592,15.1299,9.0681,155.164,0
4672,186.792,25.8986,0.1922,-82.1914,32.506,157.0498,1
4673,23.4322,17.6963,0.2264,-14.9235,79.712,160.751,0
4674,87.5647,15.4644,0.1155,-34.1395,55.712,250.948,1
4675,37.0967,17.3283,0.1576,24.0744,4.145,189.474,0
4676,13.1252,9.6598,0.5527,8.9799,32.286,148.092,1
4677,87.0611,30.202,0.1808,-33.3573,1.5388,408.453,0
4678,169.7112,53.3915,0.0783,72.8709,2.1067,189.2079,1
4679,24.38,17.4654,0.3087,19.777,0.8652,256.869,0
4680,25.4425,14.4105,0.2882,18.9304,12.861,164.61,0
4681,21.0734,9.9977,0.3325,-17.0944,37.679,115.687,0
4682,66.7283,20.8316,0.0971,63.7642,1.4439,211.147,0
4683,138.097,61.4382,0.1247,-49.7378,43.0835,277.632,1
4684,31.3412,21.5299,0.1758,20.2562,22.1398,134.372,0
4685,47.9344,26.9059,0.1329,30.7583,25.8692,169.83,0
4686,35.3611,15.6527,0.1639999999999999,20.5438,36.393,277.0561,1
4687,199.023,86.2958,0.0662,-270.936,4.8536,354.826,1
4688,34.8443,27.244,0.1023,-20.8094,14.171,187.752,0
4689,24.1763,6.7083,0.4452,-5.1156,89.5236,292.5299,1
4690,116.3663,64.7152,0.0583,77.6836,22.462,217.2226,1
4691,24.2734,15.0359,0.2778,20.8813,17.465999999999998,136.065,0
4692,24.1995,7.7574,0.3081,-14.521,59.2104,112.9381,1
4693,98.768,27.7681,0.0804,71.8292,1.8306,174.465,0
4694,29.0428,12.1783,0.2051,-24.0117,11.474,160.369,0
4695,38.8617,23.7015,0.1392,-31.8523,3.906,175.097,0
4696,27.1345,19.0654,0.2332,23.4228,69.6684,240.234,1
4697,12.9838,11.2601,0.3808,3.5058,40.463,222.705,0
4698,36.9627,27.191,0.1464,26.2498,10.722,124.948,0
4699,24.4754,11.5014,0.268,11.1428,71.8009,155.909,1
4700,111.436,43.32899999999999,0.0843,-38.8263,10.884,341.00800000000004,1
4701,30.4443,17.2349,0.2119,-26.439,8.849,262.751,0
4702,24.5394,14.7391,0.2753,23.3631,10.0304,234.156,0
4703,28.0265,21.1806,0.1678,18.0988,6.0783,137.457,0
4704,70.26899999999999,49.4812,0.1163,-13.6366,25.5204,314.4814,1
4705,19.1572,12.657,0.284,-12.5653,70.066,253.643,1
4706,26.5881,11.2723,0.3115,-22.3864,14.237,129.815,0
4707,34.1947,22.252,0.1395,22.7293,6.437,177.53799999999998,0
4708,24.7397,14.7389,0.2265,-9.1181,25.4671,111.68,0
4709,82.7995,19.4289,0.1351,82.3098,0.2339,237.808,0
4710,40.381,23.8161,0.1517,36.562,6.8587,87.1968,1
4711,99.0827,16.7631,0.1346,79.8381,7.7732,131.033,0
4712,25.1926,6.6904,0.3233,17.7682,63.8405,45.7929,1
4713,20.5664,12.7047,0.2375,11.7552,9.632,89.1076,0
4714,16.496,11.2599,0.3487,-4.1539,61.2842,257.6402,1
4715,85.6557,15.0364,0.1529,-60.19,16.789,207.381,0
4716,124.458,46.143,0.05,70.6332,46.9853,226.097,1
4717,21.3507,10.1132,0.3985,19.8488,41.9953,177.479,0
4718,118.2056,82.7195,0.0585,-58.3855,27.3201,274.5979,1
4719,115.0816,58.9051,0.0809,103.1868,29.8217,163.6358,1
4720,97.4727,64.6539,0.0816,-68.2785,55.2934,315.446,1
4721,54.5124,33.6611,0.1497,14.5603,10.2328,286.987,1
4722,17.8551,3.8824,0.4438,-10.9008,43.4323,100.275,1
4723,209.539,22.3619,0.1443,107.644,61.0499,263.965,1
4724,94.8668,62.2788,0.0645,57.4714,1.6705,281.3076,1
4725,30.6536,13.2068,0.2309,14.2304,12.8858,86.9775,0
4726,20.683000000000003,7.2158,0.3649,7.933,56.923,137.98,0
4727,29.8905,20.0638,0.1801,-12.498,45.781000000000006,187.607,0
4728,81.9649,35.4074,0.1731,54.667,3.5171,337.57,0
4729,117.746,35.725,0.2347,-147.97299999999998,38.0633,224.049,1
4730,28.6584,6.6732,0.3156,-17.5378,7.689,153.222,0
4731,50.1017,16.0669,0.1416,-25.3005,57.9635,135.7373,1
4732,18.8251,10.2437,0.286,-7.6545,6.221,157.89,0
4733,154.5193,79.6213,0.0838,-164.489,70.249,344.9825,1
4734,33.3772,13.2521,0.2302,-11.8225,9.2004,174.63,0
4735,26.8454,13.8541,0.2762,-10.6566,17.533,173.458,0
4736,25.6832,19.078,0.17,-17.1703,9.831,217.715,1
4737,39.5364,16.308,0.3349,-42.6558,4.4299,146.5871,1
4738,17.4227,10.88,0.3471,6.564,33.191,218.008,0
4739,66.3584,25.0608,0.1238,-17.5015,49.891000000000005,176.297,1
4740,27.9343,11.5799,0.2655,16.4298,73.5647,213.706,1
4741,35.7638,17.5209,0.2055,23.6972,60.622,78.7201,0
4742,15.0223,9.5857,0.3834,6.5101,71.8241,259.0902,1
4743,19.1301,9.0426,0.4714,-13.5623,38.478,208.724,0
4744,31.2263,15.9939,0.2547,27.2499,34.823,146.655,1
4745,145.205,40.2078,0.0611,69.9035,7.932,271.243,1
4746,23.3769,12.8019,0.3218,-11.0518,65.5775,155.0392,1
4747,85.9962,15.9814,0.0907,61.8697,2.8998,224.1387,1
4748,21.0753,6.9523,0.4107,13.0232,8.392999999999999,260.875,0
4749,115.497,20.0223,0.2197,-137.52,86.1711,152.664,1
4750,141.9721,19.7352,0.1322,159.4355,51.2181,188.5625,1
4751,155.252,115.853,0.0458,-95.8462,58.7259,349.5226,1
4752,35.7821,19.222,0.3025,35.099000000000004,85.3837,139.90200000000002,1
4753,135.616,45.4845,0.1557,-130.247,30.6914,343.977,1
4754,52.3415,25.9907,0.1794,-23.0647,2.441,309.491,0
4755,142.692,77.95100000000001,0.0931,-179.644,82.9671,231.506,1
4756,64.5851,14.9835,0.1582,-51.2555,7.6842,219.668,0
4757,39.6185,11.2531,0.2643,36.9685,6.6547,168.3306,1
4758,21.4059,9.5767,0.3592,14.3892,28.6338,187.525,0
4759,40.7886,21.025,0.1717,-32.0692,5.9571,227.62,0
4760,47.0689,16.4117,0.1867,-16.914,41.275,219.622,1
4761,25.8564,11.769,0.2416,18.4281,84.2325,216.0166,1
4762,109.387,33.3628,0.2062,123.805,86.0704,23.4236,1
4763,28.059,11.3657,0.294,23.0443,24.4896,139.375,1
4764,29.7979,9.9269,0.4679,30.7046,8.6839,227.77,1
4765,30.564,19.5691,0.2474,25.1525,26.532,216.315,1
4766,20.9043,7.1381,0.3559,-9.524,9.432,133.8,0
4767,49.0345,13.0214,0.1547,29.7617,5.172999999999999,233.504,0
4768,138.1812,45.1787,0.1455,-87.8549,3.3289,302.2937,1
4769,19.5643,12.8904,0.2718,11.0682,1.7384,195.067,0
4770,44.5592,13.8983,0.206,26.3018,67.4627,135.1313,1
4771,18.3529,10.5756,0.2821,-8.1421,81.3657,182.266,0
4772,54.9239,22.2381,0.1178,53.3134,4.34,235.294,0
4773,21.4777,16.4931,0.3091,-18.2229,43.6228,137.283,0
4774,95.9509,19.8963,0.1136,105.195,3.7874,199.01,0
4775,39.9566,18.1984,0.1432,24.2614,22.14,117.604,0
4776,13.2223,10.4581,0.4734,5.5312,48.129,165.201,0
4777,78.3354,21.168000000000003,0.1934,83.5768,11.8806,233.189,1
4778,97.8494,48.1083,0.1182,71.339,18.3755,279.6573,1
4779,30.3077,13.9511,0.2723,-11.487,31.293000000000003,232.073,0
4780,116.124,48.2858,0.0412,87.5921,3.325,298.116,0
4781,18.3027,7.4384,0.4983,6.582000000000001,17.005,158.255,0
4782,44.9748,23.8528,0.1507,-12.4968,30.8505,141.9516,1
4783,38.0339,7.0345,0.2201,-9.086,44.677,228.0276,1
4784,59.5126,31.0478,0.1051,61.3665,1.5087,86.7844,0
4785,64.8094,30.1755,0.2251,-38.6044,32.7431,278.4021,1
4786,36.9879,14.5757,0.1948,8.1027,81.9143,182.4165,1
4787,16.6709,13.7816,0.4751,-9.3629,84.4991,212.6206,1
4788,72.6804,52.0129,0.1208,32.8912,85.3932,279.5363,1
4789,28.4344,9.2505,0.2806,-12.5485,73.681,118.054,0
4790,73.8643,37.4991,0.0662,67.7589,16.6332,177.43900000000002,1
4791,20.1426,9.9778,0.3898,15.5312,17.646,56.5999,0
4792,33.5536,13.2952,0.3008,18.8399,5.2729,180.283,0
4793,35.6443,10.798,0.2631,26.2199,3.614,235.789,0
4794,31.5071,22.7398,0.1616,24.0394,38.3974,165.2013,1
4795,49.3296,23.319000000000003,0.1137,-32.4222,14.048,69.9318,1
4796,117.976,25.2172,0.1097,127.267,6.112,255.677,1
4797,48.4695,18.1279,0.1177,46.8981,6.955,203.072,0
4798,49.8695,25.5181,0.2832,19.4143,0.0097,299.322,1
4799,31.1721,16.9447,0.1561,9.5701,46.111,59.6816,0
4800,32.2887,11.0818,0.2258,34.3253,12.1177,194.9849,1
4801,30.977,27.2611,0.145,26.3683,18.143,74.7238,0
4802,70.8438,23.4765,0.1133,57.3618,1.6041,286.032,0
4803,54.4773,14.0922,0.109,38.4967,0.3429999999999999,225.478,0
4804,120.173,23.5062,0.1001,76.2606,61.29600000000001,124.203,1
4805,24.8322,9.1005,0.3494,-11.4506,4.5268,175.637,0
4806,37.8025,24.197,0.123,-28.0325,26.9279,206.205,0
4807,52.1834,19.3217,0.153,37.1666,1.5526,243.358,0
4808,38.5399,20.4511,0.2194,15.7963,86.2652,260.973,1
4809,28.7156,13.9972,0.2332,13.8408,30.192,240.26,0
4810,67.191,29.402,0.0922,49.0954,0.4039999999999999,226.76,0
4811,30.5553,9.4785,0.2428,-21.5735,86.3961,101.2342,1
4812,31.2342,9.6561,0.2428,2.0028,50.9751,46.6709,1
4813,17.7169,14.0628,0.4578,12.8802,2.6161,226.4903,1
4814,137.79,35.1898,0.0637,84.2169,17.4671,266.17,1
4815,32.9581,20.8956,0.187,-10.865,30.831,30.0166,0
4816,75.0392,66.8244,0.1262,35.1826,63.239,136.967,1
4817,23.8094,15.5833,0.2284,-18.5736,45.578,245.804,1
4818,25.4076,10.6149,0.2833,22.618,11.3112,117.087,0
4819,74.3058,10.8371,0.1243,28.3482,17.416,212.865,1
4820,23.4184,5.3755,0.2815,-6.5909,89.2573,85.8332,1
4821,106.7976,64.36399999999999,0.0815,-65.9178,4.031000000000001,375.454,1
4822,82.5499,10.6383,0.1179,51.3596,35.3257,104.7447,1
4823,23.8385,14.9777,0.1863,21.3687,20.3408,188.5054,1
4824,40.5301,18.7265,0.192,32.5462,26.9369,132.05100000000002,0
4825,66.2385,12.9092,0.1461,40.0358,11.885,171.864,1
4826,55.7137,19.1975,0.1335,-37.3578,1.386,286.074,0
4827,23.6044,13.879,0.2643,-4.1243,64.214,107.641,1
4828,56.3167,12.265,0.1535,-40.5586,33.5871,175.15599999999998,1
4829,99.702,29.672,0.077,77.5495,64.9998,259.5811,1
4830,88.4005,23.2755,0.1037,41.8392,41.124,127.661,1
4831,79.1429,19.1217,0.2374,57.8134,10.901,335.435,1
4832,303.2787,40.3691,0.0335,-242.5189,73.703,157.817,1
4833,13.3406,10.5094,0.4264,-4.1842,60.8194,192.924,0
4834,30.4236,13.2033,0.3171,26.8004,46.5235,255.1223,1
4835,77.5051,17.5927,0.1141,-43.543,44.3826,44.5756,1
4836,84.03399999999999,68.6366,0.0946,63.2498,9.0247,361.655,1
4837,25.6437,10.2737,0.2318,20.2804,13.6579,214.738,0
4838,65.4978,18.2304,0.1348,77.7848,4.4339,229.086,0
4839,120.3882,67.1368,0.0481,35.3004,3.876,289.043,1
4840,23.2215,12.8403,0.2577,11.9236,4.861000000000001,102.303,0
4841,108.9514,34.5964,0.131,95.4544,42.3299,288.0383,1
4842,18.8956,16.6437,0.2919,-13.588,8.4598,224.207,0
4843,22.0086,6.7467,0.3716,-7.7523,16.634,190.845,1
4844,18.0147,14.7309,0.3809,-15.1944,69.6147,81.3067,0
4845,108.434,28.8188,0.07,99.7691,0.2769999999999999,285.381,0
4846,17.6775,10.8143,0.3037,-9.6813,23.666,145.942,0
4847,40.7847,19.3278,0.1774,24.3512,47.1801,146.76,0
4848,38.922,16.3018,0.3392,24.5058,54.6864,214.9816,1
4849,86.2919,35.9168,0.1383,80.4035,81.0424,125.514,1
4850,19.9109,9.3005,0.3421,10.5138,16.5079,159.44299999999998,0
4851,79.0866,19.0213,0.2562,-58.78,25.4623,308.0689,1
4852,19.7452,12.6244,0.2724,-12.5602,86.9934,68.2801,1
4853,82.1558,24.0037,0.1173,85.7075,0.3795,254.18,0
4854,22.7867,10.9825,0.275,19.0918,2.559,131.612,0
4855,103.15,43.3171,0.0513,114.912,62.0401,184.945,1
4856,48.4084,25.644,0.1698,50.5271,56.229,282.16200000000003,1
4857,61.1986,37.0725,0.0745,33.1541,45.9408,226.924,1
4858,44.8449,9.4621,0.2725,19.7237,45.1624,224.2598,1
4859,31.9086,0.0,0.2901,0.0,81.5685,177.19099999999997,0
4860,20.2899,11.182,0.3282,-19.3043,9.282,198.135,0
4861,12.8751,11.4248,0.3903,-6.3378,43.404,165.73,0
4862,25.8414,18.4628,0.2465,19.5856,26.1088,63.177,0
4863,56.2087,23.3978,0.1173,47.3994,4.526,264.023,0
4864,52.1073,21.5885,0.1038,26.7463,3.056,240.989,0
4865,24.5729,8.7188,0.3811,18.7508,14.7342,238.229,1
4866,21.6165,12.2794,0.3083,-7.4822,39.415,150.626,0
4867,82.1407,31.8097,0.0846,21.2114,58.39,208.072,1
4868,61.1987,21.5574,0.2131,-41.4037,2.402,291.812,0
4869,19.6803,10.2929,0.3647,-16.8126,67.183,238.819,0
4870,33.4366,14.187,0.2459,17.6401,4.5456,236.693,0
4871,167.40400000000002,58.5426,0.0852,-27.4232,40.7275,225.1507,1
4872,28.5314,19.9338,0.1254,27.0396,66.37,176.0223,1
4873,49.8014,22.1091,0.1393,43.8104,0.8547,237.437,0
4874,173.6085,49.7885,0.1037,-93.0779,81.6312,303.3794,1
4875,20.8214,10.3659,0.3343,16.9632,3.8562,161.481,0
4876,66.8138,20.1227,0.1349,65.8344,2.4879,293.718,0
4877,27.1078,7.8451,0.2667,0.2753,76.2698,152.0178,1
4878,22.0361,15.05,0.2739999999999999,-19.1051,70.9158,32.8994,0
4879,46.5015,36.7249,0.1408,56.9306,19.163,29.6676,0
4880,78.0294,26.5101,0.1045,52.276,0.4823,246.387,0
4881,78.3277,22.3265,0.2255,-49.9053,0.691,356.976,0
4882,20.2414,6.9048,0.4498,-14.5912,19.2493,206.362,0
4883,23.6111,15.4813,0.2154,-2.1389,84.8323,73.0494,0
4884,31.9404,17.4155,0.1567,-17.4858,29.895,112.626,0
4885,33.0547,6.9405,0.3019,7.3387,23.182,203.2107,1
4886,45.1761,15.2625,0.109,43.7449,59.9936,115.8753,1
4887,37.9315,20.0353,0.1507,-12.1019,10.223,186.284,0
4888,21.3299,8.2421,0.4222,18.8271,71.5,225.617,1
4889,47.3963,10.9703,0.1852,17.1909,39.593,38.8736,1
4890,35.1379,6.497000000000001,0.3273,21.5213,46.056,234.207,1
4891,186.925,116.872,0.0362,-179.701,49.6546,209.075,1
4892,164.8907,48.9917,0.0684,-93.0315,70.847,259.4162,1
4893,32.3347,8.7516,0.2479,12.328,48.4534,127.043,1
4894,23.7928,13.9277,0.3142,18.5548,74.5814,223.055,1
4895,109.716,14.1949,0.3356,94.0069,62.4241,241.5979,1
4896,92.4886,25.766,0.0868,43.1211,58.469,171.2535,1
4897,89.4676,12.7388,0.1324,64.4168,57.4609,197.196,1
4898,29.7516,14.4386,0.192,8.7238,2.3698,209.778,0
4899,46.0093,11.5542,0.1745,16.1411,13.218,208.126,0
4900,59.3081,11.0487,0.1988,54.3362,3.037,228.843,0
4901,25.6521,23.0307,0.3087,-16.5121,85.5133,170.4148,1
4902,57.0559,23.8097,0.1292,50.2255,26.6457,179.99400000000003,0
4903,28.5536,22.5353,0.1729,-13.9039,12.806,122.853,0
4904,28.9509,15.4999,0.2008,-7.4171,49.557,218.587,1
4905,35.5573,7.9008,0.2366,17.2613,74.8965,89.7345,1
4906,59.7826,12.7791,0.175,41.1759,59.0,192.864,1
4907,47.61600000000001,15.4392,0.1926,30.8019,54.8006,178.1493,1
4908,36.269,28.2955,0.1392,27.0922,19.6183,267.8709,1
4909,70.0818,16.3066,0.1162,16.9526,68.307,121.0329,1
4910,24.4701,23.4296,0.1506,18.0136,35.99,134.778,0
4911,73.7864,30.8164,0.1277,-70.4015,36.6915,101.348,1
4912,26.9139,13.5766,0.2267,-20.7729,86.0321,63.6452,0
4913,149.0328,82.3057,0.0161,-71.2493,87.8868,274.6639,1
4914,47.3469,11.7963,0.1939,41.0234,12.800999999999998,82.2643,0
4915,23.4309,16.2197,0.2117,12.6243,76.53699999999999,70.4519,0
4916,192.852,75.9943,0.0646,-115.867,60.596,191.365,1
4917,81.4904,24.5724,0.1117,34.3185,5.35,225.232,0
4918,82.7136,61.6217,0.1759,-65.1193,24.8686,315.8916,1
4919,27.1973,9.1391,0.2985,13.5485,27.3457,215.2526,1
4920,14.3194,11.6769,0.4886,7.4801,17.439,107.639,0
4921,28.272,12.6826,0.3068,24.5275,22.252,155.019,0
4922,28.3545,17.5355,0.2203,17.0829,39.2035,185.504,0
4923,32.8483,10.7905,0.2565,30.8181,4.565,160.43,0
4924,21.4858,15.1624,0.246,-18.8604,3.3258,126.041,0
4925,20.4899,7.2447,0.3745,9.1587,70.14,138.836,0
4926,69.6237,33.7912,0.1004,59.7576,45.966,243.102,1
4927,13.0784,10.325,0.5119,6.3717,37.04,100.778,0
4928,59.4146,21.6014,0.115,55.3593,2.236,204.091,0
4929,113.6923,26.5992,0.1502,65.6331,1.7329,377.0728,1
4930,26.1824,10.3186,0.2668,-17.4652,0.1665,118.858,0
4931,32.3854,13.1702,0.2496,-21.1728,18.6102,223.7685,1
4932,25.7435,11.5007,0.2808,13.5935,8.982000000000001,181.026,0
4933,20.1648,7.2982,0.3924,-9.4558,37.395,203.935,0
4934,39.7884,7.4617,0.2896,-18.5409,7.5434,159.751,0
4935,22.7565,7.9735,0.3555,8.5059,88.0601,75.8044,1
4936,100.607,27.9874,0.0828,82.4536,1.2458,312.22,0
4937,111.715,26.6559,0.2011,65.4384,38.25,260.691,1
4938,17.4984,12.5883,0.3689,10.8868,2.495,173.87400000000002,1
4939,83.993,9.6924,0.2242,65.3428,15.2822,218.9356,1
4940,31.6552,10.7467,0.2638,19.444000000000003,63.789,269.665,1
4941,30.5382,17.6138,0.1917,22.8295,13.5528,169.44799999999998,0
4942,41.1237,21.093000000000004,0.1534,6.1225,2.777,160.042,0
4943,13.0433,10.3253,0.5168,-6.31,72.219,202.517,0
4944,26.2933,14.7705,0.2758,12.3359,1.8019,178.595,0
4945,81.5522,17.7917,0.1619,33.2864,55.654,235.0356,1
4946,82.1936,16.042,0.1689999999999999,52.5605,0.5325,271.086,0
4947,18.1463,7.2779,0.4928,-8.0944,86.0119,22.7541,0
4948,26.0266,13.1109,0.2964,18.571,48.8519,136.52,0
4949,23.8746,10.1047,0.381,19.4584,45.6526,100.013,0
4950,61.6817,20.9866,0.1669,14.4868,49.9795,234.1881,1
4951,13.0322,10.8262,0.4686,-5.0379,9.83,65.771,0
4952,46.5019,28.1192,0.1058,-21.6869,86.1683,159.453,1
4953,21.1752,8.9576,0.3872,14.4882,60.3018,192.051,0
4954,25.5995,6.5566,0.3032,10.7035,2.309,201.7074,1
4955,23.7727,15.174,0.2142,11.5616,10.925999999999998,190.183,0
4956,47.0554,10.3331,0.2685,-29.7325,18.374,189.998,0
4957,47.4505,24.8044,0.0842,19.6636,3.357,172.22799999999998,0
4958,41.67,18.7448,0.1488,-24.4399,4.758,192.377,0
4959,189.248,40.6863,0.294,-160.07,33.1477,296.903,1
4960,56.4815,34.5541,0.0824,36.4414,1.129,268.956,0
4961,15.7018,12.2335,0.3579,6.332999999999999,30.8802,212.2398,1
4962,53.1732,15.7798,0.1962,56.4614,13.029000000000002,195.206,0
4963,25.675,11.1599,0.2652,-17.4557,19.392,126.14,0
4964,79.8642,25.34,0.1298,-94.7211,11.9112,21.522,1
4965,158.566,20.3113,0.3523,-49.77,16.7015,338.706,1
4966,71.5268,27.2605,0.1442,57.3671,12.5712,305.966,0
4967,69.0334,24.6446,0.1309,-51.18,4.914,279.627,0
4968,25.0903,10.5856,0.3649,16.9877,12.292,194.892,1
4969,19.7091,15.1484,0.3953,-18.161,19.189,165.97099999999998,1
4970,35.6831,14.4158,0.1882,16.0812,14.018,172.176,0
4971,35.6385,15.6583,0.2007,24.4401,20.924,60.418,0
4972,25.2832,9.7658,0.3165,-17.2168,37.32,136.059,0
4973,163.9821,43.4406,0.0428,159.9108,60.3097,181.9187,1
4974,30.9633,23.4441,0.125,21.6247,15.8283,160.076,0
4975,180.479,129.154,0.011,-157.365,10.6294,156.622,1
4976,20.249,15.1595,0.2805,-5.408,21.3299,207.683,0
4977,46.1928,11.6604,0.2212,25.719,2.76,237.452,0
4978,25.3727,18.168,0.3424,15.3253,28.3989,108.568,1
4979,41.1473,14.5533,0.1028,-10.3292,82.2647,147.1082,1
4980,19.5431,14.8619,0.284,17.282,50.575,212.695,0
4981,52.2299,18.9395,0.1214,16.2432,3.828,210.94,1
4982,12.6715,11.728,0.3827,9.0043,8.7191,122.255,0
4983,38.1929,13.3817,0.3308,28.5946,15.674,173.9164,1
4984,43.9146,9.9895,0.2422,31.7998,32.839,101.687,1
4985,21.1505,7.0203,0.3831,-11.3333,29.3485,237.31,0
4986,71.6524,29.8215,0.1214,57.5237,45.1009,42.9246,1
4987,151.776,59.303,0.0594,146.056,15.6891,211.673,1
4988,126.6356,66.5995,0.068,110.1543,61.4309,382.2097,1
4989,188.191,65.72,0.1021,-158.83700000000002,29.9206,225.437,1
4990,34.1583,11.7043,0.2274,37.7053,49.1591,242.6588,1
4991,206.403,59.0292,0.0482,-222.417,2.8755,92.9775,1
4992,47.2337,19.8555,0.12,-33.2638,3.5641,213.792,0
4993,25.483,7.6398,0.2988,-27.2424,36.2901,267.4123,1
4994,98.1672,28.5313,0.2194,-88.8223,14.111,372.691,1
4995,57.113,18.8026,0.1775,-43.4807,1.2990000000000002,178.273,0
4996,39.5881,20.2859,0.138,22.5909,9.216,78.1803,0
4997,170.6943,79.2224,0.032,-157.8983,32.1636,314.7692,1
4998,79.7661,13.5226,0.1959,42.9206,7.2611,198.9307,1
4999,25.1721,10.343,0.2403,-18.8279,24.564,150.202,0
5000,25.0966,9.6939,0.4682,14.9191,30.7288,117.6345,1
5001,19.8723,7.3787,0.4135,-7.3216,47.74100000000001,152.917,0
5002,21.1877,9.6959,0.3675,-18.686,2.664,128.666,0
5003,188.0012,65.4023,0.0622,182.6961,82.3182,297.4969,1
5004,70.9041,11.7424,0.291,-36.2949,74.723,103.177,1
5005,21.8354,11.6478,0.3433,14.7747,75.09899999999999,251.825,1
5006,20.7522,8.9492,0.3586,10.5927,36.306,126.393,1
5007,72.0809,24.7358,0.1065,86.4411,70.7062,281.4016,1
5008,93.7035,37.9432,0.1011,89.0566,14.1224,231.9028,1
5009,16.2619,12.1167,0.3602,18.9639,9.3681,147.8869,1
5010,36.5911,22.5984,0.2282,30.195,9.497,125.626,0
5011,26.6132,10.1685,0.3338,15.849,68.3142,21.4704,1
5012,19.7315,7.3964,0.4215,7.4065,10.1245,184.334,0
5013,17.4898,7.1962,0.5279,5.0717,45.254,60.518,0
5014,31.0867,8.1617,0.6283,-28.519,2.643,293.1816,1
5015,49.9684,21.4109,0.1417,54.4778,16.288,83.7544,0
5016,17.5277,7.466,0.5446,1.0294,69.8962,216.185,0
5017,44.1958,16.4841,0.1689999999999999,17.5572,75.45100000000001,91.435,1
5018,19.9624,10.4757,0.3634,16.285999999999998,19.486,176.498,0
5019,16.1266,6.3588,0.4686,-8.1461,34.2326,207.2686,1
5020,27.1525,20.4365,0.2285,25.3006,85.4598,175.1644,1
5021,34.7679,19.0203,0.2134,30.6675,0.281,268.155,0
5022,18.1846,9.8595,0.3429999999999999,18.9098,19.1522,179.6576,1
5023,28.5515,16.8605,0.2676,19.4031,17.652,208.254,0
5024,23.856,12.2327,0.2739,11.3909,20.7251,219.953,0
5025,180.1015,135.4331,0.0416,-179.0611,58.4545,281.2776,1
5026,20.5892,16.1986,0.2043,9.6397,11.6155,164.253,0
5027,37.6898,16.1959,0.2173,25.3352,1.57,208.832,0
5028,19.2551,12.9344,0.258,9.768,9.1317,183.779,0
5029,83.6276,29.8467,0.0753,61.4144,0.439,258.645,0
5030,103.549,47.3822,0.0464,76.9757,1.0667,340.67900000000003,0
5031,15.0041,8.7457,0.3502,8.6654,10.5909,79.1653,1
5032,45.4644,28.662,0.1625,26.4065,4.5248,266.223,0
5033,35.9089,15.3607,0.1469,26.4128,26.7977,176.472,0
5034,81.2271,19.05,0.1337,89.5866,1.893,257.394,0
5035,72.0106,24.9636,0.1602,-38.1147,4.374,318.61400000000003,0
5036,21.1235,6.9854,0.3976,12.2823,74.25399999999999,97.5924,0
5037,121.6825,82.8631,0.1427,-61.0469,69.5071,367.5839,1
5038,170.356,37.0682,0.1412,-129.575,63.805,321.645,1
5039,29.7631,0.0002,0.3557,-0.0001,28.716,207.36900000000003,1
5040,19.2512,14.7951,0.327,8.9581,51.6492,226.6496,1
5041,139.752,21.7603,0.0566,-119.139,44.54600000000001,41.1766,0
5042,90.696,82.1003,0.1036,28.2554,69.9,390.05,1
5043,13.0422,10.9575,0.4469,-5.6023,80.7484,163.041,0
5044,71.5698,50.1826,0.0569,-74.0145,8.3845,82.2548,1
5045,75.9957,45.6138,0.1253,-41.7082,68.283,110.5783,1
5046,23.5413,10.9386,0.3569,18.9624,34.667,188.074,0
5047,13.2669,10.3993,0.4704,5.8101,26.089,169.34900000000002,0
5048,20.9316,15.2379,0.2402,14.1903,36.675,137.007,0
5049,56.5206,25.5338,0.0872,32.893,2.379,234.512,0
5050,55.8381,15.9545,0.1237,22.5488,6.1374,228.722,0
5051,32.3228,16.6363,0.1736,16.9448,4.6127,191.308,0
5052,94.2207,52.1181,0.1949,72.1405,1.771,314.29,1
5053,40.4165,7.9492,0.2312,13.4774,27.2504,160.03799999999998,1
5054,82.6686,15.6,0.2509,52.8269,5.8704,272.448,0
5055,15.4497,11.5981,0.4309,-3.0694,47.9462,223.977,1
5056,41.8024,16.7535,0.292,55.0076,20.2025,206.748,0
5057,16.1927,11.6664,0.3339999999999999,5.386,40.759,205.721,0
5058,130.6114,97.7365,0.06,-56.7994,59.3291,171.96400000000003,1
5059,40.3125,10.746,0.2197,25.6374,50.348,221.748,1
5060,72.0069,21.5892,0.1059,47.274,3.422,236.24400000000003,0
5061,32.2872,15.644,0.2601,-3.8032,74.4547,167.1817,1
5062,37.7697,15.3743,0.1534,28.367,73.1118,243.5656,1
5063,78.2925,22.5372,0.1372,52.6223,0.925,290.377,0
5064,33.5974,11.5666,0.296,25.6141,48.1757,260.231,1
5065,35.0068,13.5042,0.2036,18.1721,2.867,242.86900000000003,0
5066,26.1317,11.9454,0.287,33.2586,10.5074,232.5414,1
5067,16.5961,16.3385,0.3161,-2.4244,49.9948,50.5259,1
5068,12.8217,11.5252,0.3699,4.0849,7.066,75.4619,0
5069,30.0087,12.8582,0.2845,-11.7696,6.388,264.17,0
5070,38.7378,16.5018,0.2118,32.5873,7.3257,152.567,0
5071,27.2038,16.863,0.186,23.7255,27.3073,62.8097,1
5072,94.0524,61.8803,0.0671,-28.3465,59.2203,130.1835,1
5073,31.4896,15.9439,0.2176,-31.6601,73.7915,76.7587,0
5074,22.3454,6.5675,0.3896,9.1562,11.9354,131.532,0
5075,150.7271,104.9672,0.0787,-154.5906,54.9163,396.9053,1
5076,86.1587,48.714,0.0794,74.3019,17.3795,324.592,1
5077,159.1837,57.3305,0.0746,-36.8551,36.6345,240.4946,1
5078,129.058,39.874,0.1346,110.472,36.961,263.567,1
5079,71.2506,20.2914,0.1521,51.7627,0.738,303.629,0
5080,32.0093,14.5778,0.1941,-25.0603,72.0623,250.414,1
5081,64.3901,28.236,0.1142,77.6102,4.354,182.851,0
5082,100.799,24.456,0.0907,88.1067,1.747,265.065,0
5083,60.3438,39.4297,0.0716,47.9226,12.8638,103.301,0
5084,86.7377,16.1945,0.1831,68.0619,4.692,363.319,1
5085,13.2257,10.8071,0.3918,-0.6459999999999999,63.4889,197.707,0
5086,63.5718,19.0992,0.195,61.3155,11.0676,128.46200000000002,0
5087,49.7905,8.4823,0.2147,20.9382,36.6318,106.3597,1
5088,109.012,53.269,0.1117,101.821,8.8183,289.219,1
5089,23.193,10.7379,0.2394,17.8178,1.935,220.145,1
5090,54.7975,19.5799,0.159,45.4473,2.801,249.162,0
5091,22.6892,11.0188,0.3377,-18.8818,11.3678,189.22,0
5092,110.0,28.8437,0.151,36.8558,7.3746,322.915,1
5093,12.9877,10.4706,0.5125,-4.8272,1.4342,143.22,0
5094,84.6457,18.603,0.2221,-52.6508,2.259,318.73,0
5095,22.9549,6.9761,0.5134,19.1889,26.4472,142.796,1
5096,116.667,59.1005,0.0802,-149.90200000000002,65.138,48.472,1
5097,42.027,19.8294,0.1493,-21.2785,4.897,118.085,0
5098,60.0211,11.574000000000002,0.2152,7.1836,78.666,221.038,1
5099,18.0165,17.3877,0.3762,15.9863,57.922,155.34,0
5100,34.8445,21.5673,0.1527,12.8881,5.8769,117.459,0
5101,36.8114,20.025,0.1429,12.4281,9.546,191.395,0
5102,81.4626,30.0263,0.2394,-37.2187,3.1267,373.486,0
5103,39.2623,12.9771,0.1775,23.5749,40.148,138.31799999999998,1
5104,33.7126,14.5975,0.176,19.1942,25.544,188.455,0
5105,171.9158,51.0077,0.1689999999999999,-229.3929,67.8273,275.9204,1
5106,28.5312,12.4694,0.2243,-4.3736,77.6876,127.9204,1
5107,15.3447,10.4725,0.3326,-9.6339,40.8113,171.7816,1
5108,39.997,17.5973,0.2206,30.2556,1.809,157.24200000000002,0
5109,28.2452,7.4431,0.3581,10.0138,76.566,83.9864,1
5110,22.2889,15.3443,0.2729,13.2894,25.192,161.888,0
5111,206.7469,70.6047,0.1431,196.6923,80.4459,245.1055,1
5112,28.1579,9.3602,0.3246,14.3539,47.948,60.7816,1
5113,157.741,74.2172,0.0617,-163.925,5.421,90.0794,1
5114,58.4743,20.9718,0.1076,-36.8528,4.336,250.777,0
5115,54.9111,15.0892,0.1576,46.3379,73.6778,164.403,1
5116,12.817,12.4276,0.2889,-7.9135,54.6396,94.1904,1
5117,185.6516,40.9804,0.0927,-148.3497,47.2783,300.9226,1
5118,27.0664,15.9544,0.2086,16.0747,11.067,199.09,0
5119,68.9717,25.8261,0.0962,-35.2578,6.3019,209.911,0
5120,137.428,62.2344,0.0642,-119.146,66.86399999999999,348.94300000000004,1
5121,87.8842,35.0948,0.0968,29.1815,4.122,364.982,0
5122,54.6633,18.9209,0.1029,47.2504,1.7,213.287,0
5123,78.4595,41.5985,0.1401,32.9304,17.387999999999998,300.832,1
5124,79.775,31.5305,0.0756,70.1133,1.379,261.264,0
5125,46.2918,11.7101,0.2148,34.9099,59.9159,222.0171,1
5126,175.304,71.4598,0.0438,-160.178,38.8804,204.008,1
5127,56.0798,23.2976,0.1067,53.4382,3.3089,211.55,0
5128,29.0168,17.4193,0.1905,24.9982,79.4579,204.7022,1
5129,22.1571,14.7328,0.2732,-13.4367,57.7866,185.137,0
5130,83.2649,17.863,0.2154,52.0813,19.884,172.128,0
5131,19.2635,7.4589,0.4498,5.437,77.957,129.267,0
5132,60.9821,18.8093,0.1198,-33.79,1.3991,204.833,0
5133,15.8646,7.6278,0.3069,14.7897,7.6553,188.0232,1
5134,86.8056,66.7777,0.1967,-89.7377,10.2401,303.671,1
5135,13.0287,10.9544,0.4511,5.7807,64.87,182.98,1
5136,22.7563,5.5127,0.3486,13.5554,60.5154,191.1357,1
5137,32.9693,23.4377,0.1622,22.6908,12.5002,175.6,0
5138,40.9211,14.307,0.1887,15.6654,5.7170000000000005,204.331,0
5139,33.8351,13.1936,0.1862,20.1504,15.0459,217.084,0
5140,66.4354,33.0543,0.1335,-54.9991,48.1979,95.3771,1
5141,13.2692,10.2416,0.4877,-6.6979,76.291,148.879,1
5142,163.332,13.8819,0.1293,-75.0854,58.8365,118.236,1
5143,58.113,24.2392,0.223,18.2293,3.9914,334.944,0
5144,25.7459,12.4056,0.2236,-15.7282,44.8851,157.562,1
5145,71.8015,25.8943,0.1228,62.7477,2.12,208.017,0
5146,17.1654,14.1326,0.3085,-19.0957,81.0052,141.571,1
5147,190.585,52.0182,0.0956,-136.93200000000002,34.157,245.866,1
5148,117.051,46.0894,0.1377,-50.8962,40.275,355.352,1
5149,119.975,74.8536,0.1376,-119.0453,86.3852,385.3241,1
5150,83.7799,29.4591,0.1286,77.4344,30.1801,204.2784,1
5151,50.4384,16.4738,0.1557,-32.8396,6.013,156.315,0
5152,80.4811,36.5072,0.1194,59.1177,1.536,268.733,0
5153,29.2513,9.5731,0.2414,-23.7278,20.13,180.921,0
5154,52.9512,18.4642,0.1321,36.6526,15.7762,243.849,1
5155,52.385,39.3619,0.0835,-52.7253,72.0321,171.9525,1
5156,21.8432,10.8657,0.3665,18.7293,5.646,181.712,0
5157,20.4438,6.2095,0.5614,18.1316,23.1014,196.074,1
5158,22.3987,12.4692,0.2366,10.9969,11.655,227.139,0
5159,205.2334,31.0516,0.1638,-107.2798,21.4383,166.2214,1
5160,96.1923,70.6579,0.1046,35.6064,6.7027,305.0236,1
5161,43.3974,19.4381,0.1642,28.6966,6.797000000000001,262.02,0
5162,88.287,34.2164,0.1064,48.8101,38.32,285.643,1
5163,102.583,48.8868,0.1386,47.9325,8.863999999999999,331.695,1
5164,36.8281,9.5478,0.2479,-24.1504,34.0317,98.086,1
5165,94.798,22.3755,0.1604,-73.7973,52.43600000000001,82.7249,1
5166,21.5926,12.1154,0.2744,9.924,3.6518,108.756,0
5167,150.4992,80.7403,0.0502,-139.1029,62.273,335.0331,1
5168,58.5781,17.9084,0.0824,24.1922,7.042000000000001,150.983,0
5169,63.4296,28.0962,0.0953,45.827,5.5364,123.3,0
5170,19.0116,11.6611,0.3535,-15.1042,14.9228,69.2744,1
5171,28.3396,6.8049,0.2879,-15.8779,35.715,138.106,0
5172,36.5516,8.3967,0.3246,19.9794,2.5340000000000003,173.63,1
5173,21.1274,12.8924,0.2225,5.7136,74.343,205.18,0
5174,31.5068,13.7124,0.276,30.0132,20.582,220.297,0
5175,80.2192,25.8956,0.147,68.0245,0.146,315.008,0
5176,72.0293,10.148,0.1571,-39.2013,6.707000000000001,163.469,0
5177,29.3298,10.5763,0.3147,14.3896,37.0391,112.344,1
5178,37.9172,13.9362,0.1858,-22.152,27.494,145.315,0
5179,121.697,92.2982,0.1163,90.584,55.337,226.093,1
5180,124.473,51.5603,0.1216,142.08100000000002,17.189,151.096,1
5181,78.6643,22.664,0.1463,49.589,0.7026,292.331,0
5182,55.4191,22.7556,0.2471,-43.2395,3.7956,322.178,0
5183,48.3689,21.4332,0.1339,-23.6248,6.6160000000000005,184.4,0
5184,33.7922,21.9821,0.1499,15.0484,8.5072,166.72299999999998,0
5185,23.4507,17.3464,0.2601,-13.2151,3.393,130.965,0
5186,80.4024,27.0418,0.0848,72.9953,4.39,248.09,0
5187,112.6471,17.6553,0.1377,125.7785,2.7435,206.1248,1
5188,63.7733,27.8348,0.0778,56.9755,0.9347,189.7,0
5189,51.9877,17.7295,0.1875,51.2734,3.8346,224.906,0
5190,26.5096,12.8159,0.2367,18.8052,7.58,250.721,0
5191,29.0828,14.8125,0.261,-17.3284,7.9405,200.671,0
5192,21.8483,12.7848,0.2421,-9.35,28.132,85.2515,0
5193,131.72,61.4398,0.0362,89.7631,48.984,264.146,1
5194,29.4435,12.4556,0.3077,-24.0811,71.6469,213.6739,1
5195,18.1937,10.4692,0.3059,9.2821,83.6327,179.854,0
5196,66.2626,24.2483,0.0918,-15.5685,1.022,262.055,0
5197,21.1253,12.5417,0.2225,11.6624,30.572,133.871,0
5198,26.466,18.778,0.2463,9.0185,6.6995,169.81,0
5199,72.6769,27.3224,0.1169999999999999,65.5995,3.096,278.096,0
5200,122.51,25.2937,0.0653,96.8182,2.8915,290.657,0
5201,41.8509,17.8588,0.1492,-20.3582,89.0498,232.8534,1
5202,31.8536,15.1511,0.2088,21.1783,2.004,242.24,0
5203,20.2586,9.5737,0.4083,-14.4906,48.6035,78.089,0
5204,105.471,36.9152,0.0665,74.4186,0.6890000000000001,323.117,0
5205,25.6047,15.488,0.2044,15.4399,35.3889,112.815,0
5206,97.9934,40.8371,0.0703,-66.7,74.9474,211.4398,1
5207,156.852,28.3523,0.1003,-175.252,46.754,80.8319,1
5208,24.1317,16.3322,0.2509,-16.8715,6.1301,244.755,0
5209,45.5285,24.1248,0.1412,21.9637,6.511,241.384,0
5210,77.6685,17.3999,0.2088,-91.2394,81.6697,78.3511,1
5211,27.0374,20.1574,0.2508,20.2247,10.628,207.959,0
5212,29.4463,0.0034,0.4052,-18.637,69.4052,222.036,0
5213,25.392,14.7142,0.2205,10.225,7.8399,166.543,0
5214,30.2843,16.7657,0.2394,-27.692,46.3644,266.491,1
5215,84.4803,19.549,0.1252,45.7928,36.953,295.22900000000004,1
5216,34.5624,4.4228,0.2859,15.0831,46.372,235.2632,1
5217,161.116,38.9222,0.0874,95.1593,33.988,185.237,1
5218,18.7296,12.7288,0.3537,17.3464,86.9335,104.34,1
5219,103.986,88.3068,0.0446,73.417,55.2066,52.3304,1
5220,27.8573,16.3669,0.2964,17.1985,15.7002,144.76,0
5221,20.3329,17.3059,0.2231,-9.36,89.6161,164.024,0
5222,29.7096,11.4767,0.2727,26.5643,53.6654,213.874,1
5223,90.5978,33.2497,0.0814,81.5738,8.936,262.779,0
5224,24.6574,18.8849,0.2225,17.982,20.618,188.546,0
5225,47.4846,23.3882,0.11,-32.53,3.0261,224.298,0
5226,26.335,18.2389,0.2145,5.1252,79.59100000000001,84.5551,0
5227,33.7959,12.4542,0.2344,22.9081,27.8917,181.831,0
5228,13.9169,13.1987,0.3785,11.258,12.1456,141.9999,1
5229,114.9085,34.4192,0.1128,-97.323,12.689,26.3525,1
5230,36.4567,9.6195,0.2729,22.7937,19.724,228.153,0
5231,61.3727,30.4153,0.1026,47.0652,2.271,246.465,0
5232,29.1785,12.8461,0.2969,25.4132,21.5337,219.265,0
5233,43.3106,17.2934,0.2188,38.7788,12.2655,250.705,0
5234,92.0485,7.3373,0.3313,48.8574,58.0538,183.302,1
5235,122.245,15.5569,0.2242,107.486,1.7407,248.232,1
5236,222.6009,153.0741,0.0579999999999999,142.0264,68.4299,142.0709,1
5237,21.0457,12.8915,0.2564,12.237,17.5786,187.799,1
5238,23.7035,14.3651,0.2383,-9.7246,28.7626,191.753,0
5239,47.188,14.9019,0.2972,40.4066,18.8702,141.795,0
5240,201.3999,145.8588,0.0599,-219.992,72.8814,307.7284,1
5241,21.6802,6.7937,0.4089,12.4697,65.6793,111.961,0
5242,21.5488,6.8176,0.4142,12.9205,23.9321,108.52,0
5243,20.1506,7.2154,0.3827,11.4563,32.806999999999995,188.437,0
5244,87.0717,20.0639,0.1568,58.9505,31.418000000000003,315.588,1
5245,290.9274,63.2814,0.0427,-248.5843,43.2185,220.5279,1
5246,58.7928,18.8266,0.1043,-33.669000000000004,5.3936,200.618,0
5247,38.3229,31.2785,0.1145,21.9823,7.47,109.393,0
5248,48.8179,11.8139,0.2638,40.7307,18.7259,132.2972,1
5249,270.5497,70.7475,0.0899,227.8174,68.0046,239.7722,1
5250,146.311,53.1446,0.1887,125.655,50.3566,187.543,1
5251,215.323,67.8238,0.0725,-95.0773,76.92399999999999,243.064,1
5252,183.609,90.203,0.0674,-91.2932,80.4185,289.152,1
5253,30.7934,12.3864,0.1926,14.3274,5.0435,207.784,0
5254,18.8845,14.3126,0.3199,18.368,41.771,70.2066,0
5255,22.2392,12.624,0.2732,-13.8633,65.82300000000001,189.755,0
5256,16.3542,2.8156,0.6005,-13.2673,52.8764,116.656,1
5257,46.347,23.8871,0.138,42.1347,7.5772,200.038,0
5258,25.2031,14.9262,0.3222,19.7166,24.927,155.933,0
5259,103.947,52.2459,0.2567,-109.254,16.518,276.319,1
5260,141.629,32.4681,0.1183,82.3616,32.7357,308.032,1
5261,22.5561,6.4609,0.3832,-6.3922,3.9937,156.61700000000002,0
5262,50.3756,21.5114,0.1327,-25.1446,2.857,281.523,0
5263,34.8593,23.2481,0.1255,25.6259,1.858,141.327,0
5264,19.2692,6.9128,0.4474,-13.8395,26.664,62.6649,1
5265,53.8971,17.6597,0.257,-25.9772,2.001,274.226,0
5266,45.1147,16.6948,0.2118,45.5756,12.2356,223.843,0
5267,135.803,22.4552,0.2068,65.9063,57.995,275.675,1
5268,77.0601,25.7795,0.1432,39.5914,3.6339,342.658,0
5269,22.4056,18.9902,0.1673,17.9934,71.429,109.319,1
5270,28.1559,14.9064,0.1907,12.4334,25.4801,89.3021,0
5271,19.8356,11.4295,0.3004,19.0913,24.926,130.39,0
5272,13.0364,11.0335,0.4343,5.7719,89.9026,139.852,0
5273,170.825,43.6618,0.153,161.781,73.868,215.396,1
5274,69.865,26.058000000000003,0.1065,22.5798,3.4938,274.627,0
5275,117.5596,43.4377,0.0783,109.6761,29.9526,149.8736,1
5276,48.8529,15.8477,0.1791,14.9398,4.4388,183.253,0
5277,139.188,70.5973,0.0352,87.2078,67.0964,334.6477,1
5278,79.6714,32.2921,0.1733,56.1855,4.573,333.05,0
5279,19.3013,12.7265,0.286,-1.3205,79.7947,89.5562,1
5280,51.2637,11.81,0.1567,-24.8424,77.258,155.03,1
5281,83.936,34.3769,0.1396,53.6893,0.8126,309.12,0
5282,29.2725,17.0724,0.2268,-28.5093,42.8316,23.7786,1
5283,27.4167,20.3066,0.1675,13.8562,3.5901,209.954,0
5284,46.9886,27.1472,0.1225,28.5851,29.2213,147.526,0
5285,38.0195,12.6736,0.1928,8.3471,24.5402,163.8674,1
5286,149.94799999999998,54.6444,0.031,116.5,26.043000000000003,134.832,1
5287,14.1816,6.5379,0.3826,-7.9053,89.6184,245.82,1
5288,19.7907,19.353,0.2678,4.8395,80.0427,63.7561,1
5289,76.0232,30.3184,0.1459,54.8169,8.953,275.933,0
5290,53.1862,27.8324,0.0988,28.4831,14.399,150.015,0
5291,68.5755,24.7781,0.081,60.022,9.748,86.5516,0
5292,19.7077,7.9127,0.3628,-6.7839,59.7642,190.8875,1
5293,83.5277,21.7244,0.132,79.2466,6.34,218.901,0
5294,124.4561,25.3229,0.0736,68.1273,57.5178,237.2386,1
5295,64.3124,23.4215,0.128,56.5532,1.42,293.528,0
5296,23.2533,22.0125,0.2438,-21.3204,30.8412,108.532,0
5297,13.1759,10.8497,0.4201,-2.8804,8.886000000000001,123.191,0
5298,66.2396,33.1212,0.0889,26.4824,11.7065,253.632,1
5299,22.2656,12.6644,0.2785,-12.5339,28.109,179.733,0
5300,107.154,51.1412,0.0333,82.19,1.404,213.657,0
5301,87.7942,30.1055,0.0788,74.559,1.778,262.857,0
5302,36.1546,7.3768,0.2331,17.9313,6.3767,81.2112,0
5303,106.1228,35.7363,0.2044,124.6383,84.007,14.5272,1
5304,22.5702,0.0,0.4021,-15.2145,80.3449,210.833,0
5305,21.1481,17.8419,0.3525,21.0494,3.895,196.063,1
5306,24.1434,0.0028,0.3633,-12.3449,59.3964,181.112,0
5307,69.7257,14.8399,0.1549,49.1708,22.17,303.2034,1
5308,39.9972,18.2776,0.1572,36.3041,0.851,261.951,0
5309,33.6375,7.2779,0.2538,12.0875,53.0922,159.6855,1
5310,26.5159,20.6004,0.2312,-26.5721,16.9598,144.0341,1
5311,72.6772,29.3901,0.0662,60.2754,1.7119,223.12,0
5312,24.4287,14.7729,0.2419,15.2399,12.329,218.88,1
5313,59.4103,9.1581,0.1951,39.0645,9.2116,268.598,1
5314,38.5309,21.3117,0.1377,24.4292,23.4357,151.181,0
5315,13.123,10.9616,0.4146,-4.0114,88.1516,98.8626,0
5316,42.6857,16.0871,0.1743,33.3169,0.8095,153.29,0
5317,24.9261,13.8435,0.2619,-11.307,7.3195,194.164,0
5318,61.4831,28.2966,0.0835,34.4781,78.935,154.425,1
5319,38.2371,19.4698,0.1593,-17.955,8.6172,140.594,0
5320,36.6156,9.9179,0.2444,-9.8588,3.125,223.73,0
5321,149.917,57.9652,0.0984,-86.5879,14.2855,276.536,1
5322,38.3439,26.84,0.1358,31.7326,11.7617,118.089,0
5323,21.0441,12.1584,0.2562,-7.9755,15.833,170.767,0
5324,27.5407,10.3456,0.3018,17.1192,34.6822,204.302,0
5325,156.9574,121.835,0.005,102.2865,88.49799999999999,129.757,1
5326,54.477,38.3625,0.1408,42.2092,72.2782,339.376,1
5327,19.9832,7.1762,0.3897,12.1685,14.967,127.968,1
5328,50.5829,18.9025,0.2262,37.3594,23.8125,209.0619,1
5329,106.4,26.1595,0.1574,-106.387,43.821000000000005,185.14,1
5330,64.0853,22.7464,0.1969999999999999,20.8948,3.2072,338.01199999999994,0
5331,41.455,19.2273,0.1226,30.6491,15.3576,163.885,0
5332,79.1072,33.3437,0.1312,76.2679,21.6826,122.771,1
5333,224.355,63.3955,0.0299,-186.277,43.037,177.472,1
5334,78.9814,42.0089,0.0559999999999999,70.5914,5.7282,176.445,0
5335,51.9638,21.2821,0.1957,-37.4695,1.0636,178.5267,1
5336,29.76,20.914,0.1594,9.3549,6.2206,80.1779,0
5337,100.196,29.4089,0.0846,70.4306,0.7341,338.055,0
5338,24.4522,12.3135,0.305,11.5066,20.868,182.71,0
5339,70.5873,25.2781,0.1154,79.9268,1.0197,140.838,0
5340,19.1909,12.5187,0.2912,19.2837,48.9617,53.4254,1
5341,56.4722,20.2021,0.1432,40.5519,82.1541,210.83900000000003,1
5342,61.5025,34.6611,0.075,45.212,5.245,199.55,0
5343,36.5523,16.9929,0.1848,18.5998,9.364,143.668,0
5344,42.715,17.4115,0.1764,-31.9096,1.044,208.319,0
5345,25.8227,18.289,0.2582,12.9714,3.18,147.781,0
5346,65.2745,27.5888,0.0883,48.7096,0.3339999999999999,257.193,0
5347,79.4527,34.5756,0.0564,85.62299999999999,8.4526,193.317,0
5348,65.8344,24.3085,0.0979,55.701,7.6011,215.821,0
5349,41.504,21.5189,0.1496,-31.0859,12.8677,225.89,0
5350,43.3752,20.5633,0.1338,21.4853,17.999000000000002,169.105,0
5351,27.001,8.1816,0.3695,14.5826,81.3242,114.411,1
5352,63.3453,24.3855,0.1375,-19.4147,0.64,291.553,0
5353,120.443,82.0978,0.1312,52.6301,9.209,311.406,1
5354,12.9683,11.098,0.4431,-6.908,38.1314,162.358,0
5355,22.0987,5.7126,0.2897,6.5672,7.7667,237.3502,1
5356,12.8808,11.3572,0.4148,-7.7403,28.493,90.5869,0
5357,27.5851,15.7422,0.2364,21.1661,13.7471,149.2705,1
5358,69.6678,21.4358,0.1954,63.3974,3.8131,334.194,0
5359,87.4763,11.9063,0.1507,78.2471,2.85,250.121,0
5360,161.127,69.6719,0.057,-194.392,89.8286,202.183,1
5361,28.5822,17.7111,0.1743,9.6897,25.8715,121.957,0
5362,25.4319,17.0645,0.2952,20.9233,21.5391,195.027,0
5363,25.5745,7.0241,0.4197,14.8244,32.4792,74.2403,1
5364,147.1506,107.5474,0.0397,66.031,78.6086,382.2958,1
5365,31.9666,14.3646,0.2236,-23.7002,69.902,204.87,1
5366,27.8319,9.9979,0.34,25.6028,33.7903,205.8957,1
5367,17.8704,15.087,0.3115,27.3345,19.9953,180.5857,1
5368,138.4453,57.6035,0.1159999999999999,82.4288,11.8903,244.2201,1
5369,20.859,10.555,0.3112,-13.3329,49.3494,203.0889,1
5370,41.3845,24.9316,0.0996,14.7971,2.562,103.858,0
5371,62.2387,17.2645,0.1726,49.1302,11.48,263.398,0
5372,48.35,13.7923,0.1835,29.5352,18.51,202.225,0
5373,73.7474,25.6002,0.094,66.6962,0.6057,270.747,0
5374,95.4421,57.4709,0.0912,-92.9479,15.686,298.154,1
5375,33.0433,13.7721,0.2291,-6.7622,22.2233,197.9669,1
5376,24.3145,8.5484,0.4326,-13.3284,25.4615,140.585,0
5377,32.4902,10.6723,0.2735,-21.1687,69.173,120.668,1
5378,58.8153,14.0872,0.1172,47.7668,81.1572,233.281,1
5379,17.0046,7.3882,0.411,-8.7455,17.8417,243.4593,1
5380,70.5426,13.0408,0.2033,76.001,11.72,190.519,0
5381,50.9972,28.1852,0.0896,30.9557,1.139,203.657,0
5382,75.5657,16.5339,0.1365,52.6888,4.9959,258.879,0
5383,41.4326,10.3047,0.2297,-36.0657,27.6215,106.01,1
5384,56.2441,17.0859,0.1797,33.5526,6.436,292.449,0
5385,18.4805,15.7443,0.2168,3.7476,62.6855,29.9605,1
5386,56.5563,19.5159,0.209,16.3218,1.695,273.085,0
5387,56.3949,22.885,0.1061,53.6087,3.4732,211.577,0
5388,165.4262,85.8342,0.1055,-63.1795,40.3092,298.7957,1
5389,66.9584,21.5702,0.1011,65.04899999999999,6.992000000000001,226.29,0
5390,24.9142,11.0858,0.2323,20.0877,33.1452,227.2788,1
5391,18.9017,13.4656,0.2931,14.1945,17.4545,256.1938,1
5392,65.6591,30.9807,0.1205,-64.9592,69.6301,157.981,1
5393,80.596,26.4271,0.1097,-77.8729,45.2636,60.8011,1
5394,91.3972,24.6923,0.2533,-81.031,35.876,289.0848,1
5395,8.6998,6.7412,0.4493,2.8869,64.5429,118.5759,1
5396,53.5601,26.0164,0.1107,40.5254,4.9638,197.426,0
5397,77.484,15.8702,0.1442,81.274,72.931,92.0505,0
5398,27.8007,16.2842,0.2028,22.6666,23.006,241.939,0
5399,113.304,27.5533,0.1109,84.8353,3.4161,237.626,0
5400,32.3871,9.7433,0.2406,-2.3033,46.2192,178.0548,1
5401,75.888,32.9711,0.0746,36.3425,43.3579,205.602,1
5402,50.1709,20.6646,0.1142,-50.4617,47.392,198.364,0
5403,43.6138,14.0875,0.1759,28.0488,2.6944,177.51,0
5404,31.4295,17.7595,0.1509,10.3276,50.569,156.868,1
5405,57.8035,11.2132,0.2333,33.2482,66.5489,253.2812,1
5406,34.6968,18.8589,0.2277,22.924,10.225,194.631,0
5407,92.8158,36.5423,0.0916,54.3073,1.7611,314.719,0
5408,44.0512,17.9755,0.1367,17.2911,3.4161,165.107,0
5409,94.7947,30.5758,0.0953,-31.1087,0.4788,335.399,0
5410,24.3893,13.9437,0.2709,20.1263,35.974000000000004,165.683,0
5411,15.4388,12.0367,0.3482,-2.7185,24.1697,143.285,0
5412,190.5465,100.6911,0.0716,-190.1085,54.7225,326.4367,1
5413,27.0634,9.7774,0.2272,16.597,31.108,158.64700000000002,0
5414,53.3069,23.6018,0.2518,22.5841,1.7619999999999998,336.61400000000003,0
5415,12.9964,10.857,0.472,5.6924,0.4508,117.09,1
5416,41.9491,12.6199,0.1944,-11.8263,10.611,111.559,1
5417,23.2738,11.3111,0.3325,22.632,77.1764,134.767,1
5418,12.9644,11.2948,0.3735,0.4805,5.011,75.2872,0
5419,101.216,25.0589,0.0974,114.48,0.561,153.433,0
5420,30.4835,10.8071,0.2439,20.3067,44.3989,122.045,1
5421,104.1475,62.185,0.0602,-64.7042,86.529,122.929,1
5422,29.1157,15.4214,0.2029,-21.0584,19.0248,63.2807,1
5423,137.3998,95.3744,0.1172,-98.6597,28.3911,360.51,1
5424,141.3718,31.7502,0.131,156.3477,13.8145,174.8919,1
5425,58.5931,13.4441,0.1785,43.9669,0.6526,180.176,0
5426,20.4599,10.355,0.3544,16.4381,54.01,219.179,0
5427,13.2296,10.5832,0.4545,4.5064,58.0375,200.801,0
5428,20.3243,11.3356,0.3479,-18.9212,41.763000000000005,40.9099,0
5429,51.0346,22.7669,0.2053,49.9228,9.203,78.6901,0
5430,64.0613,18.4695,0.1677,51.9431,5.813,288.478,0
5431,122.506,25.8571,0.0804,53.1053,69.256,247.572,1
5432,113.486,32.2434,0.0882,64.421,1.2941,327.433,0
5433,18.5661,9.8987,0.3408,11.0207,28.505,198.283,0
5434,31.947,9.0242,0.3025,19.1218,88.2202,140.77200000000002,1
5435,24.1701,15.3587,0.2236,11.8433,67.306,196.753,1
5436,75.4455,47.5305,0.0549,41.0562,30.2987,256.5166,1
5437,39.7343,15.3465,0.1356,-17.3502,20.0424,85.6564,0
5438,18.2176,12.6683,0.3458,14.5186,17.709,147.55200000000002,1
5439,102.643,12.6776,0.2058,-54.9847,18.8603,247.811,1
5440,85.5642,28.4458,0.1288,53.0078,0.4362,332.213,0
5441,79.5528,44.9929,0.09,53.7866,15.8075,311.568,1
5442,35.9113,4.2216,0.2835,-14.2679,40.0241,202.3074,1
5443,70.4771,24.1708,0.1498,53.6032,4.0389,262.875,0
5444,189.3819,72.1335,0.0148,-188.7183,4.5768,86.1266,1
5445,111.342,18.2172,0.0913,55.3976,11.6774,224.123,1
5446,18.0486,12.6216,0.3439,-10.3397,18.3101,114.177,0
5447,20.646,9.5423,0.3881,-15.1579,81.0147,104.654,1
5448,113.495,22.2247,0.1399,-42.9525,2.729,354.769,0
5449,37.9146,6.0951,0.3279999999999999,31.7469,36.6756,188.842,1
5450,28.3754,24.7001,0.1636,-16.1469,21.8522,105.861,0
5451,100.296,41.647,0.0524,86.6277,88.1303,111.458,1
5452,25.6272,12.263,0.1885,10.630999999999998,36.69,207.05,0
5453,99.7076,17.4326,0.1569,80.4189,5.5791,231.5856,1
5454,39.7354,17.432000000000002,0.1357,31.1119,0.256,182.875,0
5455,134.97799999999998,50.8072,0.1734,127.717,58.643,313.694,1
5456,28.0795,13.2337,0.2601,21.8003,43.3123,191.6,1
5457,20.9817,12.0172,0.2668,-11.1471,52.2331,283.107,1
5458,33.8469,13.0364,0.2294,20.7403,8.7272,235.852,0
5459,21.1539,9.9638,0.3484,14.8018,32.373000000000005,108.978,1
5460,24.1417,13.0809,0.1528,-15.5629,84.9921,122.1317,1
5461,76.155,8.1925,0.252,49.5727,1.209,208.951,0
5462,162.8169,65.5234,0.0788,-103.6192,32.9327,157.2797,1
5463,202.0901,21.0873,0.1634,120.6812,31.3446,225.3911,1
5464,36.3453,11.6641,0.2367,28.9547,58.16,234.293,1
5465,20.2525,12.9894,0.2519,-5.9448,53.563,177.373,0
5466,68.6236,36.4003,0.0569,53.6392,3.3842,207.298,0
5467,19.3382,12.613,0.2904,11.2469,40.7067,237.436,0
5468,97.7331,34.3795,0.1546,-48.7222,0.908,391.912,0
5469,62.6759,21.0229,0.125,28.9469,41.7178,155.8542,1
5470,173.25599999999997,78.768,0.0413,-125.3489,79.259,374.5748,1
5471,73.9821,13.2506,0.3072,44.4558,12.632,293.71,0
5472,225.324,89.744,0.0767,-121.842,77.4807,216.774,1
5473,26.277,13.0813,0.3034,3.684,72.3736,231.8265,1
5474,19.3067,9.5213,0.4044,-13.7595,87.7668,135.2,1
5475,59.5815,20.1643,0.2887,-39.2618,7.0357,346.25699999999995,0
5476,49.8322,9.0847,0.2105,37.0935,22.2916,270.6941,1
5477,23.8635,0.0,0.3671,13.1479,47.184,106.255,1
5478,34.313,17.8379,0.2338,-26.385,4.4274,191.113,0
5479,18.8172,12.7488,0.2834,-10.6101,54.4112,232.895,1
5480,106.05,23.3158,0.2773,46.5714,21.0535,251.72,1
5481,12.9223,11.2174,0.4336,7.5715,82.7517,126.239,0
5482,36.8508,19.8903,0.1878,28.7091,60.3897,80.0757,0
5483,19.4497,7.4429,0.4393,-5.1121,89.3339,158.411,0
5484,116.2639,23.4636,0.1826,-98.4907,45.4343,107.5904,1
5485,19.7296,7.4005,0.4221,7.0435,38.561,260.704,1
5486,42.5722,12.9384,0.1601,-23.6503,43.67100000000001,211.236,1
5487,123.3037,16.8877,0.2544,45.5684,74.2747,238.6303,1
5488,85.4305,36.9492,0.0904,82.45100000000001,7.7104,296.60900000000004,1
5489,54.5046,23.7133,0.1208,45.0035,0.5673,254.422,0
5490,30.327,29.3758,0.1274,17.9015,81.3672,157.679,0
5491,58.4251,33.7774,0.1009,-11.2919,85.34899999999999,29.7258,1
5492,19.1868,16.7061,0.2698,-20.4605,62.8069,166.1077,1
5493,23.9404,14.3925,0.235,-6.3094,1.7082,171.385,0
5494,24.1086,8.6111,0.4959,19.9198,59.461000000000006,134.969,0
5495,29.8194,14.2443,0.1969,-19.8816,2.141,159.168,0
5496,75.7318,23.2784,0.1337,66.7149,4.6616,219.963,0
5497,12.8128,11.5202,0.3891,-7.1802,21.21,228.697,0
5498,32.6306,18.9446,0.1991,-8.2258,18.4858,198.7889,1
5499,17.6496,10.9991,0.2832,-3.609,32.8778,247.765,0
5500,21.0426,10.2196,0.3306,16.9883,14.5078,175.703,0
5501,21.9625,1.7216,0.4272,-1.7922,24.6146,230.7296,1
5502,59.996,19.7337,0.1397,55.9957,7.8247,257.096,0
5503,19.4174,12.5738,0.361,-16.7375,63.385,200.235,0
5504,19.5795,9.7452,0.3326,10.355,9.586,181.926,0
5505,58.0888,12.0888,0.2431,-32.5183,49.1065,297.8268,1
5506,223.3749,62.8629,0.1496,-161.2892,73.0226,280.9125,1
5507,25.2616,9.9929,0.2658,20.389,23.966,253.297,0
5508,51.0077,25.2429,0.1153,33.8956,19.198,256.3,0
5509,188.5855,59.1796,0.1283,-138.0467,38.1402,323.3087,1
5510,26.008000000000003,15.8644,0.1812,-20.6948,20.96,203.389,0
5511,15.6482,13.5002,0.2348,24.2923,41.2585,201.6488,1
5512,30.7361,8.2288,0.3527,22.0902,34.689,233.795,1
5513,43.9,27.5743,0.0964,24.931,4.9347,191.736,0
5514,41.0274,19.2417,0.1355,-22.5224,11.5205,201.967,0
5515,66.2369,49.4871,0.1744,-44.3616,40.3129,334.398,1
5516,51.6247,20.0969,0.2456,-15.5983,8.0796,285.741,0
5517,35.3291,16.4064,0.1947,33.0797,4.3624,187.71400000000003,0
5518,68.7063,22.8206,0.1222,38.738,11.0473,227.6148,1
5519,58.6548,24.3642,0.0789,48.6375,1.0525,254.674,0
5520,39.5915,17.4182,0.3334,19.5135,47.8241,191.5559,1
5521,88.3337,61.8973,0.1142,-51.9038,25.0024,380.503,1
5522,64.3547,28.4437,0.0797,48.0909,4.575,213.57,0
5523,24.8151,16.0069,0.2511,-9.6062,67.3978,83.7552,1
5524,37.7361,9.6408,0.2171,-5.5258,1.7976,218.111,1
5525,29.1879,15.5145,0.2062,-9.0805,19.1216,176.97099999999998,0
5526,76.1177,35.978,0.0611,77.244,1.8785,165.033,0
5527,34.5132,21.6498,0.1598,-30.3156,36.7033,62.7864,1
5528,12.5671,11.8738,0.3734,-10.1284,52.8294,112.946,1
5529,35.8515,18.2228,0.2146,-0.2338,9.8815,86.4843,1
5530,27.3093,18.1957,0.1752,19.5152,40.08,235.582,0
5531,13.2608,10.0045,0.5108,-7.7326,20.3665,39.2884,1
5532,47.4621,39.9715,0.071,25.1838,65.5145,146.4611,1
5533,29.5024,14.0183,0.2308,-10.529000000000002,3.8455,82.6159,0
5534,19.5401,6.7686,0.4795,-15.1,24.418000000000003,161.857,0
5535,63.5841,24.0813,0.1067,74.0868,0.0608,182.771,0
5536,20.5858,7.2402,0.3709,7.8255,23.962,84.7853,0
5537,35.2915,10.361,0.233,16.4675,10.9565,214.228,1
5538,50.5449,30.4447,0.0945,24.3465,9.854,177.72,0
5539,122.273,50.8824,0.0298,95.3013,1.3933,242.286,0
5540,242.492,90.6041,0.0625,-76.1678,88.1017,166.68,1
5541,162.904,44.1157,0.1157,-95.9851,2.607,298.891,1
5542,134.41899999999998,26.4337,0.1278,121.373,12.084,249.913,1
5543,36.2345,10.2884,0.31,22.6213,61.709,225.509,1
5544,115.017,29.6712,0.0582,93.146,8.302,174.658,0
5545,32.5213,17.1659,0.1782,14.8055,0.7255,104.047,0
5546,56.5458,19.5469,0.1314,-33.9564,1.1326,236.277,0
5547,29.9501,12.3647,0.2793,24.5753,43.1345,128.399,1
5548,28.8306,19.0918,0.2308,13.5748,9.2923,144.68200000000002,0
5549,49.4001,36.207,0.1024,-34.7814,49.2599,297.626,1
5550,48.4646,21.1239,0.1412,43.5391,13.183,270.749,0
5551,17.9922,11.8316,0.4107,11.1864,59.5437,171.81900000000002,1
5552,40.8475,12.6122,0.2463,41.3819,2.995,272.28,0
5553,50.3422,9.3404,0.1874,37.0812,8.78,244.227,0
5554,30.7289,20.3706,0.1615,13.8684,41.999,227.285,1
5555,25.5196,12.04,0.3198,-16.5674,4.684,219.704,0
5556,63.2098,34.8994,0.0894,52.9796,1.1808,129.7,0
5557,28.2679,12.1775,0.2124,-14.9612,11.754,203.406,0
5558,51.094,26.2401,0.0828,20.92,0.746,202.581,0
5559,22.1144,9.7491,0.3199,17.9628,5.197,238.8,0
5560,36.3578,14.9757,0.1519,-11.2012,55.6793,212.4121,1
5561,180.996,145.783,0.0277,-160.89,67.1736,291.994,1
5562,104.4334,41.084,0.1432,88.1148,23.3968,327.496,1
5563,54.3778,15.8934,0.2162,44.6409,7.6374,243.857,0
5564,17.3517,11.038,0.2969,-8.437999999999999,73.1435,95.1376,0
5565,20.479,18.2429,0.2419,-17.4502,76.734,130.388,1
5566,59.8073,19.6358,0.1041,35.1619,0.466,230.68,0
5567,141.41899999999998,39.2883,0.0368,111.782,37.356,185.476,1
5568,34.1547,21.9048,0.1721,24.475,17.307000000000002,71.0507,1
5569,135.909,28.7262,0.1432,114.646,67.903,257.241,0
5570,208.805,53.7535,0.0868,-252.676,3.2960000000000003,298.884,1
5571,21.7666,8.2326,0.4192,18.9776,23.7678,151.173,0
5572,36.0465,17.6856,0.1645,18.6392,1.9542,104.142,0
5573,27.7218,8.4941,0.3371,-20.9923,59.0561,144.214,1
5574,25.9859,23.1756,0.3495,-6.6741,6.8391,119.9879,1
5575,46.9981,35.5131,0.1159999999999999,40.615,29.733,98.3135,1
5576,121.846,42.8741,0.0501,63.3685,3.2636,267.636,0
5577,76.2191,25.5172,0.1164,34.0064,1.1725,277.488,0
5578,26.7613,11.2118,0.2448,-20.7967,53.0969,98.4314,1
5579,78.2793,31.904,0.0769,39.437,42.3902,77.3752,1
5580,18.4575,16.7327,0.294,-15.5885,67.5262,139.5355,1
5581,77.9433,29.7856,0.0916,67.6426,5.9725,242.953,0
5582,37.1788,20.4076,0.184,-26.9113,11.6695,149.369,0
5583,64.8668,20.9098,0.1883,79.6906,14.2272,133.001,0
5584,220.603,69.4505,0.0899,-254.47,33.61,319.652,1
5585,16.2353,11.6609,0.3049,-6.0473,87.5679,44.9558,0
5586,192.197,61.7657,0.1106,-218.729,7.5687,331.86,1
5587,35.989000000000004,11.6932,0.2348,9.7044,16.9615,258.973,0
5588,33.4631,22.732,0.1843,-6.0142,77.2515,206.8061,1
5589,24.7047,16.3884,0.2127,15.1029,18.579,131.593,0
5590,81.7073,68.9486,0.165,-72.9426,11.9699,438.8574,1
5591,136.3685,95.3572,0.0464,105.0176,25.7463,48.812,1
5592,59.1493,19.1074,0.1563,-32.1387,42.762,197.43,1
5593,85.7897,29.2678,0.1696,54.747,1.018,311.694,0
5594,23.2607,10.3084,0.2725,18.2477,50.7563,180.135,1
5595,143.0862,57.1152,0.0465,-89.0117,8.6749,198.9458,1
5596,49.4749,20.232,0.1507,47.5655,14.3967,143.684,1
5597,98.8556,32.3553,0.0431,76.1455,6.8764,206.388,0
5598,43.1205,26.3373,0.1616,34.722,4.712,242.806,1
5599,24.388,12.8981,0.2404,7.2219,19.892,124.342,0
5600,54.1138,12.2997,0.1951,50.2178,2.9862,262.324,0
5601,90.2333,38.7029,0.0889,51.035,2.1630000000000003,370.409,0
5602,13.0467,10.7919,0.47,4.5478,13.9983,243.459,0
5603,126.529,22.7,0.2691,-121.589,49.284,369.374,1
5604,46.3458,28.1802,0.0966,30.3522,9.038,164.21099999999998,0
5605,37.1109,21.8104,0.1797,-12.5796,49.9282,97.1186,1
5606,53.3355,18.381,0.0984,38.541,2.523,221.733,0
5607,86.2251,30.2328,0.2049,-88.8014,68.428,209.172,1
5608,112.902,56.9442,0.1814,116.248,73.2598,319.659,1
5609,55.4407,23.4394,0.1601,51.074,5.035,256.896,0
5610,30.7086,14.5304,0.2317,-15.5523,12.3433,223.289,0
5611,116.268,26.7356,0.1322,54.5899,7.167000000000001,280.236,0
5612,41.8199,15.1673,0.1682,13.1451,3.823,159.861,0
5613,34.9659,11.642,0.3318,31.5732,19.0641,133.7538,1
5614,94.7524,42.9794,0.0663,47.6018,2.9513,344.101,0
5615,33.2724,11.1166,0.2796,16.6947,36.4037,84.3813,1
5616,106.478,59.6357,0.0569,-99.5031,7.146,144.31799999999998,1
5617,60.9072,31.5988,0.0689,42.8477,3.7195,221.022,1
5618,12.9855,11.1963,0.4142,6.1767,82.4753,198.066,1
5619,44.7358,28.6487,0.1547,-43.2946,89.9042,219.3789,1
5620,28.9503,21.2395,0.1653,21.404,35.85,141.9,0
5621,13.3106,10.3383,0.4676,6.0074,7.035,163.036,0
5622,12.367,12.1218,0.3465,-10.4085,45.2352,113.437,0
5623,22.3784,19.1658,0.2676,10.6441,27.0844,139.546,0
5624,38.171,11.0629,0.2251,33.8268,65.0235,233.23,1
5625,262.0263,131.227,0.0789,-134.5952,62.2396,58.3654,1
5626,15.8344,11.8559,0.3276,4.782,46.6386,226.351,0
5627,31.8373,13.8734,0.1988,-27.1448,11.3663,100.0566,1
5628,79.3742,46.6705,0.0672,58.0888,21.9999,278.003,1
5629,198.055,42.5451,0.1079,-128.744,57.052,362.617,1
5630,61.5118,38.5405,0.0742,53.6536,32.635,106.772,0
5631,63.4161,35.3313,0.1543,47.0832,35.4344,242.1981,1
5632,13.0291,10.6045,0.4941,2.9585,11.929,195.541,0
5633,50.6729,25.5368,0.126,20.9158,57.7969,243.1062,1
5634,71.0207,27.6918,0.1083,38.473,1.904,293.954,0
5635,21.8895,6.5928,0.4435,14.264,68.939,67.6746,1
5636,57.2363,8.4897,0.2273,28.4301,51.5428,129.2225,1
5637,41.3532,19.7374,0.2106,-11.5435,4.09,296.447,0
5638,22.697,10.2077,0.4927,16.678,60.4354,136.6942,1
5639,24.8255,20.325,0.1888,19.1442,18.5575,180.752,0
5640,98.22,29.3594,0.155,61.7125,8.9889,250.539,0
5641,19.0013,7.4775,0.4647,5.1491,43.7141,181.235,0
5642,63.839,15.2121,0.2898,59.8933,79.4397,127.1812,1
5643,38.909,19.5587,0.1115,9.7464,2.8165,183.101,0
5644,21.5981,12.3629,0.4711,20.1564,7.3532,89.6861,1
5645,21.115,10.6704,0.3415,19.2718,62.108,196.488,0
5646,39.9736,26.9678,0.1094,26.8147,9.6193,174.99200000000002,0
5647,30.3852,18.483,0.1734,-18.1427,66.1224,87.2712,0
5648,21.1623,6.6888,0.4202,12.5225,47.5781,218.6872,1
5649,51.1555,40.1511,0.1409,-30.7479,31.398000000000003,288.6564,1
5650,34.8359,16.2987,0.2543,-17.2736,2.6055,237.414,0
5651,57.1656,19.9402,0.1,44.4537,12.267,247.114,0
5652,10.8682,9.257,0.2892,12.2105,43.9752,160.7512,1
5653,45.8732,11.2837,0.2189999999999999,-19.3437,4.6366,192.525,0
5654,113.979,26.484,0.0748,-115.619,84.7169,231.198,1
5655,35.6205,22.7611,0.2341,22.6669,55.7107,154.7047,1
5656,33.9512,21.3868,0.1862,28.9764,18.5652,281.671,0
5657,147.797,38.5796,0.0956,106.6114,23.9055,285.6875,1
5658,48.8212,20.0793,0.1321,37.6438,4.4742,239.736,0
5659,91.4572,45.5227,0.0345,76.0204,1.22,210.778,0
5660,17.3548,10.5269,0.3758,11.9546,56.373000000000005,217.923,1
5661,247.2128,81.5884,0.0992,-99.492,54.4395,187.489,1
5662,35.5161,6.8851,0.1927,-20.3923,79.9914,67.0511,1
5663,43.7829,10.5861,0.3119,46.519,15.0807,270.3524,1
5664,22.7506,16.4464,0.2135,-10.7156,55.578,173.08599999999998,1
5665,27.6731,21.5776,0.2177,-22.4266,46.8822,123.6403,1
5666,98.6223,24.3881,0.1097,78.0311,2.1682,317.36400000000003,0
5667,40.3867,12.9002,0.1667,19.4011,5.954,200.187,0
5668,105.761,19.9587,0.1591,87.7162,7.614,241.405,0
5669,84.1888,40.4196,0.2152,-88.2613,12.5669,94.2115,1
5670,118.276,36.0632,0.1689,-98.3683,28.521,359.54,1
5671,27.3097,14.4153,0.4896,21.4159,15.098,140.984,1
5672,32.1173,8.6703,0.3223,17.8782,12.3552,253.279,0
5673,61.208,29.4298,0.0877,54.5215,11.0105,196.652,0
5674,21.586,17.1483,0.1819,-14.1609,66.7792,165.7869,1
5675,29.292,14.5681,0.2435,-24.0049,3.2260000000000004,221.014,0
5676,84.7047,33.7394,0.1476,41.8923,3.5519,359.42,0
5677,17.2563,12.8329,0.3315,-9.2165,32.4323,138.061,0
5678,21.6803,20.5232,0.2315,13.8819,34.873000000000005,217.201,1
5679,83.2349,18.0963,0.115,68.5532,5.079,291.303,0
5680,56.8492,13.7692,0.1448,5.8286,1.7972,116.2482,1
5681,26.1326,18.5898,0.1883,-17.7381,32.28,167.96400000000003,0
5682,16.5577,14.0479,0.3055,-8.75,38.5063,190.8324,1
5683,142.5279,61.8344,0.0616,-130.4584,88.5362,374.8083,1
5684,78.9693,15.0919,0.2013,39.6514,39.0288,291.7012,1
5685,21.6731,18.6554,0.2057,18.4151,67.8084,77.2901,0
5686,77.9499,49.3885,0.2235,-79.1592,48.145,230.706,1
5687,48.3,20.615,0.1191,33.1031,13.0282,193.971,0
5688,45.1514,18.1741,0.1518,-10.7427,2.642,191.493,0
5689,120.855,42.7804,0.0683,-144.197,61.33,42.215,1
5690,24.2832,11.6245,0.2477,10.5588,52.92100000000001,180.825,1
5691,32.3276,17.0346,0.1611,-13.2382,3.8476,81.8432,0
5692,118.689,44.1081,0.39,-138.65,15.7902,384.151,1
5693,18.792,12.5139,0.2995,14.1873,83.3056,39.1864,1
5694,24.9808,10.2554,0.3086,-19.6914,36.639,108.544,0
5695,14.1318,12.5844,0.358,2.8754,13.127,133.667,0
5696,57.6274,21.8351,0.0844,57.9148,15.9668,107.342,1
5697,36.673,17.5852,0.2326,31.4852,5.3161,146.092,0
5698,33.8423,13.4603,0.1959,22.9935,14.9219,199.632,0
5699,46.7423,21.6214,0.2686,-67.1195,79.4041,244.508,1
5700,27.713,17.4625,0.1514,-9.3534,70.253,77.8746,1
5701,128.4049,19.2881,0.1103,-98.5733,16.5788,172.3054,1
5702,65.1138,25.5685,0.2035,-40.6384,13.1445,275.723,0
5703,18.7408,10.378,0.2661,-4.8642,73.6127,93.3388,0
5704,52.6825,18.4592,0.1116,38.5699,2.3692,180.639,0
5705,26.6852,12.7904,0.2457,11.6301,1.048,164.62099999999998,0
5706,39.2466,24.2978,0.1471,26.7323,18.4082,165.523,0
5707,107.7917,60.1444,0.0802,45.1962,49.3619,277.1031,1
5708,121.3533,93.6825,0.1263,-93.225,9.9975,195.9205,1
5709,124.736,57.3881,0.1268,-125.873,0.618,393.55,1
5710,48.1661,23.6129,0.1634,-51.7135,89.0528,144.55700000000002,1
5711,47.4418,15.8005,0.1507,12.3318,9.974,194.521,0
5712,27.3066,19.721,0.1779,19.5438,28.615,47.6641,0
5713,22.8193,11.7898,0.3351,19.2297,81.5248,234.5757,1
5714,24.2157,12.8576,0.3029,1.7156,65.896,191.307,0
5715,155.9172,102.74,0.1064,-84.9758,59.8619,157.4959,1
5716,95.4114,31.7711,0.0446,84.6589,2.526,254.43,0
5717,75.6979,31.6299,0.213,-90.126,22.092,187.841,1
5718,136.2014,88.7938,0.0937,52.6543,89.7261,358.6064,1
5719,80.171,28.1233,0.1046,65.0741,1.0298,273.41,0
5720,23.1329,10.415,0.2666,9.567,58.9232,202.2829,1
5721,21.3504,6.9763,0.3787,10.7197,13.8727,132.56,1
5722,98.1339,54.5318,0.1287,87.5247,16.565,214.8823,1
5723,20.2423,12.4902,0.39,24.6235,66.6465,190.1815,1
5724,96.995,32.6711,0.1124,24.3333,0.9411,320.636,0
5725,12.3663,12.1225,0.346,-10.1725,14.3159,199.413,0
5726,20.1074,15.4451,0.3264,-6.7434,1.635,180.783,0
5727,31.4411,25.0631,0.1677,-15.2078,4.4742,206.846,0
5728,156.1684,46.5707,0.0706,110.1398,33.6235,182.8374,1
5729,27.4892,17.1467,0.192,19.2408,12.0123,98.0992,1
5730,28.2532,8.3321,0.2672,31.8361,37.0871,241.0948,1
5731,208.706,101.9,0.0286,-129.488,84.4992,355.353,1
5732,59.4,21.7998,0.1217,53.8545,4.789,168.90200000000002,0
5733,19.1043,16.087,0.2913,15.8876,44.9398,202.3621,1
5734,40.8148,19.8202,0.1789,7.8058,25.505,285.696,0
5735,84.2134,20.7409,0.1775,-52.9464,54.1745,106.6013,1
5736,28.5748,11.0709,0.2357,-22.9565,16.191,237.163,0
5737,28.738000000000003,12.184,0.2192,13.0976,8.0769,164.826,0
5738,26.9187,17.3692,0.2777,-23.6332,73.6034,92.6105,1
5739,49.174,26.3445,0.0901,39.0569,8.5555,158.671,0
5740,140.02,105.344,0.0244,-105.334,86.3308,66.3019,1
5741,22.3403,9.5348,0.2927,23.5844,27.718000000000004,143.4412,1
5742,33.0599,4.4751,0.2333,0.9317,88.1171,97.4738,1
5743,64.632,36.9102,0.1002,55.7333,39.656,161.012,1
5744,30.412,20.9661,0.2567,33.6205,74.3825,257.7939,1
5745,49.4643,20.7054,0.1355,-20.3002,43.721,139.1,1
5746,39.2324,18.7511,0.1777,40.227,14.293,230.912,0
5747,30.3146,12.5905,0.3343,27.3951,17.1453,166.032,0
5748,74.667,18.3794,0.1181,63.4413,7.3061,221.951,0
5749,33.3522,19.5013,0.1905,30.1982,2.7376,193.7678,1
5750,109.965,72.0185,0.0977,55.547,56.568000000000005,312.754,1
5751,17.1868,11.1893,0.3028,6.9433,19.779,219.71400000000003,1
5752,76.6519,16.157,0.0669,70.4821,84.0013,217.9197,1
5753,32.5748,15.0008,0.1814,24.9912,11.958,137.52700000000002,0
5754,86.9174,12.2272,0.2115,59.957,1.0866,234.332,0
5755,90.9387,33.7746,0.1099,68.4524,1.479,347.00800000000004,0
5756,28.5282,7.7124,0.3245,12.3724,21.4331,196.466,0
5757,18.0866,10.02,0.3939999999999999,12.8968,82.8204,120.232,0
5758,19.4375,11.853,0.299,9.7467,36.997,225.103,1
5759,37.3478,8.3192,0.3801,1.1598,27.8649,160.4892,1
5760,85.0351,48.4047,0.0944,49.7822,3.181,351.977,0
5761,100.682,16.9145,0.1423,71.6292,3.7677,256.022,1
5762,25.2301,0.0053,0.4007,-13.8239,51.816,198.319,0
5763,20.821,10.6855,0.1931,21.4199,25.4322,195.8052,1
5764,20.6693,11.5061,0.4204,21.3296,21.0135,168.44,1
5765,24.7988,4.2995,0.241,16.6178,38.354,226.9171,1
5766,66.8167,30.7043,0.1533,45.4701,32.6561,338.7913,1
5767,134.2505,88.9346,0.2202,-159.3458,67.4238,273.8778,1
5768,60.9338,22.2767,0.0963,-25.5768,13.807,232.74,0
5769,35.4204,18.0487,0.1513,18.1481,15.2498,239.062,1
5770,21.1573,19.7997,0.2624,-16.2688,51.949,188.002,1
5771,79.6309,30.9289,0.0788,71.5445,2.3084,270.704,0
5772,89.6287,26.609,0.0924,63.948,4.319,273.927,0
5773,31.0617,26.5938,0.2077,15.7857,31.0487,228.891,1
5774,58.3577,26.2015,0.0841,45.0066,3.804,239.997,0
5775,86.0772,18.1931,0.1549,98.6068,6.8267,279.833,0
5776,32.3022,14.8135,0.2595,23.3847,10.836,131.52,0
5777,61.672,17.609,0.1386,45.1577,7.336,230.721,0
5778,123.8378,27.5133,0.1708,111.9562,32.025,273.4849,1
5779,117.4,68.7559,0.0796,-115.342,26.471,346.629,1
5780,117.985,32.998000000000005,0.0848,72.5219,2.2668,232.346,0
5781,26.3468,17.8488,0.1831,13.6351,56.0713,165.408,0
5782,12.736,11.623,0.3931,-8.7997,16.144000000000002,198.161,0
5783,68.1479,24.5447,0.1019,51.6814,1.652,315.013,0
5784,46.6882,18.1433,0.161,38.4226,27.1254,177.00400000000002,0
5785,34.8096,29.7332,0.1012,-21.971,12.823,59.0656,1
5786,35.4294,13.4355,0.2519,20.8175,31.449,130.19,1
5787,26.7182,16.3962,0.2533,-11.3595,20.2759,203.8754,1
5788,83.8514,12.662,0.2692,52.2503,2.588,221.101,0
5789,15.9689,9.451,0.3318,-17.6102,3.3863,135.2027,1
5790,102.9,32.1181,0.0802,97.89,5.0421,194.707,0
5791,67.4161,33.1921,0.182,-40.2365,7.4092,300.243,0
5792,160.06799999999998,87.0446,0.0508,-169.2824,10.2033,292.7602,1
5793,59.6244,14.5995,0.2483,50.7317,11.179,271.54200000000003,1
5794,36.8698,17.7978,0.1802,30.7423,4.412,146.661,0
5795,150.054,84.34200000000001,0.1325,-137.365,78.7196,260.133,1
5796,18.7576,10.0933,0.3401,10.8894,49.3784,76.3099,1
5797,16.6056,11.4797,0.3304,-4.8092,45.0711,257.161,0
5798,150.22299999999998,38.4345,0.0748,-72.8498,17.2507,296.889,1
5799,20.7078,11.0466,0.3324,-18.3235,88.9011,36.0846,0
5800,48.5138,33.7706,0.1111,-41.1418,72.2367,144.9764,1
5801,36.0068,12.6478,0.3222,-31.5866,3.6931,145.55100000000002,0
5802,127.9027,57.0209,0.1846,80.1306,45.4631,305.8764,1
5803,22.8714,11.9148,0.2583,9.0049,51.324,153.83700000000002,0
5804,44.3862,18.8247,0.1388,39.6798,13.3615,269.454,1
5805,27.433000000000003,11.8012,0.2111,20.8776,2.1506,174.767,0
5806,67.4091,28.3873,0.1005,59.8156,1.25,306.06,0
5807,104.741,95.317,0.0389,-60.2539,72.0421,325.475,1
5808,125.479,35.7873,0.0942,-91.2738,19.7675,180.86,1
5809,31.3156,10.0145,0.2737,23.2522,0.534,143.031,0
5810,87.3876,29.3532,0.0628,107.705,5.6,177.608,0
5811,49.4783,23.1211,0.1038,18.327,11.9037,206.958,0
5812,50.7171,17.6451,0.1617,24.3975,22.0167,120.6916,1
5813,33.9434,19.7303,0.1441,26.7062,13.197,75.3757,0
5814,12.5887,11.8511,0.368,-8.6777,50.5733,244.466,0
5815,31.1421,14.2196,0.3123,27.6859,3.7348,135.04,0
5816,66.4618,18.0453,0.1676,28.8496,20.661,152.639,0
5817,20.5893,4.4121,0.3685,9.2431,51.5765,35.1912,1
5818,37.6527,16.8221,0.1429,20.2691,74.6315,144.118,0
5819,19.7064,16.3057,0.4009,-8.7164,68.8497,58.388000000000005,1
5820,56.3022,21.8228,0.1698,42.6022,1.2986,232.56,0
5821,17.2334,10.6649,0.3622,11.4645,35.7705,182.733,0
5822,29.5911,13.2891,0.2769,-20.4636,47.723,140.81,0
5823,31.242,11.4827,0.1995,23.145,30.124,187.737,1
5824,32.7981,19.0193,0.2207,16.265,0.2188,154.899,0
5825,24.6496,16.2858,0.1917,12.9851,50.7377,139.631,0
5826,43.7318,22.2438,0.1573,32.8929,24.272,190.775,1
5827,107.246,62.9248,0.0331,80.1344,2.5599,307.66700000000003,0
5828,53.0787,20.6704,0.1087,40.2262,6.81,147.687,0
5829,20.8496,14.4779,0.2991,-7.7165,84.6393,246.786,1
5830,34.9246,19.108,0.1455,26.9575,12.5959,198.183,0
5831,21.0042,8.7689,0.3434,-8.1405,89.2361,74.1007,1
5832,40.7319,16.6665,0.1495,-25.7537,4.584,243.29,0
5833,96.2481,31.025,0.0763,73.0664,0.173,291.91700000000003,0
5834,21.0145,11.1854,0.2967,19.3354,3.9389,188.343,0
5835,23.4331,10.0241,0.3836,18.4647,5.584,189.46400000000003,0
5836,47.2516,21.3609,0.1365,32.8037,1.74,260.77,0
5837,50.3636,23.0276,0.1435,50.8541,15.2905,215.943,0
5838,81.2204,28.6463,0.1518,62.6239,5.122999999999999,309.60200000000003,0
5839,16.8871,13.0094,0.2334,19.2257,55.9778,234.0388,1
5840,20.4074,8.6738,0.4451,20.2151,36.908,221.4876,1
5841,46.2724,16.6669,0.1585,-42.8983,6.922999999999999,177.715,0
5842,33.1261,12.8237,0.1954,20.455,1.3049,156.83100000000002,0
5843,28.5834,17.8928,0.1938,20.8792,5.0486,71.4573,0
5844,29.6823,21.9488,0.335,-23.2324,88.587,145.9518,1
5845,184.5241,53.1361,0.114,156.7789,25.8251,167.6775,1
5846,29.477,20.4587,0.2076,-22.7664,78.0997,93.7728,0
5847,17.2979,16.7727,0.2737,7.1006,67.4727,174.87900000000002,0
5848,49.6858,8.4888,0.1844,29.8093,83.4249,213.43,1
5849,29.809,15.7188,0.2519,22.945,50.6821,106.7603,1
5850,57.6556,33.2475,0.1868,38.2299,71.9083,173.7475,1
5851,61.4825,16.2288,0.1632,52.0794,3.9773,147.172,0
5852,32.4831,21.9917,0.1895,-15.632,3.827,157.37,0
5853,21.3109,6.7047,0.4561,15.0206,82.9943,117.518,0
5854,133.96,31.013,0.0756,-73.1251,29.76,76.7438,1
5855,31.8528,9.1297,0.3932,10.1555,40.2082,222.397,1
5856,42.2919,12.2386,0.2143,36.0425,24.6072,265.7389,1
5857,29.1979,5.5862,0.5875,13.4088,83.602,237.952,1
5858,55.7301,32.031,0.1374,-52.4394,38.1601,239.155,1
5859,123.987,17.4709,0.1547,84.4861,0.813,351.038,0
5860,104.392,33.5754,0.0735,72.15100000000001,1.7384,293.371,0
5861,16.4015,11.5901,0.3166,-5.8041,34.9176,129.056,0
5862,28.4739,21.2686,0.1637,12.1834,25.431,30.4329,0
5863,23.835,8.7207,0.4289,10.9073,10.689,116.492,1
5864,17.3467,1.952,0.4966,1.6008,79.9591,73.5629,1
5865,76.1799,24.8222,0.12,57.6858,2.1911,269.566,0
5866,18.0794,17.1041,0.2649,-14.3077,15.643,223.215,0
5867,21.8249,19.6503,0.2818,15.8921,33.902,125.964,0
5868,16.1811,11.7269,0.4399,14.1795,19.4003,186.2513,1
5869,26.6349,25.9017,0.2007,23.3311,30.9235,185.8905,1
5870,145.2085,128.5932,0.0518,-73.7007,44.045,313.0308,1
5871,44.5904,18.1772,0.1473,32.0318,45.5517,264.4371,1
5872,8.5738,8.1072,0.4282,-2.7859,54.9252,168.9304,1
5873,45.4444,11.349,0.2486,34.8387,5.059,205.448,0
5874,87.5146,22.1137,0.119,62.1714,12.3675,263.99,0
5875,68.8405,16.3463,0.1695,65.8943,39.069,94.7686,1
5876,29.9771,16.9636,0.1698,21.4163,10.579,237.55900000000003,1
5877,88.0991,34.4391,0.0753,77.3491,1.892,273.85,0
5878,13.1155,10.1083,0.5238,7.4928,58.845,166.287,0
5879,37.1373,14.7676,0.156,8.1654,11.6063,166.829,0
5880,20.7299,11.5605,0.3683,19.8198,2.8211,70.2896,0
5881,47.59,21.0186,0.0953,22.4525,3.6,177.547,0
5882,21.5647,6.9116,0.3774,10.1753,3.908,206.49,0
5883,107.572,30.9831,0.0783,65.5541,2.376,304.361,0
5884,84.6121,13.0972,0.2015,-63.7562,77.2783,100.8148,1
5885,38.8091,15.2298,0.2738,13.4601,62.6349,182.7331,1
5886,31.679,10.2589,0.2336,22.5681,64.5405,223.39,1
5887,165.305,77.5116,0.0478,100.866,34.067,240.598,1
5888,116.13,23.0922,0.1985,-65.3295,48.9032,288.755,1
5889,13.1349,10.3786,0.4984,-6.0924,88.5222,60.2533,0
5890,92.4417,26.9664,0.1053,50.1934,1.1676,332.74,0
5891,29.0007,21.2221,0.2407,26.228,32.224000000000004,63.9582,0
5892,166.91099999999997,69.3334,0.0974,-64.794,19.6315,321.5117,1
5893,30.9433,20.5164,0.176,14.9151,14.317,148.681,0
5894,54.8736,15.18,0.2769,53.7051,3.4462,181.609,0
5895,58.3282,31.4805,0.0848,47.8745,3.8333,229.249,0
5896,20.6646,12.6322,0.3304,15.338,54.346,244.19,1
5897,53.1157,25.7168,0.0982,40.4022,2.73,226.377,0
5898,197.2885,52.5378,0.1134,-160.6685,56.5044,292.4028,1
5899,48.7524,13.5038,0.2119,-30.4735,6.9178,200.104,0
5900,17.6254,10.3238,0.3685,-9.1952,59.709,147.704,1
5901,52.0561,23.6061,0.2383,51.4639,29.9881,103.895,1
5902,27.0941,19.6335,0.2385,-14.6973,22.48,51.0527,0
5903,74.2516,29.6809,0.1232,58.9536,3.2129,277.148,0
5904,22.2442,11.3451,0.3298,-19.0011,6.6462,147.737,0
5905,27.6963,12.871,0.2103,6.8249,8.7213,149.954,0
5906,44.903,20.0392,0.1451,26.7131,9.599,239.209,0
5907,24.336,12.9765,0.3706,26.0999,81.653,122.6304,1
5908,35.4502,13.8981,0.1934,-20.1988,6.6866,163.675,0
5909,18.1728,16.555999999999997,0.2859,-10.1203,29.6658,42.5905,0
5910,68.4537,41.0211,0.1117,-42.6359,18.6079,119.13,1
5911,17.8493,10.6739,0.3296,-7.3693,84.3741,243.575,1
5912,15.0229,12.2192,0.3517,0.3851,46.146,227.002,0
5913,45.5838,18.8041,0.1275,34.6809,10.3511,168.24900000000002,0
5914,28.3317,12.2505,0.2461,20.3148,36.8299,88.4856,0
5915,25.2701,16.9694,0.1787,13.0698,29.746,85.5765,0
5916,57.627,27.978,0.1443,43.8752,3.366,271.079,0
5917,19.2981,12.962,0.2695,-10.7219,23.0737,231.38,0
5918,21.4163,6.7823,0.4332,13.9936,35.26,241.902,1
5919,83.8164,25.9336,0.1241,-56.8565,2.173,292.918,0
5920,43.2532,15.6787,0.177,25.5152,5.1857,148.14700000000002,0
5921,85.7777,23.85,0.2803,-106.5174,26.992,206.0471,1
5922,49.2754,14.5068,0.1588,38.108,1.985,177.428,0
5923,24.1889,0.0037,0.3498,-5.6575,0.0002,210.212,0
5924,163.2118,53.8719,0.1205,116.9525,10.9902,319.976,1
5925,42.3471,23.6253,0.1581,-47.3029,59.389,46.61600000000001,0
5926,21.8435,15.4761,0.2537,19.5635,86.2351,100.735,0
5927,68.1826,45.9107,0.0707,44.5098,32.3596,150.471,1
5928,29.4876,16.237000000000002,0.1829,10.6867,1.379,142.494,0
5929,122.175,32.547,0.1685,127.517,80.6468,188.298,1
5930,61.7547,7.2247,0.1069,-36.2658,24.7205,156.1852,1
5931,105.853,46.7858,0.1241,90.0587,16.2565,281.002,1
5932,12.8703,11.4444,0.3805,5.3032,21.012,204.037,0
5933,20.1501,7.2931,0.3923,-9.7153,28.5692,147.57399999999998,0
5934,262.203,82.2943,0.0619,-152.016,63.2988,223.485,1
5935,16.4192,7.2124,0.5951,-7.2376,38.836,121.099,0
5936,24.5799,10.5318,0.2443,4.2211,23.7446,187.9544,1
5937,50.7112,24.4091,0.0991,31.9105,0.5754,181.872,0
5938,40.3164,24.6091,0.1073,25.2477,5.5798,109.26,0
5939,139.5034,29.1444,0.1091,-66.0404,35.5444,93.4935,1
5940,22.3636,10.3991,0.2717,16.6461,5.6931,163.93400000000003,0
5941,48.2679,26.8382,0.123,-36.6641,35.118,97.5741,0
5942,72.6123,17.7183,0.1219,59.8838,6.3019,234.18,0
5943,21.5093,11.4671,0.249,14.4059,27.7193,175.9077,1
5944,48.4661,22.7264,0.2033,39.3133,4.825,266.665,0
5945,22.1815,7.3637,0.4865,-9.5286,82.0983,240.7557,1
5946,17.4942,10.4654,0.3744,12.0002,62.0945,218.798,1
5947,13.026,10.224,0.527,6.89,51.8466,195.593,0
5948,47.8994,21.3041,0.1745,34.6608,19.469,269.0917,1
5949,71.4826,20.1412,0.1803,43.9141,22.981,333.10900000000004,1
5950,46.7966,42.0681,0.1766,-29.7122,40.197,309.716,1
5951,21.927,12.4392,0.26,8.5547,8.4031,157.321,0
5952,72.5798,40.6827,0.1715,59.8818,8.304,262.487,1
5953,37.5469,11.4984,0.3233,19.1568,18.6822,159.2978,1
5954,18.0762,11.9477,0.3989,-10.1699,20.997,130.658,0
5955,33.1706,15.5717,0.253,20.7756,7.608,170.48,0
5956,20.7646,8.6798,0.3878,12.5216,25.106,140.908,1
5957,30.972,16.6823,0.2213,-20.3396,53.4668,139.9475,1
5958,98.6242,38.67,0.0731,61.1825,1.421,365.382,0
5959,27.1802,18.0149,0.1872,24.3176,50.664,250.647,0
5960,137.7163,66.9956,0.0374,67.9465,66.6143,334.38800000000003,1
5961,24.5279,16.6189,0.25,24.4522,34.5922,196.133,0
5962,32.5149,16.1373,0.3126,14.1317,10.4419,198.015,0
5963,35.1073,11.3716,0.3737,-21.4364,73.454,174.65,1
5964,63.2886,26.427,0.1273,54.6506,0.9753,302.897,0
5965,43.5727,20.0674,0.1404,-28.4975,11.1311,190.861,0
5966,23.3911,16.4648,0.2714,-14.1416,19.703,110.646,0
5967,27.1259,12.9634,0.1973,-16.2096,21.073,99.2327,0
5968,30.9161,20.5479,0.245,28.1435,14.437,145.02100000000002,0
5969,18.8834,10.09,0.3327,-10.8397,57.86,197.527,0
5970,24.8845,3.7537,0.4019,17.1743,41.0122,241.9691,1
5971,20.1677,16.1704,0.363,-10.7875,15.2811,235.247,0
5972,54.2256,32.5475,0.2944,39.128,0.2295,161.101,1
5973,40.4409,11.3388,0.1817,23.4546,19.335,224.153,0
5974,175.69,76.5025,0.0707,126.407,70.6157,184.39,1
5975,60.2849,25.111,0.1345,54.4551,0.6809999999999999,309.9,0
5976,40.7017,24.0475,0.1823,-32.1253,43.6742,80.4765,1
5977,86.9585,33.0357,0.141,53.9694,0.296,341.694,0
5978,31.5555,15.492,0.2088,24.2738,37.3817,106.28,0
5979,27.7812,16.1918,0.1676,-12.2857,11.8495,181.704,1
5980,140.384,13.5947,0.1689999999999999,94.3209,6.363,281.319,0
5981,47.9982,27.2546,0.126,-40.2479,3.0708,198.484,0
5982,29.0641,15.8644,0.1762,8.4006,39.2971,112.665,0
5983,54.0026,15.4637,0.1456,46.7648,0.366,283.038,0
5984,77.4963,30.6059,0.089,92.6294,6.372999999999999,179.75599999999997,0
5985,23.3243,12.847,0.3182,10.5773,28.6045,183.3696,1
5986,20.6036,7.2364,0.3699,-7.7699,75.0703,99.2704,0
5987,144.2787,21.6688,0.1506,-60.4121,45.9286,294.125,1
5988,23.3747,17.1019,0.2322,18.5151,10.575,105.577,0
5989,22.6986,16.1819,0.1841,-9.4133,41.9337,126.3478,1
5990,50.3222,20.8316,0.1424,31.8366,1.8611,253.047,0
5991,45.5041,17.5155,0.2269,12.8188,40.137,235.99400000000003,0
5992,32.6604,7.1437,0.4153,-27.1046,86.9062,124.226,1
5993,28.0212,14.003,0.2184,-17.3657,4.797,198.176,0
5994,21.5431,16.1505,0.2425,8.7649,45.808,101.397,0
5995,24.9996,22.0256,0.1469,8.006,81.7102,91.5303,0
5996,49.3887,9.3773,0.1995,33.651,22.7965,146.667,1
5997,81.4337,32.5604,0.103,54.5472,3.511,290.058,0
5998,57.6244,26.1477,0.19,-33.0476,3.3411,285.534,1
5999,17.5129,10.4891,0.3767,7.9165,67.2725,67.4759,0
6000,94.1694,29.2328,0.0746,83.0712,2.8085,270.089,0
6001,62.4352,9.0876,0.2007,40.9385,4.996,104.25,1
6002,56.2479,20.9217,0.1103,36.6852,0.556,220.971,0
6003,67.8595,11.6333,0.1962,60.2055,12.1225,240.959,1
6004,70.8595,37.3941,0.1503,-29.1591,10.077,181.83900000000003,1
6005,70.3815,23.4882,0.0726,54.971,5.247000000000001,238.101,0
6006,12.8328,11.4876,0.3913,-7.0645,62.804,197.93400000000003,0
6007,43.8935,11.7387,0.2165,15.2566,78.4634,153.738,1
6008,73.5064,22.8864,0.1117,71.5742,6.705,303.726,1
6009,22.6073,19.6504,0.2314,12.7852,31.7237,203.782,0
6010,138.42700000000002,67.808,0.072,86.9351,77.9219,406.986,1
6011,41.8157,21.1334,0.1668,32.2557,34.2159,148.826,0
6012,27.7826,11.8713,0.2096,21.3733,66.669,104.412,0
6013,17.2673,5.2644,0.3475,-21.5882,73.7293,178.6443,1
6014,18.8654,12.9148,0.3639,22.1641,72.2904,45.4723,1
6015,20.7559,10.7539,0.3131,-17.5199,68.268,138.32299999999998,1
6016,34.691,10.8773,0.2378,28.663,51.336000000000006,245.841,1
6017,22.2431,10.8532,0.3627,14.9856,80.3583,253.204,1
6018,29.5565,8.3588,0.2591,24.9024,46.1951,102.2483,1
6019,233.039,201.364,0.0336,-217.8321,11.8951,242.1093,1
6020,35.6486,10.2406,0.3943,20.5153,36.3529,172.7491,1
6021,76.1909,29.7032,0.0573,48.078,1.64,242.437,0
6022,23.4162,13.1513,0.3176,-15.6702,78.726,91.9944,0
6023,38.6553,27.6317,0.1583,52.9885,55.6531,204.6782,1
6024,19.1154,11.6816,0.3675,18.9858,31.686,124.917,0
6025,18.0601,14.4363,0.3825,13.7742,9.44,112.538,0
6026,56.2298,19.0469,0.1194,-44.0312,39.096,158.835,0
6027,106.9951,43.6072,0.1157,-84.9207,7.1503,319.1942,1
6028,12.8,11.5562,0.3724,5.1334,12.23,45.7994,0
6029,122.4537,111.8373,0.0436,-82.5405,68.0289,301.4364,1
6030,21.5261,10.2191,0.4322,17.9128,16.6298,216.857,0
6031,23.5712,9.0408,0.3738,18.7789,14.5896,231.163,0
6032,102.855,37.4382,0.0487,85.5771,1.037,272.216,0
6033,135.273,65.3513,0.0603,98.8722,24.4469,31.5625,1
6034,29.5005,12.6104,0.1762,18.6289,43.5839,266.4562,1
6035,143.4058,38.5507,0.0775,-23.8717,72.9147,30.5605,1
6036,24.6211,0.6134,0.4341,15.3094,53.5629,229.2152,1
6037,94.4951,57.2809,0.1506,-81.8879,51.6715,346.7639,1
6038,84.6472,20.5843,0.1193,69.5781,0.4746,285.562,0
6039,25.889,16.5543,0.24,18.1795,3.6582,181.039,0
6040,49.6026,23.2749,0.0999,-33.6197,5.4670000000000005,198.282,0
6041,16.4416,9.8397,0.2888,14.7665,33.1028,99.4524,1
6042,27.0051,6.6249,0.4187,15.4982,29.7506,175.03900000000002,0
6043,18.8081,10.8706,0.4476,-4.2867,14.6227,218.0525,1
6044,26.4939,10.0137,0.2258,19.5276,1.334,113.778,0
6045,20.0971,11.0549,0.3044,-18.1926,19.4135,143.283,0
6046,90.4316,22.0719,0.1065,79.3479,5.117,285.011,0
6047,19.5665,11.107,0.2897,-7.6712,77.8131,159.6281,1
6048,32.3779,9.9834,0.2283,16.3055,64.334,120.231,1
6049,84.7997,29.0826,0.1,63.0953,2.2059,303.754,0
6050,16.3377,11.5525,0.354,-4.1123,44.277,147.071,0
6051,38.4589,16.9062,0.2196,-22.8231,29.5189,229.863,1
6052,41.2042,14.1489,0.1953,33.551,3.3282,203.344,0
6053,37.2276,21.0161,0.1845,-22.8583,55.4574,108.705,1
6054,16.9836,10.7925,0.4028,-4.2068,33.7063,126.62,0
6055,56.4278,13.4652,0.1447,37.7517,71.983,229.452,1
6056,13.3657,10.4908,0.4141,-3.5519,5.5558,151.915,0
6057,179.59099999999998,60.2918,0.1143,-125.772,32.456,310.547,1
6058,19.3808,9.2424,0.4352,14.7655,70.7044,222.215,1
6059,212.2563,102.6186,0.0699,130.0705,26.5495,239.6019,1
6060,27.4263,16.0119,0.1973,22.3837,8.9147,254.582,1
6061,26.6768,17.3035,0.1814,20.0782,6.8488,230.364,0
6062,85.9569,54.5819,0.0897,-53.6101,89.9087,249.2953,1
6063,27.3537,20.329,0.1594,-6.9402,1.824,97.7648,0
6064,86.8251,47.4225,0.064,83.6557,47.9667,225.2128,1
6065,81.4592,32.1303,0.2069,59.0013,4.8914,278.236,1
6066,38.2605,7.4784,0.2815,27.9219,51.6052,204.983,1
6067,82.5121,32.6518,0.0678,71.9971,2.123,252.681,0
6068,27.0457,16.1282,0.1925,-22.8231,12.744000000000002,141.14,0
6069,27.5492,6.6931,0.3855,14.4105,13.968,207.396,1
6070,34.8365,24.8605,0.1397,23.8099,10.4413,130.472,0
6071,23.4666,15.4531,0.2447,-8.9713,61.1034,108.626,1
6072,23.786,14.1227,0.2369,14.4177,6.0583,166.68,0
6073,43.5467,23.7765,0.1281,28.2733,8.662,144.334,0
6074,30.6145,16.4697,0.2453,24.8365,7.563,176.845,1
6075,19.4286,13.2036,0.2192,-8.9053,32.1315,126.9373,1
6076,54.4277,17.9112,0.0969999999999999,19.3015,71.0903,254.5202,1
6077,27.5742,8.2211,0.3255,20.5727,18.904,110.77,1
6078,155.084,58.2116,0.1825,-102.766,6.377000000000001,355.901,1
6079,79.7511,26.878,0.1617,31.0505,2.4255,341.9248,1
6080,53.039,20.23,0.1205,30.9958,8.5516,197.132,0
6081,71.6059,23.5821,0.2032,39.9093,50.857,119.194,1
6082,22.1211,10.5836,0.3174,19.1,13.9345,53.7111,0
6083,35.996,15.5616,0.2147,34.9611,23.739,116.789,0
6084,20.0133,15.5455,0.2335,-18.3527,3.443,217.13,0
6085,19.321,16.7591,0.2914,11.5461,70.87,127.306,0
6086,269.738,116.564,0.049,-141.642,67.2745,100.327,1
6087,27.4344,10.9533,0.2735,-10.4081,31.9443,80.2647,1
6088,76.074,28.2607,0.1932,-47.2547,35.4976,238.7182,1
6089,27.2257,11.0172,0.3469,23.8955,49.756,212.754,1
6090,105.1759,20.717,0.0935,96.073,58.0482,98.0775,1
6091,50.5321,26.617,0.122,53.0803,3.431,211.479,0
6092,28.5023,20.2343,0.2181,20.0563,43.7515,138.9,0
6093,32.8908,13.6784,0.1571,6.4356,18.3564,246.615,0
6094,111.1925,81.4599,0.1447,-82.7081,89.73700000000001,423.1071,1
6095,44.8459,16.6733,0.1536,14.3171,81.1187,151.99200000000002,1
6096,59.5176,11.3952,0.2385,40.8819,1.121,296.184,0
6097,20.8613,7.1168,0.371,10.821,68.2545,69.3709,1
6098,25.3603,12.0956,0.2404,14.293,19.1921,216.885,0
6099,110.7401,43.7493,0.1353,-125.704,28.8148,61.8488,1
6100,125.644,26.8866,0.1373,121.145,0.768,293.581,0
6101,21.386,13.6561,0.3662,-14.7031,10.142,146.35399999999998,1
6102,18.0444,10.4284,0.3471,11.4491,26.162,138.586,0
6103,25.9452,15.7109,0.2921,13.4379,24.248,238.538,0
6104,27.5001,8.1356,0.3577,-18.6656,88.5843,133.00799999999998,1
6105,29.3804,10.8214,0.3127,22.8203,5.6476,187.7766,1
6106,40.3744,17.7691,0.1353,-9.5078,2.4536,201.049,0
6107,19.5221,6.9971,0.4331,13.5782,64.32300000000001,134.83100000000002,0
6108,30.1651,16.4522,0.2041,13.3085,7.443,168.676,0
6109,21.197,12.4018,0.2343,5.3653,0.327,179.09400000000002,0
6110,23.5463,13.5595,0.2538,-7.2848,52.9529,77.7417,1
6111,25.812,10.1488,0.2456,-19.7376,37.8541,136.774,0
6112,137.425,65.6188,0.138,-75.7233,56.069,396.926,1
6113,23.5442,12.3195,0.2426,-11.4544,87.491,39.6051,1
6114,43.2691,19.8014,0.1314,-36.329,1.5744,191.881,0
6115,25.4578,9.9035,0.3309,22.3187,3.363,158.25,0
6116,95.3928,16.4206,0.1397,69.2353,24.8474,323.6569,1
6117,20.7805,16.2366,0.305,12.3721,3.0366,123.8803,1
6118,145.881,23.2215,0.2318,-53.8782,15.535,186.728,1
6119,28.5624,14.2323,0.2973,28.481,77.688,94.2907,1
6120,60.6745,21.4003,0.1149,64.9926,18.082,108.385,0
6121,16.0444,11.5568,0.3884,1.9805,54.614,89.2314,1
6122,12.7824,11.5799,0.3767,-6.2252,68.3548,226.328,0
6123,18.4188,10.4122,0.306,9.6154,4.5866,205.73,0
6124,90.261,37.2026,0.1019,82.4496,13.7914,282.2377,1
6125,184.511,161.845,0.0646,-145.31799999999998,23.143,272.309,1
6126,60.012,19.0335,0.1327,29.51,11.1868,196.59,0
6127,75.5288,27.5869,0.0676,-37.9102,81.0645,179.2314,1
6128,46.2966,10.4992,0.2498,39.1377,32.4589,185.278,1
6129,29.8007,8.0978,0.2816,-18.2912,13.9464,133.634,0
6130,29.7983,19.8669,0.2256,-19.9547,36.3005,107.001,0
6131,12.8278,10.2419,0.2699,4.8796,15.5735,201.5613,1
6132,187.4254,36.4627,0.1458,90.0964,9.0153,238.0995,1
6133,68.3724,29.2316,0.0772,39.835,0.0127,270.828,0
6134,31.961,15.9851,0.1581,21.6024,5.658,181.71400000000003,0
6135,20.4767,6.9229,0.4414,14.37,29.3704,165.733,0
6136,13.1179,10.0384,0.5287,7.779,26.688,118.054,0
6137,115.264,14.0075,0.4136,-117.486,28.01,336.991,1
6138,76.6839,37.4321,0.031,64.6907,0.8318,21.1249,1
6139,30.2879,9.4639,0.244,15.4904,34.1383,142.134,0
6140,52.2445,17.3463,0.1743,39.8659,2.315,143.054,0
6141,36.3558,10.3843,0.3599,51.9328,9.1263,208.7935,1
6142,21.873,9.597,0.3118,12.6661,80.3279,67.0253,1
6143,23.9911,17.4954,0.3728,10.6387,64.1256,146.3917,1
6144,98.8383,18.982,0.2369,-61.3293,1.0133,366.551,0
6145,18.9655,12.8313,0.2692,6.4283,17.654,182.345,1
6146,23.3164,13.3766,0.2196,-10.9368,63.06399999999999,105.536,1
6147,76.0476,25.7577,0.1302,-59.8816,16.9915,50.1282,1
6148,15.5008,10.8463,0.4926,-5.1522,28.867,229.44,1
6149,121.9369,46.635,0.1086,96.1648,30.9895,217.3834,1
6150,136.3993,61.6681,0.1218,-149.4735,42.8892,395.0967,1
6151,130.7409,21.2294,0.2244,95.1234,53.5046,228.4716,1
6152,19.8847,10.9625,0.4004,18.6013,24.9395,126.042,0
6153,46.2246,16.1574,0.1435,41.4679,7.135,271.691,0
6154,47.8236,22.3883,0.1961,50.1485,18.2702,215.104,0
6155,109.8207,42.0889,0.1294,-98.1219,11.9581,366.5993,1
6156,27.7808,12.187,0.2484,-22.5079,83.101,232.06,1
6157,51.8528,27.1569,0.1396,37.7307,0.728,298.168,0
6158,22.0358,18.3018,0.2566,16.1617,15.8867,244.3275,1
6159,31.4908,10.9882,0.2091,-15.2539,6.1882,183.255,0
6160,20.061,12.3355,0.2682,13.4884,5.825,165.157,0
6161,37.3256,13.9512,0.2523,17.7148,9.2321,232.365,0
6162,30.1863,7.5997,0.3412,-9.2159,76.8217,116.5762,1
6163,18.4582,14.9876,0.3087,14.4573,69.1458,204.133,1
6164,22.6701,11.4537,0.3252,-11.0491,29.9286,208.525,1
6165,38.8137,13.6915,0.1832,23.1874,52.9751,214.3881,1
6166,30.2259,15.854,0.1819,-7.6128,24.878,129.45,0
6167,28.8127,25.7637,0.1109,-16.4207,31.937,84.4585,0
6168,119.9548,68.0008,0.1364,42.4992,43.5955,372.3003,1
6169,149.545,35.5752,0.0887,107.078,51.0768,291.401,1
6170,20.1382,19.4543,0.2425,19.8121,17.612000000000002,123.647,0
6171,25.4837,16.0308,0.243,-5.492000000000001,25.723000000000003,229.144,0
6172,20.4324,18.8956,0.2668,17.2294,64.5349,143.721,0
6173,91.5599,38.5006,0.0931,50.4885,4.861000000000001,336.88,0
6174,27.479,9.2526,0.2689999999999999,9.4213,45.8344,102.2934,1
6175,19.9156,14.8221,0.2254,32.4109,5.5886,189.5542,1
6176,12.6594,11.7413,0.3846,9.4522,43.5434,227.711,0
6177,48.4049,8.7651,0.2332,30.6781,73.5368,167.72,1
6178,110.16,29.4264,0.1266,-47.5564,1.5291,356.13300000000004,0
6179,53.069,17.1498,0.1845,-45.019,5.412999999999999,129.754,0
6180,21.2386,12.4594,0.4482,18.0972,38.8875,212.472,0
6181,26.6048,17.7514,0.1883,19.6058,11.4622,150.238,0
6182,16.6052,12.8367,0.284,-6.9747,37.2097,116.5518,1
6183,34.2994,17.48,0.1774,24.3802,11.1759,185.624,0
6184,29.0658,12.5468,0.3458,24.7784,8.953,154.319,0
6185,22.0371,13.0093,0.2428,7.0413,53.2979,25.2892,1
6186,30.6824,12.6495,0.3373,23.3827,9.7889,157.377,0
6187,57.6944,18.316,0.0803,22.1611,0.122,178.102,0
6188,20.1556,6.4587,0.5308,-17.0895,76.6813,71.3018,1
6189,18.9525,10.2432,0.281,-6.7203,82.8252,212.087,1
6190,220.773,73.6335,0.0417,-197.551,63.8379,291.03,1
6191,27.3719,9.6941,0.3829999999999999,-20.1652,89.5153,20.8435,1
6192,21.6208,16.5914,0.262,9.4802,34.221,230.005,0
6193,34.7714,17.8139,0.1918,30.3091,0.831,161.232,0
6194,36.6344,17.3591,0.157,31.2791,11.7003,200.639,0
6195,21.5347,11.106,0.2939,-19.391,21.636,113.479,0
6196,37.5816,17.5338,0.1848,7.1308,7.3987,253.27,0
6197,32.2371,9.1144,0.2591,19.9743,87.8265,204.061,1
6198,29.3515,16.1523,0.196,22.9066,26.3691,161.384,0
6199,97.4792,17.6852,0.073,81.0776,54.3214,262.9294,1
6200,65.9033,16.4847,0.1336,60.6612,1.308,243.808,0
6201,8.2304,8.0896,0.3148,-11.1001,42.9222,148.2906,1
6202,53.2467,6.4925,0.2163,19.9021,78.76899999999999,238.21400000000003,1
6203,92.7855,82.3446,0.134,-58.1007,2.79,195.648,1
6204,94.9225,28.2406,0.1047,55.1122,2.3428,317.93,0
6205,53.7826,16.9958,0.1729,36.4019,2.081,244.073,0
6206,30.3096,10.8144,0.2997,25.6744,54.653,180.436,1
6207,92.9942,47.0245,0.0381,81.2935,1.575,195.618,0
6208,108.8548,22.8127,0.1136,111.3243,61.0441,166.9123,1
6209,36.0479,21.7253,0.1737,18.4223,9.72,129.326,0
6210,74.8406,29.0966,0.0795,63.4019,10.0169,191.943,0
6211,35.6053,19.2838,0.1476,24.4213,8.714,202.115,0
6212,12.8668,11.4326,0.3936,-6.738,85.1354,215.319,1
6213,42.3885,27.1735,0.1273,-28.4107,79.013,171.09900000000002,1
6214,178.8033,27.8186,0.1362,-157.9557,53.59,162.059,1
6215,78.2002,23.1372,0.1212,86.1356,12.616,217.965,0
6216,28.3153,10.527,0.3419,-8.902000000000001,39.8748,191.7025,1
6217,30.4504,9.9326,0.24,18.9845,54.4412,183.2944,1
6218,102.967,48.0406,0.0995,-90.8354,42.5044,375.203,1
6219,53.6822,22.0666,0.2732,-14.1855,0.1639999999999999,295.107,0
6220,51.323,26.1315,0.1001,23.8665,58.1352,243.5677,1
6221,19.5683,12.8453,0.2476,10.2146,29.1592,210.945,0
6222,62.2006,39.0258,0.0902,54.4875,75.0343,195.845,1
6223,20.2874,9.2749,0.3503,-10.7079,11.804,214.697,0
6224,19.2805,13.2528,0.3041,-15.7549,78.6096,97.5432,1
6225,52.5731,20.4082,0.1507,50.7135,10.364,217.54,0
6226,90.9354,28.4311,0.0747,87.6392,6.1616,284.011,0
6227,57.6389,19.9578,0.1623,59.3038,0.619,113.551,0
6228,23.2395,11.0506,0.3044,-2.192,10.4041,185.8771,1
6229,170.3012,137.2039,0.0103,-114.4262,58.4804,223.3783,1
6230,90.3742,24.7944,0.1116,76.4386,3.825,242.765,0
6231,18.5361,10.4673,0.2742,6.185,0.244,129.236,0
6232,41.1346,14.3158,0.1533,13.597,21.5,179.149,0
6233,67.8374,19.9017,0.1434,79.9025,6.1571,232.258,0
6234,143.39,37.5223,0.1053,-38.7371,15.8452,262.737,1
6235,99.891,14.8068,0.1919,-85.4995,11.9106,45.2178,1
6236,222.77,24.8556,0.1654,231.446,20.158,78.7911,1
6237,19.2665,15.6173,0.2485,-5.9609,82.2507,37.6749,1
6238,81.6368,25.1357,0.2132,37.9453,18.7284,328.05800000000005,1
6239,36.8176,22.0997,0.1862,18.6527,29.6832,126.354,1
6240,68.7932,13.8229,0.1319,43.4369,60.868,173.475,1
6241,16.6163,15.5228,0.2241,12.876,30.4676,181.3228,1
6242,60.0265,19.5911,0.0961,47.2173,2.832,136.368,0
6243,20.2907,12.5585,0.3804,15.3643,42.537,214.279,1
6244,77.9064,51.3452,0.0389,78.3525,10.395,123.429,0
6245,54.5115,22.4033,0.1056,38.6475,3.7247,188.931,0
6246,30.3691,9.7181,0.2371,21.0918,6.5706,128.94299999999998,0
6247,205.425,37.7936,0.1257,-210.935,60.058,206.173,1
6248,58.9999,20.3478,0.1308,26.325,2.397,234.514,0
6249,29.972,19.2445,0.1394,-16.0937,11.911,187.841,0
6250,45.4425,26.1756,0.1134,28.2442,42.1325,140.45600000000002,1
6251,82.2887,29.461,0.0904,60.6541,0.5058,322.709,0
6252,30.8529,0.0063,0.3561,15.382,21.138,144.089,0
6253,154.037,17.3139,0.156,118.965,50.738,71.8962,0
6254,29.1855,17.7624,0.179,-25.8882,38.222,157.295,0
6255,29.5559,8.533999999999999,0.3139,21.706,39.4223,211.908,0
6256,22.7165,14.2438,0.3718,-16.7073,10.8162,186.9173,1
6257,33.8766,17.7459,0.2593,-10.1542,1.26,191.442,0
6258,105.498,24.5667,0.1636,-45.4692,0.965,328.706,0
6259,91.573,37.3135,0.1009999999999999,-80.6057,7.388,271.107,0
6260,19.9761,7.327999999999999,0.4033,-9.3424,19.965,165.975,0
6261,40.6756,15.594,0.1449,9.0297,15.425999999999998,193.234,0
6262,130.792,77.1525,0.155,-140.309,51.585,328.17400000000004,1
6263,23.2865,14.6321,0.2495,15.7269,35.7297,193.4381,1
6264,40.905,26.9542,0.1144,27.6815,18.15,175.542,0
6265,35.0029,13.3978,0.2129,-17.7039,26.464,148.132,0
6266,39.3361,17.7954,0.372,13.9885,66.7342,330.8791,1
6267,23.0347,12.2928,0.4151,18.1708,89.1927,161.428,0
6268,26.5687,25.7407,0.1552,19.7087,23.9858,208.235,0
6269,144.7233,35.266,0.1975,98.6607,22.6646,351.2214,1
6270,129.588,17.3475,0.2356,-126.579,12.489,52.9832,1
6271,34.2809,17.5006,0.1783,21.069000000000003,0.2299,167.953,0
6272,37.2511,17.2359,0.1555,19.6105,5.975,139.667,0
6273,63.8575,26.1979,0.1639,58.5965,41.8876,79.0109,0
6274,13.0175,11.202,0.3808,2.8889,3.767,135.278,1
6275,23.3948,21.3975,0.2508,13.7637,25.641,201.288,0
6276,210.508,61.4402,0.0488,-150.683,83.4866,228.551,1
6277,122.853,31.2607,0.2012,95.9939,7.5012,287.30400000000003,1
6278,39.1007,17.8057,0.1822,38.5368,4.659,227.408,0
6279,27.6262,8.297,0.3581,-20.01,46.468,87.6366,0
6280,89.4755,29.1612,0.127,-47.842,0.7,367.97,0
6281,27.7483,18.2389,0.1863,23.808000000000003,9.141,186.334,0
6282,86.2526,26.7315,0.2127,89.9297,76.6424,234.948,1
6283,66.8274,21.7998,0.1168,36.3902,7.5468,257.381,0
6284,34.3277,16.6392,0.1529,13.5345,16.762,198.937,0
6285,103.475,53.3928,0.0405,81.291,1.727,286.572,0
6286,92.7412,23.9243,0.09,56.2846,9.5101,186.465,0
6287,90.7973,19.278,0.1776,88.5302,3.75,157.047,0
6288,48.1296,26.4801,0.1196,-25.4663,0.688,215.285,0
6289,131.1632,33.058,0.0445,124.4038,7.5425,54.8115,1
6290,106.8495,30.4575,0.0692,118.0923,80.917,191.4655,1
6291,24.8408,14.8699,0.2678,20.3579,70.60600000000001,47.3296,0
6292,84.6951,17.7647,0.1236,74.9496,2.2374,256.469,0
6293,29.6153,8.6906,0.2901,19.6692,17.7295,192.495,1
6294,96.9929,31.5506,0.1046,49.7386,39.0835,247.85,1
6295,34.611,16.6761,0.2372,17.9349,0.9038,137.219,0
6296,47.2023,24.8736,0.1256,-25.6922,0.966,176.84400000000002,0
6297,74.9198,34.1336,0.0645,-24.0401,15.5248,238.683,0
6298,36.1281,11.0465,0.1772,30.0814,10.5725,139.436,0
6299,19.1463,16.2983,0.2494,17.8333,87.1479,50.0851,0
6300,73.6323,40.3975,0.0876,-21.261,46.2331,119.8672,1
6301,34.7762,8.0369,0.2867,-22.1504,21.3621,188.6778,1
6302,10.2416,7.872999999999999,0.4725,3.846,48.9221,265.2659,1
6303,156.5331,19.959,0.2796,89.5768,30.5091,210.5647,1
6304,66.9964,25.7797,0.1069,75.1109,3.197,172.90200000000002,0
6305,65.9726,40.4145,0.1368,-72.1374,18.0434,376.4744,1
6306,36.5972,13.5752,0.2204,18.7992,17.1332,187.177,0
6307,33.4218,20.3086,0.1611,-27.4016,16.54,188.322,0
6308,59.1733,30.5268,0.1045,20.0881,1.806,266.12,0
6309,60.6713,25.5656,0.228,33.9634,2.2138,82.8309,1
6310,133.16899999999998,23.7599,0.146,133.254,4.2004,238.259,0
6311,87.2384,27.935,0.1806,66.6867,4.4265,342.504,0
6312,61.1429,24.6071,0.115,56.1704,7.997999999999999,247.101,0
6313,192.673,94.1413,0.0998,-181.038,15.79,273.75,1
6314,31.4821,9.0996,0.3022,-21.1564,40.707,94.5825,1
6315,19.0796,9.9114,0.3004,8.4566,67.771,62.8114,0
6316,19.0626,16.0027,0.2911,-16.7702,85.4811,156.457,0
6317,174.725,119.746,0.0484,-135.138,46.165,194.063,1
6318,78.7314,32.7613,0.1042,51.2574,3.208,332.146,0
6319,110.58,37.6728,0.0764,86.7907,9.6984,249.128,0
6320,70.0322,30.2255,0.0929,48.4611,2.9360000000000004,294.746,0
6321,36.4006,10.9088,0.2247,-15.0649,0.0175,184.199,0
6322,26.4285,16.5979,0.2017,-12.436,1.0346,189.956,0
6323,231.336,44.1341,0.238,-170.845,2.321,304.608,1
6324,26.539,13.4578,0.2863,14.9775,15.4927,145.076,1
6325,90.6131,39.7622,0.0511,84.0704,0.8412,314.621,0
6326,199.802,29.3315,0.2099,190.353,40.5742,126.382,1
6327,35.9189,17.2552,0.1489,17.8174,2.7747,164.896,0
6328,20.6036,8.0127,0.436,-13.6162,35.442,83.7151,1
6329,13.3286,10.5157,0.4313,4.3614,76.331,189.484,0
6330,50.8879,21.0836,0.1217,34.0812,1.6086,197.139,0
6331,119.038,87.3235,0.0351,118.005,10.2255,94.0534,0
6332,83.9539,28.6568,0.0644,74.3635,5.285,221.993,0
6333,34.0329,15.1557,0.1659,-11.1368,15.139,132.43,0
6334,53.7292,16.0718,0.1499,39.5944,69.2793,148.031,1
6335,60.8125,38.9729,0.0677,47.2671,11.863,103.747,0
6336,23.7252,12.741,0.3229,-11.576,1.7,139.584,0
6337,34.7947,16.3028,0.1677,-27.7421,5.3643,213.628,0
6338,26.1968,12.2248,0.2675,-18.9298,11.7823,116.856,0
6339,27.5027,16.8125,0.1976,-13.4266,21.937,124.451,0
6340,79.2206,35.8989,0.0637,62.5374,8.264,181.652,0
6341,75.611,29.5493,0.1497,60.338,3.808,296.378,0
6342,73.9548,10.378,0.1523,43.2392,33.0408,176.7717,1
6343,16.9178,9.7218,0.4155,-9.1341,8.235,195.865,1
6344,40.6296,23.9963,0.1489,34.2698,6.1626,79.0171,0
6345,60.0403,22.9712,0.1054,44.3123,4.02,234.056,0
6346,92.7661,29.3315,0.0984,83.6648,0.1495,288.362,0
6347,76.1995,56.7805,0.1367,78.6567,86.7687,146.687,1
6348,16.2414,11.6275,0.3315,-5.9228,73.705,95.0327,1
6349,37.892,27.8928,0.1466,41.099,51.7504,186.859,1
6350,159.4413,79.4386,0.0353,110.5097,13.568,178.54,1
6351,192.852,75.9943,0.0646,-115.867,60.596,191.365,1
6352,58.9184,13.7941,0.1296,42.4801,52.8661,246.7104,1
6353,36.7172,23.8754,0.1215,23.4216,3.0427,86.714,0
6354,69.25399999999999,34.3016,0.1132,73.8184,24.9091,279.9318,1
6355,109.117,43.2606,0.0591,78.7224,1.164,287.191,0
6356,15.2647,5.8096,0.3281,7.7963,71.2641,248.9294,1
6357,25.4242,12.7598,0.2816,-13.2897,2.8656,98.6622,0
6358,33.9582,15.6826,0.2205,22.7188,4.042,168.67,0
6359,81.1926,34.7307,0.2558,-80.8553,23.6908,101.0234,1
6360,76.7069,33.2691,0.0884,56.3351,87.8069,134.4601,1
6361,113.469,52.1189,0.0967,-122.104,16.31,263.143,1
6362,149.445,87.2517,0.0179,-114.413,44.0915,242.466,1
6363,29.6088,14.9079,0.2123,-6.3267,6.737,261.384,0
6364,21.3376,0.0,0.4794,0.0,27.123,175.145,1
6365,157.3766,65.3196,0.0927,-161.9202,72.6454,157.122,1
6366,141.003,66.975,0.1141,156.047,48.632,156.006,1
6367,39.9634,8.7262,0.2351,-8.3608,56.4487,165.955,1
6368,20.9469,6.4102,0.5203,-17.1937,71.9164,20.4975,0
6369,41.8721,36.7148,0.102,-4.831,47.1688,107.252,1
6370,90.4744,34.7523,0.1113,52.5415,2.281,364.284,0
6371,64.3131,17.1774,0.2101,62.0226,6.749,33.7399,0
6372,19.7308,18.5745,0.2401,-18.3026,8.753,141.174,0
6373,13.0679,10.7972,0.4647,-4.3048,84.7088,273.66200000000003,0
6374,44.5422,26.3072,0.0819999999999999,-14.0598,67.7603,98.7475,0
6375,12.9851,11.1155,0.4346,6.6177,79.334,149.94799999999998,0
6376,36.6832,8.011000000000001,0.4471,27.7575,24.6982,198.9708,1
6377,85.54,37.1281,0.0879,61.082,70.2363,148.2932,1
6378,33.1272,20.3221,0.1766,20.7825,84.9179,193.4097,1
6379,110.1665,84.6968,0.0957,-95.633,18.3655,372.2293,1
6380,103.22,80.4596,0.0274,99.4003,22.0015,140.695,1
6381,36.9253,8.6527,0.2192,-24.2138,73.1853,245.8926,1
6382,69.4972,17.8122,0.0899,39.4999,85.3104,42.9956,1
6383,18.4797,9.5053,0.4476,14.6962,35.1643,240.942,1
6384,80.2647,60.9091,0.0885,-80.3272,21.0583,200.6006,1
6385,22.0774,9.6995,0.317,14.4567,20.4406,182.617,1
6386,50.5583,16.2167,0.2452,48.0472,87.5167,227.25,1
6387,32.916,19.0942,0.1176,15.8859,19.7462,161.263,0
6388,17.8317,10.1327,0.4405,7.9338,1.6673,235.4956,1
6389,27.866,13.812,0.2136,13.4421,20.874,166.63299999999998,0
6390,34.5434,10.6311,0.2272,7.9539,12.0162,151.214,0
6391,64.7015,16.5413,0.1312,38.4775,3.712,234.037,0
6392,12.654000000000002,11.7679,0.3613,5.5036,66.0814,213.987,0
6393,158.532,16.6652,0.3239,-122.173,6.672999999999999,340.767,0
6394,86.6115,18.3473,0.1414,87.6052,2.7047,272.883,0
6395,23.8461,19.2181,0.2009,17.3244,2.2880000000000003,107.604,0
6396,19.8721,6.8393,0.4664,14.9402,33.488,125.627,1
6397,101.142,37.8614,0.0605,75.5754,3.0978,306.068,0
6398,58.3776,30.9426,0.2181,49.1103,22.8748,301.6376,1
6399,19.6911,12.2685,0.2899,12.6455,73.4042,158.744,1
6400,58.482,29.5883,0.1843,38.1542,6.9794,276.1824,1
6401,18.2285,0.0,0.6296,4.6436,79.4702,158.554,1
6402,61.0809,11.3314,0.1866,25.7627,76.3962,61.8098,1
6403,21.5265,19.2545,0.3118,16.0471,3.88,78.0479,0
6404,71.2022,24.2213,0.1259,58.4799,3.0778,261.88,0
6405,24.0471,14.086,0.268,19.5702,31.0402,102.389,0
6406,87.7847,22.4011,0.1586,-44.7121,2.0092,368.684,0
6407,242.833,44.1927,0.1201,-261.873,65.3292,255.576,1
6408,20.4682,17.3386,0.4088,17.6107,46.2043,227.212,1
6409,117.0299,60.8685,0.0492,123.9062,57.1915,228.2022,1
6410,96.4553,33.856,0.0553,78.5425,1.7133,281.189,0
6411,24.4285,0.0,0.3756,12.9859,49.8852,135.89,0
6412,66.0494,19.0231,0.2707,45.4999,5.112,271.724,0
6413,114.6749,59.7652,0.0912,-76.7937,11.8423,387.2301,1
6414,33.3083,18.0903,0.2012,-19.2632,32.826,155.877,0
6415,34.8894,25.6879,0.2084,40.5478,17.2847,182.3265,1
6416,30.9451,16.7568,0.2523,20.8345,24.0,184.2445,1
6417,25.0135,14.523,0.2136,17.1475,4.9923,212.507,1
6418,149.749,82.5048,0.0301,-162.1227,20.6021,79.1121,1
6419,24.5963,0.0,0.4038,14.9811,25.78,179.21400000000003,0
6420,42.5871,21.5638,0.2108,37.6912,18.593,167.46900000000002,0
6421,195.667,63.7584,0.2375,-172.467,30.6207,195.1,1
6422,56.3758,19.6173,0.1215,41.4943,1.039,173.49599999999998,0
6423,22.3788,19.4966,0.2459,-16.6683,43.6657,53.7576,0
6424,33.5271,10.8784,0.1965,23.3556,41.94,133.618,1
6425,72.4377,23.4469,0.1827,25.0497,5.377999999999999,283.58,0
6426,21.9109,9.4128,0.5012,11.3575,66.4151,122.2868,1
6427,72.5484,25.1645,0.1654,9.2343,9.745,308.461,0
6428,56.8271,19.8059,0.1644,45.8035,47.7849,74.2929,1
6429,50.589,22.9554,0.3367,-52.5121,23.132,88.93700000000001,1
6430,53.2843,13.1071,0.2009,33.515,88.8151,38.8028,1
6431,110.664,24.0502,0.2437,129.332,70.3453,111.874,1
6432,117.091,67.4497,0.0928,75.98899999999999,2.2464,221.702,1
6433,22.5381,12.4647,0.3743,-15.589,40.1653,228.073,0
6434,111.923,20.6943,0.1315,122.498,3.3939,267.816,0
6435,20.2604,11.6848,0.2707,-8.9698,87.4325,127.027,1
6436,94.2957,77.9859,0.0811,25.2362,44.223,409.048,1
6437,76.7257,19.7924,0.122,58.2338,43.8784,194.0422,1
6438,71.5641,35.1044,0.0733,27.3206,31.499,170.245,1
6439,63.0082,26.638,0.0799,43.4272,57.8684,34.4071,1
6440,60.5815,17.7835,0.188,43.4581,6.0049,281.002,0
6441,18.4436,7.4467,0.4912,6.7794,88.0294,112.386,0
6442,141.2052,54.2402,0.0798,125.4523,44.8045,221.4339,1
6443,48.6307,22.8507,0.1191,42.1381,6.54,109.076,0
6444,18.6221,16.9562,0.2542,17.7186,48.202,234.447,0
6445,36.6443,20.9053,0.1301,26.9221,4.5447,133.012,0
6446,88.2119,23.793000000000003,0.1156,58.501000000000005,6.246,225.424,0
6447,57.7688,20.6811,0.1244,48.1948,6.944,206.165,0
6448,135.224,102.692,0.0316,-117.591,87.0056,347.847,1
6449,77.1568,21.9626,0.2075,50.9593,0.482,301.252,0
6450,21.7385,11.5237,0.2985,19.3702,14.2929,238.292,0
6451,75.8509,13.6915,0.2201,65.2814,13.2984,323.6263,1
6452,17.0422,11.0571,0.3503,-7.3054,11.4165,186.816,0
6453,17.9577,13.544,0.2531,8.2243,19.4055,201.0772,1
6454,28.6367,15.9811,0.2331,16.8384,2.3458,127.406,0
6455,17.8258,17.0974,0.2851,4.3708,14.939,154.519,1
6456,30.5049,13.8837,0.185,32.2313,28.3995,260.4674,1
6457,33.1934,10.4132,0.2088,17.3502,60.397,204.423,1
6458,67.3236,49.5819,0.0583,-23.886,14.071,190.174,0
6459,113.1932,27.9581,0.0646,24.7093,78.8838,122.9409,1
6460,55.0916,11.2901,0.2237,51.1406,21.211,228.037,1
6461,92.7671,37.8378,0.1334,-69.5143,21.2348,164.9853,1
6462,33.2254,18.7249,0.1643,-13.9319,24.253,104.861,1
6463,14.2275,7.3503,0.2716,10.1085,64.3755,36.6748,1
6464,19.7069,18.1235,0.3148,16.2822,46.1416,138.787,0
6465,31.0309,8.2536,0.2547,-16.7236,21.014,92.7866,0
6466,40.1407,23.6802,0.1132,25.1985,17.364,137.303,0
6467,21.1512,6.3785,0.4315,20.9552,21.4831,164.4435,1
6468,130.6805,95.6781,0.0438,-179.9573,75.7037,233.3462,1
6469,40.9056,26.0592,0.1479,32.2895,12.9253,145.811,0
6470,24.2438,15.906,0.2661,36.2131,45.4182,250.9381,1
6471,51.2908,11.6119,0.1503,50.5144,8.644,224.345,0
6472,26.968000000000004,8.7522,0.3681,4.2209,29.6483,102.8279,1
6473,289.856,160.32399999999998,0.0456,-121.901,16.4804,33.2553,1
6474,53.3331,21.4744,0.1208,23.5127,13.565,248.333,1
6475,125.8656,27.6203,0.1239,75.093,18.2276,264.7772,1
6476,49.7299,14.6063,0.1454,19.0625,20.6373,64.0915,1
6477,81.2317,32.2546,0.0893,66.9446,4.155,295.38,0
6478,23.3346,11.8139,0.2631,-10.2705,2.7921,178.486,0
6479,23.837,15.2526,0.2335,-17.3233,3.0071,98.0224,1
6480,123.472,25.8712,0.1639999999999999,47.8486,10.0505,288.346,1
6481,20.8527,10.668,0.3163,-17.1923,85.4703,102.541,0
6482,12.3479,12.1428,0.3429999999999999,9.4667,3.4985,91.8413,1
6483,56.1591,13.6759,0.1303,27.6214,73.7683,257.27,1
6484,30.3643,15.9579,0.2142,-17.9111,38.8507,170.1106,1
6485,18.7103,14.6184,0.2883,-17.8785,61.7061,213.428,1
6486,203.9612,57.2806,0.1218,-167.3541,68.0438,240.1917,1
6487,92.4803,18.1934,0.1936,68.4831,29.1019,134.9984,1
6488,19.9609,10.8728,0.3325,17.3875,9.768,190.531,0
6489,21.5333,5.5628,0.5579,11.9547,3.3983,183.9921,1
6490,40.2542,12.4191,0.2018,19.9151,44.905,257.732,1
6491,207.617,62.3419,0.0601,-138.922,6.381,218.13,1
6492,42.7252,14.6429,0.2225,23.166,1.5,191.31,0
6493,10.5046,9.0132,0.3293,10.3285,69.4158,150.3847,1
6494,22.8297,16.87,0.2177,10.8128,60.0278,182.35,1
6495,36.2836,17.3307,0.178,22.2398,24.191,148.56799999999998,0
6496,28.6202,11.9579,0.2657,17.2356,26.307,130.79,1
6497,72.6459,23.2236,0.0771,41.3896,5.284,229.022,0
6498,35.4211,15.4772,0.2063,26.083,8.507,180.07299999999998,0
6499,164.69099999999997,119.621,0.0178,-145.252,14.9677,172.842,1
6500,34.0626,12.306,0.2776,14.8716,24.444000000000003,126.229,0
6501,19.4335,16.7343,0.2714,14.5431,82.9906,140.255,1
6502,95.598,31.8116,0.1827,-54.7908,4.36,286.971,0
6503,23.1808,20.7163,0.2376,20.809,1.8065,66.2045,0
6504,58.8381,21.5346,0.1462,41.5789,2.1164,246.049,0
6505,39.7738,19.9736,0.1945,25.5619,3.2880000000000003,154.049,0
6506,116.6896,71.7364,0.1018,-56.2652,71.8786,322.775,1
6507,34.4505,9.7234,0.2859,31.0299,14.824000000000002,141.014,0
6508,108.6,51.6088,0.0325,82.0186,0.013,291.73900000000003,0
6509,46.7619,15.1993,0.1913,43.8771,7.875,102.251,0
6510,26.564,13.2097,0.2744,-15.1212,37.7264,178.868,0
6511,38.7351,18.8849,0.2017,14.4767,46.1055,63.1639,1
6512,148.9539,59.0483,0.0735,109.8846,17.6832,209.8302,1
6513,30.0924,8.2492,0.2896,18.4689,29.8227,127.261,0
6514,47.5599,16.8144,0.1749,-31.7849,32.6342,228.8011,1
6515,258.9368,65.6344,0.0265,-232.5622,48.3402,211.3593,1
6516,22.3702,6.5662,0.3783,-6.7126,31.77,276.06,0
6517,24.6688,20.0879,0.2289999999999999,22.3275,2.713,235.57,1
6518,111.755,50.1502,0.0651,114.566,8.427999999999999,177.43099999999998,0
6519,27.3536,22.6607,0.1756,-18.2486,79.061,194.565,1
6520,36.0926,9.6575,0.2611,26.6628,15.5661,273.519,0
6521,37.2863,13.0904,0.1763,-28.6591,9.941,218.436,0
6522,21.3875,16.9618,0.2182,-13.2942,0.8245,194.478,0
6523,12.9752,11.1326,0.4343,-6.7709,66.9514,111.267,1
6524,51.8347,21.8805,0.2336,46.2408,82.3931,216.224,1
6525,15.5072,6.8242,0.3586,9.3832,57.2055,221.0643,1
6526,43.54,27.0571,0.1708,37.9593,26.3532,259.572,1
6527,217.837,39.323,0.1458,132.336,42.682,244.432,1
6528,87.4239,33.5032,0.053,86.4079,0.2731,205.141,0
6529,28.1919,20.8982,0.1563,13.0192,80.2551,103.138,0
6530,27.7556,16.6947,0.1683,5.9987,12.166,171.238,0
6531,18.9008,12.5431,0.2854,-12.9466,53.2854,100.924,1
6532,104.154,29.1772,0.0695,-54.3626,17.622,189.833,0
6533,61.5007,14.8548,0.1055,21.4362,69.3544,258.72,1
6534,49.8004,35.9321,0.1803,-54.698,10.089,225.202,1
6535,40.5134,13.4707,0.2236,22.5715,0.5263,156.262,0
6536,95.4305,56.6159,0.1102,83.5842,48.4131,333.0607,1
6537,40.6978,30.7397,0.0805,25.9621,7.8862,127.078,0
6538,116.4727,71.9712,0.0424,67.9471,60.3617,230.9553,1
6539,113.158,81.1101,0.0586,74.2109,77.0,292.425,1
6540,43.4412,16.903,0.1206,27.947,4.149,190.33900000000003,0
6541,34.3508,12.9215,0.2022,24.0569,3.013,198.518,0
6542,65.2483,27.0474,0.1254,61.5653,7.5304,185.25,0
6543,33.1141,24.2276,0.1922,22.7668,47.7302,81.4037,0
6544,155.142,36.1391,0.1061,161.03,64.105,224.083,1
6545,38.1364,18.336,0.1469,20.9361,10.124,192.834,0
6546,41.8946,30.85,0.0819999999999999,31.829,33.757,109.631,0
6547,20.6238,12.7867,0.2791,9.7066,4.327,196.897,0
6548,25.9112,19.1215,0.2687,-15.3223,9.985,182.179,0
6549,90.092,11.9871,0.2072,26.4956,56.827,110.853,1
6550,169.19,37.6687,0.1302,-111.994,31.857,191.135,1
6551,20.8078,9.3088,0.2626,-13.4763,17.3155,233.0619,1
6552,19.229,7.4513,0.4506,6.7355,15.253,159.424,1
6553,32.2429,8.3502,0.3227,27.9491,66.8429,170.2377,1
6554,20.1855,16.2878,0.2431,-16.8099,65.8,180.161,0
6555,76.1336,23.7964,0.1125,57.4564,0.5748,265.939,0
6556,118.532,26.8224,0.1947,-107.423,27.942,347.22900000000004,1
6557,22.9384,16.139,0.3416,20.6708,56.2369,217.072,0
6558,70.805,11.3047,0.1863,47.0624,19.4683,188.302,1
6559,80.1881,28.3893,0.1034,81.9483,19.3195,258.53700000000003,0
6560,31.5085,15.3958,0.2569,-24.6519,20.8552,182.597,0
6561,165.576,94.4208,0.0204,19.9567,16.1094,174.916,1
6562,120.9224,71.0392,0.0901,-141.1602,21.4663,399.0409,1
6563,34.4975,17.3036,0.1775,11.4106,19.356,214.45,0
6564,204.7281,60.6826,0.0664,182.4354,58.3028,216.1004,1
6565,37.9612,10.8222,0.217,-23.9517,66.2653,114.3848,1
6566,89.1214,17.5649,0.1904,75.4707,59.553,66.2239,1
6567,36.1823,18.2914,0.1991,16.0574,73.5459,75.9306,1
6568,35.0315,20.7835,0.161,-27.423,22.751,224.361,0
6569,41.0855,22.6806,0.1258,10.8967,8.0235,145.532,0
6570,88.4182,21.1515,0.1066,-24.3149,75.3651,219.1073,1
6571,50.5395,22.1788,0.1464,33.5769,8.5216,257.041,0
6572,44.1911,16.6013,0.1695,36.7431,8.469,195.022,0
6573,31.7329,15.9541,0.2058,-16.8838,7.755,152.18200000000002,0
6574,19.9642,9.4513,0.3159,8.0911,49.037,37.8255,0
6575,84.0531,23.9536,0.1393,49.5898,3.131,302.937,0
6576,117.4069,35.9476,0.0584,132.2234,37.1347,152.8398,1
6577,66.0574,23.4257,0.1234,37.3598,11.302,281.62,0
6578,69.76899999999999,25.3915,0.0758,45.7923,0.4249,230.527,0
6579,60.0089,14.465,0.2172,41.2934,1.388,283.481,0
6580,20.0833,15.4987,0.2495,18.2534,20.6196,96.7668,0
6581,117.749,33.2446,0.0806,129.93200000000002,2.582,188.983,0
6582,22.4253,0.0019,0.4316,-0.001,35.988,224.75,0
6583,178.3478,51.8335,0.173,-112.2758,38.8303,200.6793,1
6584,24.3894,9.4478,0.3334,-20.0852,62.7012,164.8975,1
6585,17.7784,10.5071,0.3593,7.3963,40.5917,232.614,1
6586,41.4364,8.2403,0.2293,25.0112,14.433,166.898,1
6587,177.18200000000002,73.0625,0.1233,-118.034,2.116,355.587,1
6588,42.9701,21.134,0.1078,25.2125,0.501,173.205,0
6589,72.7908,23.7428,0.0903,74.514,4.2311,202.542,0
6590,310.61,47.5318,0.1256,-171.812,43.9871,160.191,1
6591,33.7439,17.0712,0.2053,-19.1869,15.8654,162.56,0
6592,58.1856,19.9622,0.1261,-39.5546,9.3331,217.983,0
6593,26.6398,20.9653,0.1735,8.4823,71.4016,55.3018,1
6594,26.7282,20.8685,0.225,13.6701,15.5872,132.8926,1
6595,25.2942,9.5862,0.2657,22.3986,37.1494,133.2073,1
6596,23.697,18.1577,0.2464,19.2028,32.725,126.365,0
6597,61.9045,35.1266,0.0765,47.4556,17.4836,276.5422,1
6598,76.2439,30.8861,0.1305,35.6813,30.0175,257.5309,1
6599,42.0531,11.5287,0.1637,32.9873,8.7922,217.522,0
6600,29.9576,14.4692,0.2388,22.4288,7.8241,138.46200000000002,0
6601,31.1767,2.6499,0.3204,17.88,26.4212,134.3067,1
6602,108.8346,26.4051,0.1531,116.1159,44.04,305.4307,1
6603,75.4335,24.8016,0.1723,-53.5001,0.298,301.215,0
6604,46.5394,20.4341,0.1056,21.1884,7.146,179.398,0
6605,30.6493,10.7207,0.2196,-27.2168,31.5454,181.6588,1
6606,12.7087,11.6678,0.3891,8.9437,46.283,106.835,0
6607,96.8163,31.2378,0.1573,-52.7944,0.192,398.806,0
6608,26.0623,11.3865,0.2785,-9.9723,33.861,278.076,0
6609,19.1802,16.9497,0.2183,-26.1325,48.5733,22.7596,1
6610,77.9995,33.1959,0.1349,-50.7276,23.549,301.746,1
6611,20.4809,10.3726,0.3212,22.8794,84.7118,206.0901,1
6612,31.0619,11.6274,0.2403,7.6668,22.822,128.797,0
6613,25.9462,5.9566,0.4677,5.6947,14.9896,145.4616,1
6614,81.6644,21.9124,0.2555,-66.7009,3.883,287.79400000000004,0
6615,19.0295,9.3176,0.362,8.9353,25.9104,202.922,1
6616,33.1995,10.5032,0.2334,-12.7121,3.651,220.918,0
6617,76.8048,9.1501,0.2565,-75.643,4.8437,161.849,0
6618,91.3695,49.0157,0.0449,92.4796,1.9148,179.313,0
6619,32.0543,12.6029,0.1747,-8.8437,16.233,179.799,1
6620,22.0777,14.9281,0.2266,9.8719,24.0431,245.947,1
6621,58.6083,27.0816,0.1262,47.4135,0.5579999999999999,265.44,0
6622,25.1234,15.3656,0.2593,-5.4408,31.6991,123.588,0
6623,89.9267,38.6728,0.0979,37.7896,0.42,400.619,0
6624,21.0379,12.3581,0.2762,13.6431,16.1552,185.547,0
6625,50.1987,27.2441,0.2326,20.2914,21.9175,345.3173,1
6626,76.7351,46.0491,0.0627,72.7808,2.1935,189.5165,1
6627,135.4751,41.3156,0.1722,105.3403,37.2856,332.2504,1
6628,34.3559,15.9664,0.2087,-30.3497,3.198,105.392,0
6629,139.725,27.6111,0.0946,86.5908,27.581,130.965,1
6630,97.0232,27.7519,0.1961,58.1563,2.8669,343.473,0
6631,102.866,72.815,0.0906,-80.3948,49.218,351.11800000000005,1
6632,37.802,18.8904,0.5162,24.0503,62.565,372.3130000000001,1
6633,19.7768,11.367,0.4537,-14.1178,65.002,240.194,1
6634,22.2809,10.2002,0.3049,22.9996,22.4196,79.0676,1
6635,71.967,35.066,0.0959,52.2989,6.811,283.67900000000003,0
6636,125.394,56.5926,0.0295,114.295,3.6010000000000004,198.601,0
6637,16.6377,7.7951,0.387,-12.7069,44.6803,114.007,1
6638,20.6602,9.4829,0.3013,-18.5964,84.4428,188.0174,1
6639,28.3794,0.0,0.4371,20.4291,56.4812,124.652,1
6640,18.6126,11.977,0.3171,25.9387,12.3708,42.6167,1
6641,77.4731,21.0037,0.1168,43.6268,4.2330000000000005,253.606,0
6642,41.1069,11.8791,0.3371,-22.7481,48.1747,178.4784,1
6643,44.3788,14.3154,0.2825,36.0734,60.4565,162.1778,1
6644,40.0726,9.6414,0.1958,27.4033,15.5932,188.699,1
6645,51.6785,25.5782,0.1023,37.5168,1.8934,236.85,0
6646,64.081,27.2533,0.0902,52.3899,3.2298,210.612,0
6647,22.0289,12.2913,0.2892,15.4486,26.823,192.382,0
6648,28.212,16.2969,0.1626,-20.8862,10.7703,255.264,0
6649,143.47,54.3127,0.0453,-40.2249,2.037,282.608,1
6650,21.7835,12.9429,0.4227,20.4546,33.4663,266.9981,1
6651,37.598,19.7521,0.1306,15.8218,19.158,155.814,0
6652,44.5562,18.617,0.1701,22.7598,17.2162,279.399,0
6653,32.6685,11.9,0.2095,-35.5266,40.8331,164.8638,1
6654,27.4983,9.0768,0.2118,30.3557,88.2535,153.7867,1
6655,104.0106,55.2736,0.1305,-107.6994,2.9542,137.6921,1
6656,39.3534,18.6073,0.1359,-18.5252,3.759,190.377,0
6657,16.3018,11.3133,0.3939,4.8846,76.9479,198.759,0
6658,93.9699,21.1061,0.1019,108.612,4.4256,254.857,0
6659,12.8974,11.2377,0.4373,8.0007,67.4932,204.762,1
6660,72.7691,31.4427,0.0812,60.4412,0.7859,249.506,0
6661,19.1976,12.3082,0.2832,-15.1078,82.6319,235.0001,1
6662,96.5421,40.3366,0.0885,60.6116,14.594,250.817,0
6663,80.2462,32.6767,0.1678,-94.1301,76.528,194.025,1
6664,46.6814,19.0874,0.1874,14.8639,77.979,101.636,1
6665,21.0102,12.7452,0.2261,9.423,2.0958,165.64,0
6666,134.3812,66.5796,0.0382,-118.744,43.8367,298.7103,1
6667,27.6894,10.2978,0.3012,20.323,87.6204,165.452,0
6668,52.0388,18.2574,0.1348,50.9938,13.2931,118.554,0
6669,150.048,35.0576,0.2221,-186.429,41.7861,5.5449,1
6670,25.4615,3.8234,0.3595,1.3408,2.1818,170.5963,1
6671,71.3956,22.5761,0.1106,70.1656,9.8874,216.043,0
6672,30.2816,0.0,0.3173,0.0,77.0283,231.484,0
6673,21.891,6.8045,0.3633,-6.672000000000001,35.1373,96.1175,0
6674,14.4823,9.7655,0.3607,13.1163,42.7294,70.4155,1
6675,65.7938,25.0718,0.0699,45.7745,1.8622,197.087,0
6676,86.2691,27.2268,0.1124,99.861,4.8363,263.009,0
6677,87.9463,55.4915,0.0818,-108.63,89.67200000000001,105.067,1
6678,58.8122,21.2939,0.205,33.4102,1.4238,308.222,0
6679,141.967,51.2485,0.1273,103.076,47.14,274.685,1
6680,38.0433,25.083,0.1239,25.6803,0.4688,166.196,0
6681,74.1988,33.6141,0.0755,46.2004,83.5048,194.7395,1
6682,132.313,68.7357,0.1754,173.067,85.6332,281.961,1
6683,121.9922,49.4191,0.1374,41.9003,12.9456,327.1798,1
6684,16.1728,8.3216,0.5297,5.7161,81.6645,138.80200000000002,1
6685,50.4857,20.4715,0.1578,-20.6365,8.648,267.817,0
6686,35.7518,24.4487,0.1222,14.6153,15.4842,200.751,0
6687,23.435,10.8425,0.2845,18.3315,57.169,159.18200000000002,0
6688,92.6569,37.3543,0.0757,65.9078,0.212,309.845,0
6689,50.8322,24.6663,0.1286,-35.6601,0.8170000000000001,226.644,0
6690,22.7903,9.9419,0.3107,-18.0333,5.0165,155.096,0
6691,32.1797,18.3351,0.2183,23.6439,2.5841,186.549,0
6692,87.306,32.0081,0.0833,79.2416,1.3293,294.466,0
6693,52.5325,9.7058,0.1981,35.7718,35.3583,178.482,1
6694,239.4684,63.4614,0.0539,-256.075,83.7129,258.443,1
6695,22.014,16.4877,0.2246,-15.2749,17.1919,91.2358,0
6696,22.0959,6.646,0.4068,-11.7155,13.3891,163.27700000000002,0
6697,105.0651,52.5524,0.1619,78.8397,33.9023,233.911,1
6698,13.0447,11.1348,0.3995,4.6115,25.658,140.29399999999998,0
6699,77.6049,18.3815,0.143,43.3979,4.328,263.572,0
6700,34.8906,15.7072,0.1938,-12.6514,89.792,222.469,1
6701,30.867,17.4745,0.1669,-14.1508,15.939,180.072,0
6702,20.2318,15.8402,0.2274,10.165,78.633,161.134,0
6703,136.471,65.1777,0.1869,-91.4502,65.22,261.173,1
6704,57.1546,39.0976,0.2195,69.9925,13.062,60.0663,1
6705,137.267,77.1084,0.0498,-150.795,8.8,320.047,1
6706,55.732,14.3207,0.3167,47.0535,3.4037,220.98,0
6707,21.0856,12.1771,0.2505,-10.1415,4.209,179.37,0
6708,63.6221,19.8789,0.1417,-40.1622,18.4513,174.6495,1
6709,21.7305,6.5065,0.4717,15.6,79.5842,155.29,0
6710,20.8126,6.0469,0.5726,18.6435,49.2261,59.3725,0
6711,22.015,6.5920000000000005,0.4327,13.5859,49.8198,119.954,0
6712,48.0649,6.4926,0.355,-11.5578,12.5969,256.029,0
6713,42.2747,22.156,0.1415,26.1845,21.6547,212.249,0
6714,31.6903,12.4005,0.2716,11.6783,80.1735,201.3235,1
6715,91.718,75.6788,0.1247,59.6146,53.5527,302.103,1
6716,46.0588,18.787,0.1504,34.1066,8.686,180.783,0
6717,16.9577,11.2403,0.326,-7.0445,49.1001,41.8865,0
6718,68.5314,48.0582,0.1172,75.46600000000001,28.5947,273.3442,1
6719,83.4711,17.4018,0.1638,53.7914,39.472,245.48,1
6720,35.0623,11.0319,0.2344,-22.7434,6.546,154.195,0
6721,20.4962,7.2066,0.3696,10.5577,58.679,137.123,0
6722,50.8677,16.8387,0.1353,47.7154,9.6532,250.947,0
6723,20.5613,15.2792,0.2632,-16.4967,59.2812,181.33,0
6724,29.7872,10.9194,0.2636,16.9527,53.6127,194.8854,1
6725,38.9227,11.6441,0.3323,31.4526,8.727,163.378,1
6726,109.433,44.3273,0.0426,81.627,4.4983,292.97,0
6727,17.0991,12.2582,0.5,-8.9509,15.4847,132.504,1
6728,96.3755,31.3902,0.1376,61.0636,9.782,307.321,0
6729,70.9121,14.6773,0.1784,69.7887,0.5949,211.786,0
6730,27.1642,11.8179,0.3281,-23.5807,15.5513,184.676,1
6731,69.5501,24.6282,0.1052,66.0273,9.3943,241.037,0
6732,51.2309,16.2157,0.2124,16.2625,10.5101,172.602,0
6733,124.497,71.6435,0.0387,-62.6969,47.6645,176.671,1
6734,81.2583,35.44,0.1206,-41.4465,0.5417,371.477,0
6735,58.8826,11.747,0.1595,-41.6244,8.76,64.6417,1
6736,21.2638,12.3586,0.2603,-10.1312,10.85,158.968,0
6737,97.6582,42.843,0.0825,72.7538,82.4967,225.852,1
6738,86.6281,58.2808,0.0931,50.1851,20.899,342.361,1
6739,54.4517,19.5614,0.261,33.958,23.702,268.332,1
6740,17.725,7.4803,0.5344,2.2463,33.97,252.016,0
6741,37.1336,11.9656,0.2705,-18.2535,74.435,146.8673,1
6742,21.5294,15.7955,0.228,11.2833,5.343,69.319,0
6743,100.019,46.5272,0.1905,-102.574,26.489,405.539,1
6744,14.7254,14.4369,0.2623,30.1935,87.072,214.4256,1
6745,18.1938,12.0311,0.3884,-9.6578,7.6823,63.5566,0
6746,33.5349,13.7973,0.1803,17.9121,7.815,107.398,0
6747,16.0751,10.6462,0.446,-19.6163,61.6768,214.9457,1
6748,106.3012,58.4718,0.0942,103.0091,67.7405,265.936,1
6749,47.1049,11.2182,0.1915,15.7807,70.5317,58.9963,1
6750,187.087,119.302,0.0909,-141.27200000000002,69.707,334.166,1
6751,24.6806,8.6975,0.3561,-1.2235,52.8162,91.6836,1
6752,123.7626,91.9404,0.0382,-50.1655,51.9655,375.1035,1
6753,25.6509,7.4142,0.3923,8.4259,15.7881,144.276,0
6754,43.394,14.3798,0.1893,34.0807,13.603,121.477,0
6755,39.006,22.8505,0.1194,22.693,9.087,127.266,0
6756,55.0515,21.6212,0.1949,38.2594,77.2908,207.4532,1
6757,31.9789,16.2532,0.1801,-11.0711,15.3064,166.687,0
6758,29.8518,17.3653,0.1655,17.9964,4.524,213.752,0
6759,18.7082,10.0778,0.3324,10.8019,37.4141,124.432,0
6760,40.9342,14.3625,0.2154,6.9510000000000005,0.3939999999999999,161.464,0
6761,25.2166,11.0266,0.3276,4.478,71.0579,88.1776,1
6762,212.74400000000003,43.2242,0.0687,-197.663,30.698,243.752,1
6763,51.264,22.1306,0.115,44.5544,10.649,198.327,0
6764,64.7936,20.0296,0.1375,41.5569,25.823,282.647,1
6765,52.5477,20.8973,0.2429,37.5718,21.5382,346.315,0
6766,49.0906,13.5019,0.1716,40.9727,79.89699999999999,137.44,1
6767,60.7813,29.743,0.0767,35.8867,66.0307,86.0362,0
6768,177.77700000000002,52.0415,0.1864,-150.737,37.2821,313.671,1
6769,73.334,25.3116,0.0914,-30.1416,8.8123,201.984,0
6770,91.7756,29.917,0.1224,74.6589,2.4654,283.401,0
6771,43.515,14.3182,0.1846,37.9256,4.1022,273.148,0
6772,15.0914,12.6878,0.3668,19.6686,42.7974,128.2509,1
6773,173.912,106.107,0.0433,-131.019,87.7033,371.0,1
6774,19.4695,11.300999999999998,0.369,2.3599,8.4896,167.0855,1
6775,74.6627,20.9771,0.1581,39.3556,42.2232,25.2889,1
6776,82.7868,30.0257,0.1408,52.992,24.9283,333.9209,1
6777,12.6472,11.7739,0.3695,7.6167,5.88,171.3,0
6778,50.74100000000001,36.7379,0.0678,39.5033,18.85,135.605,0
6779,38.5551,11.2822,0.1893,11.4876,17.979,206.465,0
6780,75.0465,22.0343,0.1229,62.2713,7.7575,276.47,0
6781,43.9505,21.4257,0.1335,30.7634,15.136,253.227,1
6782,33.2576,25.5058,0.1246,22.892,27.256,158.752,0
6783,108.6269,24.5233,0.1442,81.1016,15.2362,340.2056,1
6784,45.6321,22.71,0.1215,-20.6427,0.3822,178.255,0
6785,222.418,14.5959,0.1408,216.985,16.884,110.643,1
6786,47.2834,29.8914,0.1132,45.4149,18.205,256.80400000000003,0
6787,48.1086,10.0532,0.2078,-30.044,4.7215,127.071,0
6788,57.1113,21.3398,0.1646,46.9964,1.3430000000000002,171.015,0
6789,55.5756,21.8339,0.1763,30.4735,2.858,261.157,0
6790,37.3466,17.7142,0.1399,-30.3696,15.638,113.718,0
6791,22.075,0.0028,0.4575,-8.1793,8.897,167.993,0
6792,23.5333,22.3093,0.2584,39.3143,78.9234,142.2549,1
6793,31.0945,10.6336,0.3433,27.6124,62.312,208.547,1
6794,18.6657,10.268,0.3101,-9.7051,71.559,93.2711,1
6795,39.0068,11.0921,0.3623,40.9484,47.2775,189.1251,1
6796,17.0996,10.866,0.3339,10.4594,55.8099,35.8549,1
6797,119.0819,22.7248,0.1333,53.6097,42.2964,271.6877,1
6798,88.781,26.3649,0.0918,69.3623,83.14299999999999,165.895,1
6799,100.038,57.3927,0.0481,67.0984,2.931,333.991,0
6800,28.3152,21.0867,0.2225,14.0256,80.8764,312.2489,1
6801,23.9329,9.9603,0.3229999999999999,18.2429,8.5828,145.832,0
6802,21.7447,14.2619,0.3448,10.7121,38.5152,231.7017,1
6803,15.8755,9.5599,0.5467,16.4719,43.4335,241.9764,1
6804,148.7419,53.307,0.0599,92.7437,44.1909,244.6554,1
6805,56.3397,10.6337,0.1867,34.4433,18.458,94.5246,1
6806,26.3646,18.6624,0.1987,-16.3674,62.848,224.101,0
6807,84.9243,31.0807,0.1758,-31.4359,2.532,345.583,0
6808,21.9669,5.5556,0.3896,5.4385,69.1463,135.6443,1
6809,16.7909,11.4284,0.3109,-4.0309,15.7723,162.458,0
6810,108.4736,65.7689,0.1562,-79.4807,31.9332,366.395,1
6811,25.3405,24.9371,0.216,-35.9311,14.1207,103.2957,1
6812,38.7641,20.0218,0.1543,-21.701,19.7802,136.965,1
6813,58.1697,23.8012,0.111,57.9644,15.8268,188.191,0
6814,254.2102,44.5917,0.2773,106.5271,1.9568,86.1728,1
6815,119.6872,49.1045,0.0488,-121.4758,37.48,251.1602,1
6816,56.6734,13.6681,0.1939999999999999,-34.9987,7.2332,255.548,0
6817,94.7591,34.3084,0.0609,57.7795,6.005,243.483,0
6818,26.7383,24.5031,0.1291,-21.9364,33.424,221.105,0
6819,107.484,13.3418,0.2601,42.0923,1.759,278.108,0
6820,12.8768,11.4371,0.3765,-4.5621,17.359,95.5684,0
6821,59.5101,20.1009,0.123,47.0708,5.6618,218.038,0
6822,41.1297,14.1661,0.2337,23.5052,6.0359,162.968,0
6823,126.076,74.85,0.0555,85.0657,16.1181,286.704,1
6824,133.86,32.3068,0.1927,-153.423,1.759,55.1647,1
6825,50.2766,17.6431,0.1593,50.2161,2.6069,220.793,1
6826,37.5487,14.6855,0.3294,33.0134,45.9009,240.2675,1
6827,29.3655,10.6451,0.2898,27.2228,46.1961,105.0983,1
6828,48.5199,13.6503,0.2346,41.2817,14.583,124.931,0
6829,12.7287,11.6346,0.3921,-8.8394,24.009,179.90099999999998,0
6830,20.7885,12.2333,0.2781,-28.2044,16.1131,230.8189,1
6831,41.0271,31.7545,0.1423,32.626,60.962,118.56,0
6832,58.1746,22.3844,0.0967,38.4787,14.438,98.5945,0
6833,22.0672,12.6997,0.2528,11.1048,52.585,195.671,1
6834,85.2941,79.5291,0.1476,47.4467,89.2721,423.917,1
6835,13.9498,11.2494,0.496,-6.5713,30.9788,228.6092,1
6836,75.6877,16.5181,0.1157,49.0993,6.228,248.181,0
6837,127.481,37.247,0.0519,134.93,55.7671,149.262,1
6838,21.0994,16.8854,0.2764,10.3481,20.0749,94.0073,0
6839,44.6155,27.4279,0.0784,21.7265,13.107,163.96599999999998,0
6840,39.7844,30.5569,0.1231,35.1345,3.374,73.2469,0
6841,22.1163,11.7165,0.2591,11.1157,2.0777,208.346,0
6842,38.3944,13.8512,0.2529,11.945,2.491,226.528,0
6843,34.9601,19.0829,0.1212,22.8122,13.057,143.809,0
6844,23.3581,12.9936,0.3426,15.7783,23.5901,144.578,1
6845,52.4436,18.3778,0.1088,-43.9999,3.3763,182.35,0
6846,68.5255,35.0039,0.1287,-58.5607,4.985,241.603,1
6847,128.3255,41.6036,0.1427,-91.4426,11.1494,310.3647,1
6848,20.8382,10.2682,0.3356,-15.9238,86.8812,222.986,1
6849,30.2441,25.8384,0.1492,-32.5838,75.1662,215.265,0
6850,55.8038,19.5462,0.2008,-57.7074,80.3933,167.38299999999998,1
6851,40.8706,21.7144,0.1174,32.3028,5.528,164.08599999999998,0
6852,25.0274,10.3526,0.2524,-4.5641,64.0517,202.36900000000003,1
6853,65.4492,27.3974,0.1092,48.282,2.3040000000000003,245.647,0
6854,24.226,18.1064,0.1997,-13.5556,2.572,223.795,0
6855,103.1581,47.93,0.1473,76.5977,71.4888,283.0614,1
6856,16.9818,14.9461,0.4261,-13.1519,51.0269,226.682,0
6857,83.3455,18.5871,0.2837,-64.8864,12.911,284.652,0
6858,250.088,45.9908,0.0495,-206.378,82.2326,43.3838,1
6859,114.4721,33.2603,0.1418,-70.6218,42.1084,334.0368,1
6860,18.8065,12.8227,0.3016,13.504,36.1365,133.69799999999998,0
6861,55.3893,24.3116,0.1183,45.8417,1.5204,156.563,0
6862,50.6281,19.6337,0.1264,-47.8002,33.7832,91.0928,0
6863,55.3627,13.3122,0.1618,46.3336,10.6662,233.857,0
6864,47.0181,16.2809,0.1775,32.2463,5.59,197.979,0
6865,22.8019,0.0,0.4185,0.0,12.199000000000002,79.7426,1
6866,78.4084,22.6877,0.271,-32.7912,5.6934,327.214,0
6867,34.9205,15.9621,0.1762,11.8249,9.59,154.71200000000002,0
6868,80.0204,23.7331,0.2227,54.3527,1.824,276.127,0
6869,83.5628,25.5676,0.133,66.6702,9.311,302.457,0
6870,45.0049,18.6284,0.1396,31.2092,9.235,238.102,0
6871,120.875,33.2444,0.1975,-95.5569,20.8784,344.351,1
6872,30.0267,7.8969,0.4506,14.941,65.6256,90.3035,1
6873,22.9102,15.7621,0.3047,20.4585,25.715,212.126,0
6874,19.1347,10.1009,0.3052,-8.913,5.5012,158.267,0
6875,23.8048,12.3687,0.3513,-10.3179,4.708,238.974,0
6876,28.6908,19.3006,0.1683,18.5184,39.0498,119.789,0
6877,36.6722,17.6948,0.1677,30.441,2.1511,135.317,0
6878,22.08,12.6128,0.2688,-5.4348,9.168,242.705,0
6879,117.16,21.5912,0.1665,-73.3775,0.181,324.714,0
6880,97.0464,12.2902,0.1491,84.5137,30.297,231.445,0
6881,21.3047,6.9613,0.3901,11.6434,82.8039,245.893,0
6882,92.4333,28.7214,0.2086,-93.9161,22.5175,221.169,1
6883,96.3594,54.1355,0.1035,-83.1049,0.102,337.661,0
6884,65.6077,21.9075,0.1056,67.8894,10.6894,224.172,0
6885,42.8666,10.6013,0.239,32.091,14.2532,164.487,1
6886,44.3851,30.6704,0.2668,11.208,20.0643,327.1,1
6887,36.9465,18.2425,0.183,-19.7029,10.9128,199.445,0
6888,81.5335,22.3432,0.1347,73.2423,3.1709,272.43,0
6889,40.1473,31.097,0.1316,15.3918,25.601,104.575,0
6890,23.1066,9.5338,0.3873,-6.6128,11.2044,208.74400000000003,0
6891,84.80799999999999,23.3081,0.1488,54.9588,1.9931,245.718,0
6892,19.8657,10.773,0.3326,17.5656,17.929000000000002,53.4503,0
6893,32.6126,15.8183,0.1925,-23.2837,2.6807,209.483,0
6894,17.8769,10.4992,0.3169,-10.0872,42.5363,210.229,1
6895,43.9241,10.9225,0.2486,-22.4855,21.329,66.8513,0
6896,48.0851,22.0152,0.1629,-51.9195,42.124,204.507,1
6897,128.65200000000002,62.179,0.068,80.0568,87.53399999999999,232.057,1
6898,27.839,12.1042,0.221,19.6753,2.843,172.75599999999997,0
6899,16.9449,13.8284,0.2961,-3.9094,56.4072,201.7426,1
6900,65.4779,30.3383,0.1959,-63.524,66.7994,113.792,1
6901,92.1441,51.8681,0.0626,27.0754,3.949,337.985,0
6902,36.514,23.9292,0.1743,-16.5444,73.9862,103.854,1
6903,15.6624,14.876,0.2468,-21.3988,7.6909,220.7329,1
6904,28.9813,20.9051,0.1542,16.5318,46.863,108.966,0
6905,28.2019,8.0526,0.3325,18.9032,17.684,57.1203,1
6906,187.4964,46.6158,0.0918,-76.7201,54.8226,89.5007,1
6907,58.7853,29.6339,0.0741,39.3732,5.136,209.087,0
6908,27.0083,9.4426,0.2639,19.933,78.6525,199.011,1
6909,22.0941,3.4378,0.5761,12.5024,37.1638,180.6468,1
6910,20.7445,17.3249,0.2446,17.0726,25.7775,91.6373,0
6911,17.6611,7.3608,0.5294,4.7348,24.079,264.124,1
6912,103.5179,45.9093,0.2054,96.9119,41.2365,259.074,1
6913,17.7523,11.0199,0.3829,16.1649,7.7447,145.61700000000002,1
6914,88.5562,23.4657,0.0851,72.9694,0.8794,230.344,0
6915,71.4886,23.9922,0.1079,54.7414,3.3555,283.428,0
6916,19.1015,7.4717,0.4591,-5.1883,23.3325,56.8943,0
6917,12.7589,11.615,0.3754,6.4392,18.908,166.225,0
6918,21.1452,7.0922,0.3375,-5.7146,13.7571,214.103,0
6919,30.7372,13.1739,0.2321,25.4618,44.74,244.411,1
6920,41.984,17.7441,0.1323,22.3596,7.9241,214.701,0
6921,23.0644,12.5654,0.2328,-12.9304,24.204,116.231,0
6922,66.8511,16.2906,0.2004,47.1933,9.2282,298.2473,1
6923,34.8702,18.7861,0.1757,12.7094,25.139,171.16299999999998,0
6924,24.657,14.8271,0.2242,13.2603,1.87,60.7115,0
6925,31.162,15.050999999999998,0.1889,-20.8315,83.156,221.041,1
6926,110.6346,70.7311,0.1027,75.6716,50.6682,374.7549,1
6927,22.7677,10.8785,0.3343,18.4179,19.7637,147.72799999999998,0
6928,35.8405,16.121,0.3077,-17.0654,70.9906,166.9839,1
6929,61.1569,41.665,0.0633,41.2458,4.004,220.798,1
6930,77.6261,22.7467,0.0915,63.3317,9.526,240.038,0
6931,75.316,17.5048,0.1511,58.2879,0.539,255.603,0
6932,134.515,26.6047,0.1676,-57.1252,16.052,284.937,1
6933,91.9596,25.8895,0.0781,97.9016,7.4474,233.582,0
6934,81.3746,56.3534,0.0712,76.4632,34.5516,197.7608,1
6935,38.1346,17.4613,0.1484,-19.4021,11.418,200.435,0
6936,61.7854,23.0115,0.1479,58.0699,0.2111,294.28700000000003,0
6937,22.9882,12.3155,0.4172,19.6494,40.238,208.699,1
6938,13.0804,10.9402,0.4385,-4.9732,47.048,34.5555,0
6939,74.2366,23.0297,0.1864,-17.5382,11.747,315.663,0
6940,18.5391,14.1797,0.3913,14.7808,37.947,181.41,1
6941,95.0046,17.7399,0.1326,35.3484,23.5512,204.824,1
6942,36.1859,17.9479,0.1501,-17.2976,3.9756,192.595,0
6943,80.2374,54.469,0.0945,46.0824,15.2636,308.5453,1
6944,23.5545,12.0566,0.2641,13.3145,18.5743,169.0624,1
6945,31.7106,12.8462,0.1846,14.2155,51.4148,242.887,1
6946,23.0916,8.971,0.4291,9.249,73.696,149.158,1
6947,21.4712,17.4477,0.2506,15.0278,62.3507,191.11900000000003,0
6948,27.327,7.0286,0.2896,-11.7875,3.3457,197.23,0
6949,77.8101,35.5204,0.0806,-43.098,76.604,250.86900000000003,1
6950,24.7773,12.3627,0.3217,-20.331,2.0901,89.9928,1
6951,92.937,22.1354,0.1937,48.5227,3.497,358.99,0
6952,28.2797,12.2058,0.3437,-17.9955,4.1031,123.27,0
6953,13.2236,10.4279,0.4766,-5.7389,81.7865,226.89,0
6954,59.2608,18.6496,0.0945,41.6956,10.336,200.277,0
6955,23.4322,11.943,0.2745,11.5442,35.1784,185.019,0
6956,30.2768,17.9293,0.215,36.4239,26.7655,149.998,1
6957,90.4066,30.2831,0.0886,73.4392,9.2458,279.696,0
6958,29.1399,22.4479,0.1903,-28.3027,8.2104,97.7962,1
6959,120.9419,74.7318,0.034,-33.8089,3.801,245.6392,1
6960,171.615,41.8185,0.0823,114.972,17.3273,192.779,1
6961,23.2673,10.2974,0.3725,17.7489,74.2971,222.43,1
6962,100.226,28.222,0.1321,-33.4996,4.4376,299.45,0
6963,17.264,9.5686,0.3556,8.7888,58.6985,189.7578,1
6964,159.653,48.5098,0.0738,116.136,33.756,186.568,1
6965,258.5767,154.4648,0.046,-181.1397,58.9818,184.4086,1
6966,28.0121,11.474,0.3192,23.3457,44.761,192.433,1
6967,68.8466,17.4731,0.1802,67.6255,0.1369999999999999,248.86,0
6968,161.2013,28.2814,0.1568,-161.6211,16.9139,325.9001,1
6969,74.2173,30.7469,0.1054,-58.824,60.9658,192.8054,1
6970,86.4858,20.4931,0.1446,70.5874,11.409,137.124,0
6971,106.655,69.5269,0.0487,-46.8124,2.786,312.65,1
6972,89.4255,24.5279,0.2439,-27.0365,5.2541,9.1574,1
6973,89.1019,39.0434,0.0687,70.6316,5.526,228.14,0
6974,27.3841,16.5037,0.2254,17.1568,16.37,193.038,0
6975,69.6056,46.7113,0.0569,-18.7832,31.9154,65.139,1
6976,214.789,29.542,0.1358,-186.337,10.652,232.448,1
6977,49.3531,19.755,0.2184,-43.7949,22.18,147.028,0
6978,94.1334,63.0434,0.1442,-83.7172,8.265,282.652,1
6979,46.5004,37.2673,0.1683,-32.4707,80.6529,204.5836,1
6980,64.447,23.9931,0.1129,48.0032,18.364,120.433,0
6981,48.1283,18.5833,0.2407,-39.3737,41.2224,91.6196,1
6982,33.9806,10.456,0.2199,17.6881,62.6615,114.3847,1
6983,101.42,18.7524,0.0993,23.7505,71.0938,249.632,1
6984,107.625,97.6105,0.1221,114.739,46.8125,304.342,1
6985,65.7997,17.2262,0.1418,51.1221,2.8883,275.139,0
6986,33.603,23.2454,0.118,6.4897,1.3108,97.2798,0
6987,57.7175,44.61600000000001,0.0934,42.8557,41.76,145.81799999999998,1
6988,17.4236,10.8423,0.3525,7.3152,18.9821,160.9452,1
6989,13.1698,10.9179,0.3891,1.6626,78.186,139.15200000000002,0
6990,19.4169,7.4028,0.4363,-8.5268,20.417,166.09099999999998,0
6991,31.3868,13.3409,0.2339999999999999,18.148,16.5296,156.381,0
6992,18.5136,16.9251,0.2914,8.0834,11.74,161.406,0
6993,52.9929,17.9574,0.2004,40.5554,4.885,294.535,0
6994,75.6987,12.4807,0.3544,-72.4374,72.1787,67.289,1
6995,28.2159,21.5931,0.2168,25.4457,33.437,180.64,0
6996,17.9629,15.0162,0.2628,-22.4864,60.2672,227.796,1
6997,42.3216,17.0519,0.257,19.6252,74.1519,151.5223,1
6998,68.8411,12.4469,0.1322,60.1914,56.877,257.925,1
6999,21.308000000000003,12.3983,0.3095,-15.3605,7.3869,151.445,0
7000,31.8375,22.2845,0.1459,-11.9508,8.675,71.4175,0
7001,94.2137,34.1015,0.0775,73.5551,1.2801,265.757,0
7002,22.1115,19.1968,0.2191,20.39,76.7034,190.5456,1
7003,78.8116,28.7278,0.108,72.7752,2.442,340.083,0
7004,25.8231,11.662,0.2159,-11.4662,20.852,114.08,0
7005,23.2631,15.5991,0.302,-18.2899,4.1919,199.525,0
7006,37.1999,26.6242,0.124,-24.7638,0.071,185.574,0
7007,187.255,62.7683,0.1055,-152.611,44.665,240.98,1
7008,56.3485,12.9871,0.1486,48.572,20.6182,307.487,1
7009,37.4533,21.5056,0.1187,23.0921,58.5675,119.391,1
7010,29.4718,12.0261,0.2593,18.7477,38.556,224.4782,1
7011,13.0438,10.7504,0.4757,4.1221,67.4915,183.269,0
7012,22.6422,18.3864,0.2591,12.4885,24.134,136.061,1
7013,89.8985,22.9147,0.2127,-46.1802,6.8413,346.746,0
7014,29.4785,17.643,0.1994,-23.2521,2.1841,195.196,0
7015,81.7861,17.9189,0.1391,47.9659,63.938,276.7126,1
7016,20.4596,10.3072,0.3567,16.3988,3.294,73.5772,0
7017,27.7292,18.7377,0.2597,-22.4621,21.838,93.7198,1
7018,41.5674,25.081,0.1793,31.2157,28.306,196.273,1
7019,148.623,54.0244,0.0625,84.7117,35.2612,281.902,1
7020,81.7537,22.9181,0.198,-66.9286,0.2053,359.074,0
7021,23.5684,12.7034,0.3203,15.1184,3.907,169.334,0
7022,21.1245,15.4527,0.2462,-13.8785,88.3116,215.187,1
7023,36.0322,15.085,0.2122,-4.8233,85.2358,205.4117,1
7024,60.0728,47.0602,0.1338,47.3641,49.1319,274.8746,1
7025,28.3406,18.176,0.2699,15.0991,27.015,200.397,0
7026,35.9532,27.0765,0.1519,30.8355,31.2271,183.571,0
7027,103.3298,78.7427,0.0785,-50.451,85.9291,386.6087,1
7028,22.5828,12.9817,0.2449,12.0471,49.739,151.714,1
7029,107.937,40.1083,0.0783,-70.0344,22.9433,275.182,1
7030,24.3113,11.1569,0.3462,-22.3343,5.4233,99.1653,0
7031,76.354,28.0503,0.1409,65.2337,2.903,316.862,0
7032,84.3821,24.1278,0.0921,63.1573,0.7090000000000001,252.586,0
7033,32.8653,17.3477,0.1772,17.788,12.413,211.496,0
7034,106.44,33.6777,0.0555,98.1006,4.894,287.302,0
7035,80.5977,25.2785,0.1206,60.1734,2.3504,242.97,0
7036,35.7042,11.6446,0.2049,22.7053,36.37,194.361,1
7037,55.6748,22.1855,0.2762,-24.9746,4.6566,337.901,0
7038,32.4734,11.2154,0.3008,30.4684,6.915,93.2392,0
7039,14.7836,12.2496,0.3498,-3.3417,50.474,196.532,0
7040,89.9295,28.1804,0.0942,58.615,3.2204,300.601,0
7041,45.3015,15.8105,0.1402,24.4253,38.0088,178.9487,1
7042,25.4474,17.2601,0.2294,16.0879,16.4371,217.774,0
7043,29.1138,13.8775,0.4053,14.3524,63.0504,191.5855,1
7044,114.429,23.4997,0.1492,69.2354,13.0638,292.238,0
7045,30.6098,0.9688,0.4147,25.1855,37.1622,133.8271,1
7046,65.2527,28.9453,0.1775,-48.7322,10.841,170.395,1
7047,103.071,30.1342,0.1117,64.7012,20.3454,286.072,1
7048,146.311,53.1446,0.1887,125.655,50.3566,187.543,1
7049,26.3331,13.2689,0.3009,17.9252,34.5949,268.2667,1
7050,18.8636,15.2784,0.3021,-16.438,0.5504,114.188,0
7051,27.3672,15.5052,0.42,28.8891,12.8237,208.7939,1
7052,33.8389,17.0457,0.1982,-25.7894,17.1,255.44,0
7053,19.5635,12.4885,0.2878,6.5262,13.0329,154.5766,1
7054,17.1617,14.9188,0.4277,-2.8372,35.0932,141.0765,1
7055,55.6733,19.326,0.2039,52.473,1.5532,250.943,0
7056,23.5163,16.9829,0.1934,-13.7752,9.074,203.342,0
7057,112.464,31.0123,0.1308,112.793,4.728,170.058,0
7058,32.6291,19.8259,0.1712,31.7128,0.516,163.489,0
7059,12.9115,9.896,0.3894,0.152,36.523,207.4416,1
7060,43.8753,29.479,0.1112,37.5094,9.6642,118.295,0
7061,76.2773,28.4018,0.2128,56.0183,11.8216,303.9442,1
7062,128.189,22.1649,0.1675,-71.097,26.796,158.97299999999998,1
7063,58.855,41.3512,0.1409,-22.107,8.8702,226.6265,1
7064,33.295,30.515,0.1302,-5.688,2.7741,105.3283,1
7065,41.7878,13.9759,0.2079,-15.7559,7.959,209.333,0
7066,19.0602,12.4033,0.309,7.7209,9.3668,129.31,0
7067,19.7131,7.9518,0.288,-9.1431,41.5306,173.5266,1
7068,50.9098,21.7903,0.1051,30.1218,7.0487,199.564,0
7069,17.2008,9.7948,0.503,13.1378,87.4928,170.407,1
7070,16.3675,11.5917,0.3053,-6.3907,12.3236,214.631,0
7071,146.809,75.5803,0.049,142.2974,78.6336,176.4249,1
7072,21.1727,10.7506,0.2972,-17.5784,27.5608,245.963,0
7073,18.8702,17.3869,0.2617,10.5829,50.0777,155.048,0
7074,32.8709,18.7783,0.1953,26.5866,23.761,166.98,0
7075,24.089,8.8371,0.3975,9.164,41.9756,229.267,0
7076,31.7077,11.4427,0.2484,-13.3741,47.502,246.92,1
7077,29.7336,18.8612,0.1985,12.0103,86.288,161.564,1
7078,40.6311,28.5333,0.099,-20.9696,1.8127,157.303,0
7079,41.0804,34.2924,0.1488,-30.0745,67.089,113.017,1
7080,108.8426,27.6965,0.1419,75.7484,25.8674,322.3517,1
7081,36.6668,22.2536,0.1952,-30.394,57.928,255.922,1
7082,57.0075,18.2729,0.1122,39.7592,30.2986,273.6688,1
7083,19.6701,13.518,0.3133,-9.3456,75.209,173.977,0
7084,30.554,21.1807,0.15,-20.8938,2.2982,197.39,0
7085,64.9047,17.0195,0.1865,38.9641,45.6635,276.2082,1
7086,36.1741,17.6865,0.1591,-18.9697,0.254,191.455,0
7087,24.2239,0.0,0.348,0.0,90.0,90.1881,0
7088,121.388,45.5298,0.0583,120.884,52.5149,201.83900000000003,1
7089,73.7252,15.5966,0.1371,-63.0268,3.531,209.778,0
7090,14.9725,11.0461,0.3141,26.4058,4.1304,179.3368,1
7091,18.4116,10.5337,0.2871,-8.4522,26.715,234.499,1
7092,31.8841,13.4964,0.2786,18.4639,77.7712,129.0888,1
7093,21.5154,6.9536,0.3603,8.2443,39.3259,232.1,1
7094,40.5294,25.3198,0.1259,37.1673,15.2303,257.5868,1
7095,203.2062,18.6054,0.3358,-116.4839,50.9302,202.2802,1
7096,20.7277,7.2135,0.3633,-5.843,89.538,159.55100000000002,1
7097,25.0418,12.4918,0.2751,-16.346,72.807,207.1403,1
7098,35.4707,8.6958,0.2453,-18.9651,73.6414,107.2643,1
7099,31.8413,10.5839,0.283,20.8975,14.307,86.9099,0
7100,78.7876,23.4769,0.146,77.0281,28.226,204.001,1
7101,32.3526,18.7973,0.1663,-19.2651,2.021,181.884,0
7102,66.8289,20.5976,0.1967,-28.5553,5.1606,325.446,0
7103,63.2291,23.1632,0.1338,47.6432,0.8548,241.859,0
7104,29.8922,9.4299,0.3114,23.0956,1.2571,153.89600000000002,1
7105,19.3124,9.6364,0.3341,10.5409,71.3695,220.908,1
7106,185.898,116.941,0.025,-136.278,77.0539,319.036,1
7107,101.552,40.472,0.0554,68.9832,0.2386,318.629,0
7108,84.6226,22.9811,0.15,43.8905,1.7962,317.619,0
7109,16.237000000000002,11.2544,0.3995,5.3763,48.122,119.907,0
7110,71.2865,21.6592,0.2438,-41.3751,4.0546,174.5918,1
7111,111.715,48.5447,0.0676,80.4364,12.3077,352.50300000000004,1
7112,13.4055,10.3837,0.423,-4.2589,49.667,124.402,0
7113,22.8438,13.2898,0.2366,-14.8561,61.7921,158.387,0
7114,29.3883,17.5114,0.2009,-19.5955,48.5459,45.8555,1
7115,26.1013,18.8656,0.2011,-10.6364,51.516000000000005,243.892,1
7116,91.8442,35.1145,0.0534,79.7142,4.5107,267.256,0
7117,23.8115,14.5528,0.324,-8.8184,84.4227,106.2665,1
7118,17.0991,10.6199,0.3927,-7.5158,31.951,98.5724,0
7119,120.99,37.3676,0.0829,43.6669,7.854,323.983,1
7120,20.9462,8.882,0.3483,31.1217,35.7754,193.5054,1
7121,85.9865,43.4833,0.0731,69.3781,0.3985,291.03,0
7122,60.4536,20.3705,0.1711,72.6114,3.4862,239.138,1
7123,29.3867,18.6769,0.21,22.48,16.874000000000002,205.283,0
7124,211.191,74.2423,0.0993,-159.483,77.077,255.27,1
7125,98.8206,33.5086,0.077,86.5883,9.008,277.138,0
7126,123.13,28.5654,0.1665,96.2086,13.2135,281.43,1
7127,89.3079,17.0889,0.132,-27.4805,85.8821,90.0348,1
7128,46.5636,10.8151,0.1459,28.9494,17.1893,174.84099999999998,1
7129,52.3035,11.398,0.1807,29.8225,66.884,107.237,1
7130,45.4678,23.5905,0.0974,-13.4235,1.087,169.83700000000002,0
7131,106.1422,24.5263,0.1854,-75.1401,7.5751,336.0893,1
7132,24.204,10.0413,0.3268,8.6357,22.2515,96.0127,1
7133,61.3151,43.1685,0.0991,37.0264,9.6748,261.8352,1
7134,21.747,6.7952,0.4008,11.8251,71.24600000000001,219.066,1
7135,41.2046,10.6554,0.2735,2.2181,77.2659,168.3407,1
7136,30.9446,15.9522,0.1948,-17.392,4.834,183.768,0
7137,45.3702,14.1142,0.2374,44.3623,16.8293,250.4226,1
7138,17.4089,13.6074,0.4158,-14.4532,86.211,211.495,0
7139,106.7029,29.9607,0.1902,91.1591,37.4671,104.7681,1
7140,94.923,25.5776,0.0754,89.4115,0.4546,278.737,0
7141,13.0095,11.0528,0.4393,-6.2386,63.742,200.154,0
7142,50.9722,23.1557,0.2128,27.7531,42.4854,259.0085,1
7143,129.47,36.8156,0.1031,-139.221,38.056,218.96400000000003,1
7144,79.1086,36.9134,0.13,-64.4418,0.552,424.215,0
7145,97.3496,18.9411,0.1189,0.6837,47.1548,161.691,1
7146,117.9271,11.979,0.2696,49.9629,1.9805,331.4114,1
7147,31.8655,17.9128,0.163,-20.5805,2.8753,139.923,0
7148,57.4673,21.3318,0.1077,42.7747,4.5769,261.85900000000004,0
7149,107.996,82.3071,0.0654,-88.9152,85.1312,384.242,1
7150,62.6891,24.4737,0.139,50.0666,11.0895,291.289,0
7151,94.2885,45.5174,0.0396,84.686,1.4735,292.376,0
7152,79.8079,23.1663,0.1115,72.6058,1.1324,323.819,0
7153,10.9668,8.6714,0.4312,20.9602,75.9919,183.5371,1
7154,23.9604,12.8211,0.2344,11.9696,8.4918,202.648,1
7155,21.1916,16.5081,0.1996,-10.7226,20.613000000000003,286.074,0
7156,60.1611,8.2925,0.2657,42.835,87.6187,203.808,1
7157,82.6703,65.7927,0.0579,-64.7826,36.1179,269.6054,1
7158,18.8823,7.3745,0.4599,8.9679,37.739,100.395,0
7159,21.2679,6.9341,0.4026,-12.4669,86.49700000000001,130.298,0
7160,29.1102,17.1188,0.226,-22.6773,9.8315,211.817,0
7161,24.2724,14.5245,0.2308,16.0185,13.207,137.836,0
7162,27.625,9.4464,0.2953,21.7525,71.4874,97.8993,1
7163,35.967,9.852,0.2204,12.6024,64.615,229.885,1
7164,49.63,29.6018,0.081,15.8001,27.672,108.903,0
7165,32.3678,11.5595,0.2248,18.0994,7.9729,208.17,0
7166,95.2809,20.3797,0.3821,-78.9902,30.181,321.4942,1
7167,30.803,13.1578,0.2788,18.4847,69.8058,76.1121,1
7168,63.6129,16.7516,0.1554,59.6089,1.1868,247.397,0
7169,51.4104,18.169,0.1451,43.1716,12.7084,141.8997,1
7170,58.8727,25.4116,0.0835,61.0861,53.831,124.927,0
7171,67.1109,32.6517,0.0827,-17.4538,2.7181,227.21,0
7172,24.4389,20.3553,0.1568,-12.3491,26.1127,228.273,0
7173,32.1865,15.0783,0.2892,19.0351,8.797,5.6998,1
7174,103.824,34.1769,0.0876,95.6895,35.216,164.426,0
7175,37.8655,19.6985,0.1859,31.5998,0.759,161.44899999999998,0
7176,12.9826,11.2504,0.3922,4.9368,86.7275,111.528,0
7177,66.6671,14.9063,0.1692,70.2166,0.5477,252.716,0
7178,69.9627,25.1613,0.0999,63.3584,5.6543,211.158,0
7179,83.0629,36.1995,0.1,-29.2629,4.149,371.266,0
7180,65.9396,25.0772,0.0819999999999999,45.5662,2.404,209.954,0
7181,114.331,44.5018,0.0505,92.939,2.109,286.922,0
7182,22.8063,12.7629,0.3052,15.6196,41.8543,116.964,0
7183,214.968,52.8938,0.0508,-243.276,15.693,216.928,1
7184,97.2595,50.0734,0.1305,72.3215,33.4491,295.94,1
7185,27.271,16.8564,0.1782,-16.9429,88.1063,175.84799999999998,1
7186,21.4072,12.7942,0.2449,12.7655,6.27,133.245,1
7187,57.0409,14.7336,0.2308,48.5506,6.78,278.601,0
7188,31.4245,15.3624,0.257,-19.2612,33.559,218.101,1
7189,155.856,95.4667,0.0535,100.209,50.3906,254.759,1
7190,29.9384,20.6567,0.2043,25.2722,22.871,78.6451,0
7191,30.095,15.2478,0.2106,14.4317,11.2853,195.8896,1
7192,16.4309,11.3088,0.3727,-6.3198,6.8181,210.842,0
7193,21.8391,6.8034,0.3823,-9.9776,84.4291,245.89,1
7194,53.5834,29.1608,0.081,37.0731,15.8766,115.722,0
7195,28.0299,20.3342,0.2431,17.2489,2.7746,79.8198,0
7196,64.2169,18.1686,0.407,-66.5204,33.9807,168.5068,1
7197,17.3947,10.6753,0.3667,7.8209,68.1479,146.486,0
7198,69.9437,8.0844,0.1694,41.9677,0.0502,266.1265,1
7199,45.5944,27.1839,0.1286,52.9061,83.9665,128.878,0
7200,29.6454,16.3944,0.2375,24.4856,25.0017,184.905,0
7201,29.8151,6.0577,0.2451,19.1951,9.7212,167.6524,1
7202,56.8933,16.4068,0.1528,30.1463,34.8387,277.501,1
7203,12.6725,11.7432,0.3615,5.0536,87.3142,226.386,0
7204,135.001,87.2186,0.159,-130.637,5.337000000000001,383.405,1
7205,52.6746,19.8682,0.1132,-40.0201,3.9891,198.4444,1
7206,23.5264,9.8446,0.3107,-15.0454,11.2824,161.436,0
7207,117.614,49.2012,0.1277,-123.203,3.5618,323.849,1
7208,101.886,59.174,0.0459,75.7796,3.4479,328.333,0
7209,21.942,9.5767,0.3344,-14.4329,21.49,108.234,0
7210,195.5007,23.1589,0.0977,182.673,9.2168,69.8597,1
7211,35.1319,9.2773,0.2439,17.7042,31.7555,143.9916,1
7212,26.3818,18.8678,0.2699,21.3071,33.2311,195.472,0
7213,63.7425,39.0333,0.1955,-19.6726,18.0086,312.637,0
7214,44.8497,18.4744,0.1078,-15.9804,11.1617,181.296,0
7215,46.5362,20.5437,0.1216,27.9165,0.129,256.88,0
7216,20.7572,10.2053,0.3841,19.2953,20.588,171.36900000000003,0
7217,150.3023,32.5412,0.2785,107.5506,25.3045,298.5178,1
7218,20.5984,15.5066,0.2556,-7.6701,9.4546,166.389,0
7219,30.7475,18.4596,0.1693,-12.7055,12.5618,195.927,0
7220,14.5938,12.4274,0.259,-9.9437,21.7229,147.6247,1
7221,106.247,24.1369,0.1384,18.8556,2.8710000000000004,294.596,0
7222,32.3988,21.6611,0.158,21.2979,34.772,157.905,0
7223,18.9819,15.1256,0.2591,17.8775,23.387,238.317,0
7224,147.31799999999998,23.5303,0.2603,143.681,15.957,152.734,1
7225,24.222,17.8989,0.3047,-23.935,76.2937,218.5703,1
7226,161.4523,71.98899999999999,0.1511,-126.2428,86.6241,347.1113,1
7227,42.3291,12.6618,0.255,34.4311,5.744,195.125,0
7228,70.8699,24.5387,0.2235,-38.5892,39.2105,260.2122,1
7229,27.0703,6.917999999999999,0.3223,23.7032,48.8129,108.5998,1
7230,41.7353,15.5419,0.1939999999999999,28.689,11.411,225.845,0
7231,25.8809,14.344,0.2643,-9.3896,12.0537,207.218,0
7232,16.68,15.0063,0.2269999999999999,16.2482,64.722,256.4629,1
7233,61.1222,30.637,0.0961,43.3545,14.3138,208.594,0
7234,138.8171,59.5351,0.024,-115.8589,82.5414,180.2218,1
7235,16.9105,13.9431,0.3094,-8.0287,59.1362,187.2757,1
7236,27.388,15.9788,0.2289,9.4057,19.1785,179.74599999999998,0
7237,23.502,13.6746,0.3116,16.0397,54.04600000000001,57.93600000000001,1
7238,82.5169,39.4253,0.1938,-95.6843,12.1667,419.4727,1
7239,38.8946,23.2908,0.1351,-23.8829,69.1178,98.1642,1
7240,15.1157,9.3146,0.3627,-12.1102,43.3322,73.1848,1
7241,39.9087,17.1227,0.1538,34.8366,40.603,70.9618,0
7242,61.8217,14.0563,0.2616,47.81399999999999,1.251,252.886,0
7243,31.4779,15.3876,0.196,26.6549,0.2487,222.136,0
7244,27.2805,0.6171,0.4439,-2.9434,12.4293,187.4427,1
7245,30.3706,22.2166,0.1531,-15.7373,6.7334,160.596,0
7246,17.3374,11.1958,0.4667,26.5431,70.9344,183.2195,1
7247,66.5488,20.2547,0.2033,67.0317,18.4979,269.7718,1
7248,17.312,11.9007,0.4036,7.126,31.2547,268.5326,1
7249,12.9024,11.2074,0.4415,7.9426,59.898,70.8252,0
7250,19.7609,17.642,0.2744,18.1561,18.758,124.063,0
7251,34.7848,15.4689,0.2188,31.8729,34.8364,139.8655,1
7252,133.9489,38.3972,0.1421,128.2511,43.5612,32.713,1
7253,51.9981,21.2618,0.1469,-49.9233,83.4293,246.4931,1
7254,17.4193,8.0879,0.5774,10.7335,39.6144,193.862,1
7255,98.3822,33.8045,0.0657,-94.2616,10.3301,140.5947,1
7256,53.1674,22.5707,0.0995,37.2507,22.289,178.84400000000002,0
7257,51.6228,22.3215,0.0972,29.5777,58.805,71.0521,1
7258,21.9832,18.564,0.2368,21.959,88.5075,90.0599,1
7259,13.2142,12.9045,0.3879999999999999,0.3616,9.197,184.239,0
7260,22.6229,11.5584,0.3002,20.3062,46.08,174.40400000000002,1
7261,23.8669,15.7684,0.2514,-17.0472,20.646,118.458,0
7262,104.7215,82.1747,0.0328,104.2027,71.1266,178.4461,1
7263,178.305,115.879,0.0925,-170.38099999999997,53.1597,224.667,1
7264,121.847,68.8078,0.106,-134.517,60.0705,313.962,1
7265,48.3589,21.6431,0.2188,58.242,41.2033,148.696,0
7266,26.8522,8.2189,0.3407,-13.3514,29.81,120.704,1
7267,13.651,4.8943,0.5542,0.0364,58.3071,193.6073,1
7268,94.1081,32.3064,0.2309,-108.817,22.5311,103.659,1
7269,25.8078,10.1514,0.2357,18.6476,13.9962,152.664,1
7270,124.7476,25.6164,0.0778,-47.2389,24.3996,183.3735,1
7271,30.3428,15.1581,0.1764,10.3652,42.6194,76.4942,0
7272,28.4417,9.0919,0.2556,22.3268,31.4607,166.6421,1
7273,24.0118,15.2278,0.3037,15.7733,29.8353,121.9193,1
7274,57.0409,24.7225,0.1072,45.0503,6.0385,161.631,1
7275,30.8163,14.678,0.2209,-19.5351,62.679,263.9626,1
7276,142.74,92.8384,0.0527,-78.1944,51.7033,367.575,1
7277,57.2696,17.3704,0.1032,-25.5243,7.0520000000000005,241.245,0
7278,42.6788,15.0374,0.1606,-23.9302,1.891,206.132,0
7279,78.9483,21.6608,0.0941,45.6774,88.9362,242.8974,1
7280,89.3906,33.2987,0.0647,84.0162,2.6602,204.091,0
7281,23.0564,15.9993,0.3115,-22.4763,15.277,100.764,0
7282,69.6201,15.3341,0.1297,39.8036,85.3206,241.3393,1
7283,89.3503,32.601,0.1001,-44.0796,77.8166,256.5115,1
7284,12.8312,11.4047,0.4219,-8.7413,21.9904,240.351,0
7285,29.3437,12.575,0.2804,24.917,32.1435,239.487,1
7286,26.0277,7.401,0.3791,14.0382,64.7583,186.2433,1
7287,21.9325,6.617000000000001,0.4342,-13.7398,58.5795,148.425,1
7288,66.5892,33.1708,0.15,45.4621,22.501,135.914,1
7289,27.7813,7.8339,0.2987,-16.2514,76.1245,183.262,1
7290,19.1242,13.3689,0.3743,15.3461,26.1093,230.355,1
7291,31.2073,20.0347,0.1603,20.591,39.3847,162.195,1
7292,41.873000000000005,11.8226,0.2454,-62.539,76.8503,234.0699,1
7293,23.2097,19.4279,0.2269,20.3361,24.8586,168.65599999999998,0
7294,21.1741,15.6793,0.2942,-2.3961,50.344,203.7493,1
7295,69.7856,30.207,0.0733,65.0365,21.1032,216.032,0
7296,256.79200000000003,171.9848,0.0474,-76.4121,85.8723,225.1622,1
7297,83.738,32.8001,0.1112,43.1094,1.4349,371.197,0
7298,43.1587,16.4368,0.128,34.7238,11.521,190.141,0
7299,178.482,102.199,0.0708,123.055,55.56100000000001,270.063,1
7300,41.8489,17.6323,0.1646,26.7641,5.055,288.892,0
7301,23.8176,3.1392,0.3697,7.2102,60.4662,220.9806,1
7302,25.3624,11.2635,0.2628,14.5202,0.964,193.931,0
7303,111.372,43.2331,0.1405,-113.263,8.486,372.951,1
7304,34.4984,10.7224,0.2153,18.3466,6.43,222.018,0
7305,58.355,33.3649,0.1568,35.1509,10.0758,294.9322,1
7306,20.4073,11.6349,0.3361,19.6698,21.957,119.397,1
7307,20.8794,11.32,0.3409,16.2199,17.366,103.365,1
7308,95.8843,23.7653,0.2018,64.2982,65.137,153.985,1
7309,49.1762,11.7232,0.2118,31.8211,39.6812,237.7258,1
7310,256.245,149.15200000000002,0.1234,-280.656,43.92100000000001,264.772,1
7311,49.9271,16.912,0.2286,-40.0841,67.605,80.6655,1
7312,24.8463,15.8127,0.313,6.6229,74.1206,240.7409,1
7313,84.0787,27.2913,0.1031,77.6765,5.218999999999999,267.886,0
7314,83.9521,46.2262,0.1032,24.9876,63.5203,179.06900000000002,1
7315,95.3733,46.0798,0.1226,69.6142,43.1325,333.2413,1
7316,80.5586,64.2804,0.1292,23.0058,33.0457,282.887,1
7317,39.5069,12.3362,0.217,-22.7142,85.0821,213.083,1
7318,141.9091,34.0649,0.1856,-23.6763,36.9793,325.0043,1
7319,19.6163,9.8644,0.3826,-16.3864,61.1094,144.469,1
7320,92.3205,31.3727,0.0993,-55.23,2.0919,246.786,0
7321,133.5869,104.3823,0.0823,104.7099,4.1599,119.8979,1
7322,73.5159,14.9211,0.1184,14.3328,49.1442,189.3384,1
7323,27.0224,16.7469,0.1882,-22.4288,0.812,262.182,0
7324,27.7839,16.0201,0.1674,-31.1031,81.5202,156.124,1
7325,21.2307,17.2634,0.3003,22.5489,36.584,215.938,1
7326,39.745,14.4763,0.2004,20.3876,23.2283,149.83,0
7327,60.9972,16.1369,0.113,30.7445,0.8192,208.7,0
7328,40.3394,18.3309,0.1694,-28.7926,2.9018,115.644,0
7329,81.2267,26.173,0.1361,31.8949,3.906,281.932,0
7330,17.5379,10.037,0.3638,-10.6362,21.666,168.31400000000002,0
7331,20.3102,12.3589,0.2804,9.8271,3.08,194.772,0
7332,23.0957,17.2973,0.2217,-11.6192,69.3006,156.1766,1
7333,22.611,15.8921,0.204,7.0359,59.5027,101.814,0
7334,13.0018,10.6861,0.4903,3.82,67.95100000000001,201.862,0
7335,22.2648,12.1002,0.3358,-10.5611,10.0186,199.539,0
7336,30.7317,17.3823,0.1812,24.8581,27.9949,155.017,1
7337,20.0648,16.5941,0.2319999999999999,-12.0294,5.372999999999999,245.467,0
7338,230.579,58.3893,0.1528,76.7832,13.8834,131.135,1
7339,37.4436,9.9618,0.2619,19.1761,44.1759,204.1767,1
7340,32.1454,13.8296,0.2761,-15.9648,47.3704,246.0565,1
7341,63.9494,21.9903,0.113,61.6217,2.881,281.351,0
7342,100.553,65.1579,0.0344,73.8915,6.602,315.346,0
7343,18.8098,14.7872,0.3923,-24.1161,64.0754,125.1564,1
7344,38.2274,28.4006,0.1333,-9.7717,45.8891,79.0123,0
7345,22.5206,10.0033,0.3681,7.9027,32.7289,153.5811,1
7346,93.4231,52.127,0.0611,80.6104,22.1891,307.73400000000004,1
7347,81.9826,33.7547,0.1246,32.2277,3.1010000000000004,383.77,0
7348,30.5237,17.6603,0.1571,-17.9369,55.3074,230.195,0
7349,86.5392,44.0574,0.0551,102.948,9.7698,214.05,0
7350,85.2065,39.0072,0.0575,77.643,3.613,277.362,0
7351,51.8247,23.0285,0.1358,-31.5489,0.593,253.677,0
7352,107.6151,50.4262,0.0622,128.4019,67.6349,239.5628,1
7353,21.3864,16.5732,0.3852,27.367,36.1593,64.9341,1
7354,74.6704,14.0756,0.1097,45.2061,47.047,183.877,1
7355,87.3343,58.5352,0.1011,-57.552,1.1715,387.7073,1
7356,41.2127,25.0323,0.1238,34.481,9.425,184.823,0
7357,72.9815,24.8335,0.0936,67.6604,2.2030000000000003,239.302,0
7358,23.5647,9.9926,0.3364,-13.8665,26.5328,185.189,0
7359,81.8961,21.7384,0.0964,76.025,0.2189999999999999,244.116,0
7360,24.3082,8.3714,0.4393,14.0397,7.024,204.93,1
7361,19.7594,7.3625,0.4163,9.0043,77.3146,195.254,0
7362,75.6701,22.2969,0.1427,32.3579,59.637,160.765,1
7363,75.5326,29.0068,0.2232,-47.649,2.405,365.045,0
7364,23.4271,14.9777,0.3251,7.1203,32.0426,87.7858,1
7365,56.4481,22.4001,0.0877,-37.6199,48.8909,184.1571,1
7366,44.5449,24.7786,0.0974,27.9356,4.7435,160.02100000000002,0
7367,58.0731,17.7728,0.268,23.8663,67.9393,192.844,1
7368,25.5792,15.4683,0.2987,9.7072,80.4762,212.2331,1
7369,86.7215,68.3604,0.0804,-34.4964,5.337999999999999,393.465,1
7370,13.6798,6.7407,0.351,7.9734,18.4679,66.3339,1
7371,54.323,21.3628,0.0873,20.9643,6.759,270.21,0
7372,27.5577,12.2071,0.2427,-18.2508,10.896,207.304,0
7373,39.6758,9.9767,0.3167,26.1429,34.4339,127.81,1
7374,60.1173,23.4638,0.1462,49.4937,1.101,232.422,0
7375,26.525,9.8492,0.2263,-17.695,56.4482,240.735,1
7376,17.2258,7.4328,0.5597,3.3196,49.9518,84.9872,0
7377,44.9545,19.6036,0.1767,43.5802,6.8260000000000005,164.77599999999998,0
7378,36.9222,24.8825,0.2398,36.5334,40.404,124.2763,1
7379,20.8936,7.1692,0.3532,-4.9255,53.587,43.9599,0
7380,34.3446,18.1795,0.2165,28.1979,13.5225,137.77700000000002,0
7381,21.691,6.7773,0.413,-12.7144,40.2519,103.417,0
7382,52.4604,17.8922,0.123,10.8086,8.145,222.928,0
7383,25.738000000000003,7.1952,0.4266,-11.6935,39.52,202.976,0
7384,48.451,20.6188,0.1072,-32.3139,8.691,185.927,0
7385,32.7936,19.1407,0.2995,22.3997,89.9076,225.9122,1
7386,22.8277,14.7154,0.3502,12.8232,53.449,155.257,0
7387,70.6864,18.8041,0.1267,68.5888,28.0147,234.74,0
7388,24.6529,12.0116,0.221,-14.0811,5.5765,121.572,0
7389,20.1468,14.4142,0.2593,12.0078,30.756,160.806,0
7390,77.7362,37.784,0.0564,75.3898,4.3928,235.566,0
7391,21.2163,10.8702,0.2852,-17.9415,27.583,189.783,0
7392,27.5376,7.3868,0.3773,11.2293,9.1895,193.294,0
7393,152.8,41.7867,0.0766,89.5195,53.7624,254.284,1
7394,31.5291,8.5731,0.1899,-1.6939,42.386,247.2096,1
7395,63.3996,24.6266,0.0693,34.9363,2.0648,213.275,0
7396,21.5636,10.8838,0.2674,-18.4134,48.1799,188.649,0
7397,144.4999,70.878,0.1501,127.5035,1.6443,246.7863,1
7398,30.9546,17.8453,0.2235,26.8179,6.837000000000001,133.58,0
7399,31.5721,17.7527,0.1653,18.8407,25.9457,108.687,0
7400,157.609,57.0586,0.0381,129.47,67.313,279.262,1
7401,36.8545,8.8556,0.2792,-15.9908,45.3487,162.3352,1
7402,36.9888,23.6138,0.1138,23.8581,5.2373,182.452,0
7403,84.2891,58.8586,0.0605,89.635,39.6411,294.576,1
7404,13.7929,9.3686,0.4383,4.8925,83.7854,160.53799999999998,1
7405,27.0368,9.9898,0.3081,-11.2125,20.8434,230.98,0
7406,12.5305,11.9242,0.3674,-10.1217,49.895,164.832,0
7407,44.0436,15.6266,0.2274,27.244,50.1467,243.99400000000003,1
7408,25.8227,16.4357,0.3027,25.6125,0.999,186.297,1
7409,77.4316,14.5076,0.2339999999999999,61.5001,12.3296,266.633,0
7410,29.6151,20.0728,0.182,-21.6409,41.9658,74.633,0
7411,23.2237,11.7907,0.3218,36.9671,42.213,174.0579,1
7412,91.6874,79.9487,0.1077,55.2664,51.7611,256.131,1
7413,69.3249,23.0715,0.1572,50.122,5.8399,268.863,0
7414,21.9224,20.3847,0.2041,9.5162,63.492,184.21400000000003,0
7415,107.98,38.8773,0.068,70.4031,0.813,275.562,0
7416,140.2162,41.3453,0.1083,-103.8037,86.0878,290.2365,1
7417,26.9593,10.0699,0.3158,9.7686,81.33800000000001,99.7466,1
7418,37.6154,14.2861,0.1938,-28.7116,13.394,209.766,0
7419,32.8552,12.6207,0.285,19.04,5.647,140.19899999999998,0
7420,109.8893,31.9435,0.2007,-100.1337,39.7536,379.2065,1
7421,55.4983,26.8202,0.099,50.8975,6.216,241.638,0
7422,95.5207,34.5134,0.0543,88.912,0.084,260.879,0
7423,19.3677,16.6452,0.2338,-8.2798,41.666,213.354,1
7424,50.3888,18.1494,0.1676,-19.0636,4.4298,131.81,0
7425,81.5422,40.5375,0.0845,-70.0195,8.9368,271.0981,1
7426,79.3368,17.6035,0.1033,34.2215,45.6726,180.768,1
7427,13.0845,11.0796,0.3872,2.8947,37.9872,194.578,0
7428,21.6829,15.8511,0.2311,-14.307,18.1669,219.387,0
7429,12.8532,11.4032,0.4133,8.0978,77.209,149.455,1
7430,103.8006,63.5266,0.079,-69.8947,25.5711,338.2124,1
7431,74.0745,46.4306,0.1125,-49.2099,9.872,269.182,1
7432,69.6387,18.299,0.1467,63.9612,5.6556,246.649,0
7433,12.918,11.3663,0.3838,-5.0095,62.4135,149.05700000000002,0
7434,93.0081,34.6534,0.0734,75.7582,1.3818,333.718,0
7435,63.6422,14.5135,0.288,-25.0176,2.231,271.861,0
7436,136.372,36.9455,0.1393,70.7879,53.274,377.9980000000001,1
7437,69.399,10.8157,0.2527,63.9922,6.251,251.259,0
7438,35.0826,11.6809,0.2495,27.6659,4.466,260.512,0
7439,53.4968,11.4443,0.1955,43.7832,15.409,217.087,1
7440,69.7508,34.8726,0.0971,43.4377,1.9807,295.405,0
7441,13.167,10.3861,0.4922,-6.0547,26.148000000000003,156.114,0
7442,45.006,35.686,0.1153,-21.4119,77.9055,128.5707,1
7443,56.8047,19.2567,0.1782,-29.0892,0.3475,270.217,0
7444,29.1553,20.7816,0.2164,27.0022,56.541,103.243,1
7445,48.305,12.4981,0.28,36.5056,16.026,153.856,1
7446,29.4603,10.4358,0.4378,-13.9935,69.5814,147.0232,1
7447,82.613,22.0932,0.0854,47.923,45.235,219.7742,1
7448,11.152,6.9539,0.3654,14.4916,62.037,129.9786,1
7449,19.9257,14.538,0.2602,-17.9796,49.8459,33.8975,0
7450,33.4349,11.5495,0.2144,11.4743,86.2306,227.897,1
7451,168.9167,24.1899,0.1691,156.3105,29.3893,253.3268,1
7452,37.4998,5.4708,0.1812,-21.0326,56.4826,227.0072,1
7453,112.7716,8.4152,0.3489,93.1629,65.6261,220.8814,1
7454,220.9871,26.544,0.1471,226.3506,16.1113,98.1594,1
7455,43.0126,15.2872,0.1578,25.3144,2.4997,222.933,0
7456,78.8641,22.674,0.1066,-57.1446,85.0956,23.7638,1
7457,71.3117,39.923,0.1006,49.6026,14.1486,300.951,0
7458,105.399,18.8615,0.1718,33.4538,12.071,237.882,0
7459,45.4074,16.7133,0.1603,-38.7341,2.052,254.36900000000003,0
7460,101.8251,81.8365,0.0734,-123.5201,34.8074,184.7824,1
7461,225.1348,170.2863,0.0225,-189.8168,55.482,225.1874,1
7462,18.6222,10.4887,0.3868,-15.4947,18.3697,102.8301,1
7463,154.811,29.136,0.1208,158.988,0.6970000000000001,147.761,1
7464,12.7921,11.531,0.3992,-8.3057,12.2449,104.109,0
7465,13.0958,10.0499,0.5308,-7.7397,88.4759,197.628,1
7466,19.9796,17.3141,0.2385,10.1392,0.2194,76.3344,0
7467,62.5191,24.7736,0.1733,42.9741,6.7787,291.256,0
7468,49.5634,12.3824,0.1716,10.2836,88.4444,220.766,1
7469,95.1186,61.6476,0.1505,-57.5954,51.2639,338.3931,1
7470,19.6355,12.3882,0.2899,8.4414,6.3074,165.483,0
7471,12.7568,11.5659,0.4052,9.2566,16.342,93.382,0
7472,29.0609,26.1111,0.1494,7.5591,34.427,83.4442,0
7473,21.4431,9.4953,0.359,-13.1833,29.712,162.037,0
7474,24.3452,12.5112,0.2475,-9.2568,13.451,119.617,1
7475,20.3612,6.9041,0.2962,6.2928,87.0836,155.8387,1
7476,54.0131,16.1275,0.1724,-29.3298,39.1059,131.0242,1
7477,48.1747,29.1517,0.1094,19.2686,78.6694,156.3966,1
7478,33.7616,14.4511,0.2096,30.9736,32.376999999999995,140.921,0
7479,164.22400000000002,60.1525,0.0692,127.448,44.2156,269.01,1
7480,21.4607,9.8118,0.3444,15.4187,11.8712,237.647,0
7481,85.0313,30.1529,0.1174,-15.4541,1.7685,336.706,0
7482,32.4659,21.5558,0.1999,26.4107,14.407,199.075,0
7483,68.4038,20.6881,0.14,50.5009,2.887,286.88,0
7484,41.085,29.9777,0.1217,32.0384,42.802,134.755,1
7485,297.1239,111.0237,0.0429,-269.2064,41.3357,232.9571,1
7486,83.9567,30.1932,0.2168,76.965,81.21300000000001,123.8843,1
7487,18.8261,14.197,0.2616,14.7587,15.2885,146.46200000000002,1
7488,28.7451,24.636,0.1798,28.6299,56.3621,174.3312,1
7489,105.542,43.8049,0.092,81.1,24.157,314.336,0
7490,85.1522,19.7708,0.2348,-69.7393,3.625,373.09,0
7491,13.1944,10.5738,0.4652,-4.6234,39.912,121.681,0
7492,178.294,97.2321,0.067,-69.6227,82.9649,245.0717,1
7493,107.237,64.1651,0.0313,80.753,0.8238,286.306,0
7494,73.1405,13.1049,0.331,36.2051,8.641,290.53,0
7495,34.1682,13.8686,0.1972,18.8042,8.1384,153.9215,1
7496,19.0738,10.1021,0.3018,-8.6983,65.7379,195.949,0
7497,79.0025,23.4259,0.0778,78.3237,2.411,193.192,0
7498,49.8632,23.4497,0.085,-36.7035,9.5687,204.406,0
7499,30.8445,7.0755,0.3148,-25.6934,80.2869,193.1073,1
7500,138.388,44.5241,0.0674,66.0265,45.048,250.2907,1
7501,29.5728,23.5821,0.2301,22.015,28.8051,179.916,0
7502,155.22299999999998,30.7203,0.0734,87.9854,37.4427,225.2306,1
7503,25.3258,16.078,0.2759,11.067,85.1661,190.517,1
7504,35.8368,16.2619,0.154,24.2467,23.853,268.22,0
7505,128.7372,35.0583,0.2237,-61.9409,38.3465,5.5922,1
7506,72.8506,33.8684,0.1524,36.1146,5.5282,346.176,0
7507,36.0591,20.1264,0.1556,24.9777,17.968,62.9514,0
7508,50.0912,19.207,0.1247,32.4541,2.9598,227.268,0
7509,85.4576,31.2369,0.0746,50.385,2.245,297.823,0
7510,29.311,18.4542,0.2044,17.7712,66.943,249.412,1
7511,16.1144,10.7622,0.4534,1.745,79.763,196.851,0
7512,76.0088,21.9286,0.2235,46.8498,42.611,210.972,1
7513,82.0339,17.6929,0.1715,64.1299,25.7451,317.29400000000004,1
7514,70.8471,29.3421,0.2122,59.8522,9.3601,189.4981,1
7515,66.829,33.2279,0.1384,48.8973,2.69,331.581,0
7516,92.3308,31.9245,0.0535,77.8264,0.6513,264.63,0
7517,137.7469,109.309,0.0724,-137.8268,80.1405,223.7682,1
7518,61.2087,14.9003,0.2673,-46.3746,54.435,147.362,1
7519,46.7377,8.3832,0.2578,19.9418,78.1362,245.9702,1
7520,13.2138,10.4372,0.4777,-5.6901,58.386,187.154,0
7521,40.7461,19.4782,0.1988,44.8454,16.855,169.87900000000002,0
7522,24.4994,16.7933,0.2092,-12.0052,33.0576,118.655,1
7523,26.7252,10.19,0.2416,20.1132,82.9372,182.541,0
7524,23.3594,9.4249,0.3429,-11.2872,24.993,53.4406,0
7525,30.4274,25.0561,0.1588,-7.8397,32.497,175.653,0
7526,24.4584,13.9759,0.3011,13.4505,54.494,189.483,0
7527,35.4044,15.465,0.1851,-16.8269,21.198,188.521,0
7528,28.2374,16.2718,0.2272,-24.6387,40.3891,172.78599999999997,1
7529,56.0181,14.48,0.1195,29.0766,11.5618,144.29,0
7530,91.438,54.2114,0.1009,89.6943,52.5424,311.5083,1
7531,47.8082,40.0114,0.0773,-33.3275,25.998,114.605,1
7532,232.6742,83.883,0.1197,-196.129,66.4043,254.3488,1
7533,19.941,8.7048,0.4651,-9.2523,62.8428,149.075,1
7534,35.0368,14.4674,0.1665,11.7581,11.385,221.437,0
7535,22.305,13.1162,0.3549,17.1924,89.8864,138.5118,1
7536,20.9858,15.718,0.2184,11.0775,53.01,111.763,0
7537,26.954,20.0649,0.231,13.444,78.6701,109.4749,1
7538,136.7856,88.1801,0.0348,-78.7875,0.4592,264.7961,1
7539,20.0751,12.6029,0.275,-13.9508,18.131,105.021,0
7540,41.745,19.728,0.1475,34.9348,1.2137,167.02599999999998,0
7541,36.7954,12.683,0.2076,-29.2785,6.47,242.667,0
7542,23.6796,13.4887,0.2455,-18.0034,49.3332,127.5187,1
7543,39.176,20.0959,0.1995,28.2399,47.9794,247.272,1
7544,117.8682,50.3293,0.057,-153.0976,8.936,40.4605,1
7545,45.0952,35.6845,0.0935,39.3855,21.611,144.32299999999998,0
7546,14.9201,11.6836,0.4565,5.2565,29.1403,217.011,0
7547,95.3181,35.3184,0.0964,67.2836,5.0683,290.643,0
7548,22.4755,17.3344,0.2126,19.4539,23.8599,229.4376,1
7549,17.1544,11.249,0.296,-5.3697,48.5893,119.225,0
7550,75.5264,37.4053,0.0782,42.1229,6.198,191.936,0
7551,121.5752,61.1896,0.0791,-106.5098,76.3027,254.6223,1
7552,30.1416,10.7753,0.2765,28.2447,4.945,187.272,0
7553,43.7014,14.2281,0.1401,24.9629,0.4341,197.124,0
7554,13.3057,10.1597,0.4889,-6.9755,66.476,208.31,0
7555,93.0962,39.7987,0.057,101.462,3.5745,202.092,0
7556,37.0974,15.4434,0.2002,21.465,8.163,268.67900000000003,0
7557,134.8123,52.7253,0.1493,-100.4586,19.9458,249.7469,1
7558,105.135,64.1772,0.1503,39.3859,1.344,355.497,1
7559,91.7477,22.9294,0.1957,67.2351,9.9993,222.721,0
7560,18.9434,10.2434,0.2892,-7.7716,12.938,134.474,0
7561,60.3976,18.5732,0.1366,52.0409,2.873,251.558,0
7562,26.6952,12.7915,0.3357,25.9448,53.1794,185.215,1
7563,142.17700000000002,62.2637,0.1179,-149.97,64.80199999999999,222.395,1
7564,41.4986,23.3668,0.15,23.7276,11.817,160.94799999999998,0
7565,70.3143,20.9753,0.1812,-40.1578,88.7104,187.905,1
7566,22.1742,9.6139,0.3155,17.8969,21.8842,198.5148,1
7567,17.6262,12.9846,0.435,-8.2179,64.1385,216.4138,1
7568,28.5532,9.429,0.2652,14.6335,51.3444,218.644,1
7569,18.2677,10.1684,0.3555,11.7125,12.2578,129.072,1
7570,265.5827,76.4762,0.1615,-284.7038,77.5514,175.0569,1
7571,60.2423,17.5709,0.1585,-48.0945,30.2907,187.106,0
7572,56.3973,22.5961,0.1034,17.7046,12.2671,192.565,0
7573,39.9254,14.1326,0.203,34.1295,55.2698,216.3402,1
7574,26.9695,17.5606,0.2012,-22.6928,22.5206,209.374,0
7575,92.56,39.1323,0.0546,79.7168,0.9188,256.883,0
7576,12.9131,11.3783,0.3785,4.2909,84.6315,111.695,0
7577,25.3322,16.9211,0.2526,-32.5723,47.0068,93.6291,1
7578,25.9126,10.5144,0.3672,-6.1689,42.753,242.3657,1
7579,24.7931,17.4496,0.2284,-9.03,5.178,197.253,0
7580,19.285,16.8881,0.2546,16.0169,37.127,270.507,1
7581,75.5048,23.0016,0.1055,57.015,2.359,279.095,0
7582,68.7354,20.5108,0.1182,45.2258,9.3666,153.89700000000002,0
7583,44.5611,10.5288,0.1818,18.7745,46.396,103.103,1
7584,29.9042,22.6803,0.1319,-14.9016,27.191,116.186,0
7585,57.5644,20.2196,0.2334,-55.5914,26.1085,217.544,1
7586,83.4741,27.0623,0.1547,61.0996,2.2974,344.005,0
7587,77.7161,30.1417,0.0711,63.5847,1.0204,261.15,0
7588,81.7713,16.212,0.1639999999999999,43.0976,46.672,58.6144,1
7589,118.395,26.2883,0.1689999999999999,-78.7363,10.435,382.969,1
7590,34.7228,13.3626,0.2368,13.5598,42.666,130.752,1
7591,25.3972,14.2542,0.2697,-7.5952,46.44,185.932,1
7592,138.0075,34.6176,0.1199,96.3666,62.7682,369.4005,1
7593,261.8295,145.9831,0.0449,-75.5524,69.0079,95.9173,1
7594,16.7528,14.3809,0.362,1.4854,17.8318,193.8342,1
7595,34.1337,21.96,0.1237,-28.7833,6.902,199.277,0
7596,20.0259,12.432,0.2663,-10.6232,28.966,46.7453,0
7597,66.8153,21.9456,0.1049,65.0778,9.1974,179.243,0
7598,31.9672,14.3467,0.2286,24.2542,9.152,226.916,0
7599,24.0263,9.8877,0.2117,-18.5272,54.7703,157.5552,1
7600,36.1504,18.1651,0.1354,23.9125,10.098,187.362,0
7601,131.039,84.4568,0.0534,131.98,80.4261,340.23,1
7602,61.9571,18.1076,0.1688,45.3531,3.3863,212.80900000000003,0
7603,42.9778,28.8084,0.3014,18.2927,1.7188,295.7384,1
7604,98.5879,31.7271,0.2149,-83.8285,6.4959,391.958,0
7605,20.0697,11.5594,0.3195,-19.2816,13.7302,193.316,0
7606,20.3884,9.4149,0.4071,14.5879,23.077,135.667,0
7607,17.4001,12.2241,0.4177,4.1679,28.9819,46.7294,1
7608,120.5135,76.9018,0.0683,-93.5224,84.6874,408.3166,1
7609,17.2647,10.7718,0.3629,7.9802,24.6514,171.78799999999998,0
7610,24.2788,21.7553,0.19,21.1536,73.2165,93.6929,1
7611,128.2638,75.051,0.0603,106.7994,64.3785,351.8749,1
7612,26.5474,21.8125,0.1913,14.3481,14.0,66.6115,0
7613,87.0127,30.2997,0.0873,71.4963,1.9882,248.285,0
7614,106.4077,87.4672,0.0689,34.2897,36.318000000000005,319.03,1
7615,117.408,23.6314,0.1034,52.8409,5.0911,339.606,0
7616,90.5525,36.4024,0.0632,71.3796,4.077,294.691,0
7617,24.7632,19.4205,0.1939,10.7197,30.8085,74.2206,0
7618,50.2431,32.8921,0.1048,64.3575,51.3673,254.5042,1
7619,29.502,3.414,0.3482,20.2684,19.4137,219.9838,1
7620,201.09,82.5347,0.0531,-188.032,73.6304,340.516,1
7621,54.1577,16.7564,0.1164,-29.7298,1.296,206.252,0
7622,30.1721,16.8838,0.2704,25.3694,74.709,229.296,1
7623,61.6535,11.925999999999998,0.1175,-37.8899,40.1466,125.8379,1
7624,33.2252,13.57,0.2577,-15.7714,15.71,76.5837,0
7625,35.6536,14.3624,0.2137,15.1357,6.9109,127.902,0
7626,52.8873,21.6376,0.1903,46.9113,88.7428,167.667,1
7627,50.8293,20.0939,0.1236,41.463,3.6565,189.155,0
7628,94.2528,26.9852,0.2741,-69.2278,49.8155,277.6757,1
7629,25.235,18.4821,0.1751,13.1416,76.696,108.103,0
7630,18.5095,11.5116,0.4185,18.7466,58.5288,146.66,0
7631,33.6123,9.5611,0.3327,11.2659,55.449,238.3086,1
7632,45.1856,10.1658,0.295,-36.0296,79.582,205.317,1
7633,72.5875,17.0188,0.2451,65.9551,87.3017,203.6814,1
7634,22.3488,12.8311,0.3472,14.4753,58.019,105.479,0
7635,21.9597,11.1318,0.4234,17.5772,58.034,230.985,1
7636,34.7211,22.219,0.1512,-11.5358,21.486,194.815,0
7637,48.1644,21.0949,0.2318,46.0319,19.0791,262.672,0
7638,39.5023,10.4801,0.2796,27.8194,41.692,237.537,1
7639,149.597,39.726,0.1639,-109.51,58.2243,300.1,1
7640,61.3494,21.7627,0.1461,47.0683,8.993,221.275,0
7641,31.5203,11.2299,0.1896,19.2771,70.9436,129.4407,1
7642,135.1552,105.2155,0.1261,-83.7826,44.1076,357.727,1
7643,17.5738,10.9547,0.2831,-8.4245,23.896,145.02,0
7644,63.83,11.5842,0.1371,41.9799,75.0032,140.959,1
7645,90.5838,40.4816,0.105,-46.4003,4.5116,391.28,0
7646,30.2969,23.0277,0.1184,20.7132,37.42,194.753,0
7647,68.4298,24.7029,0.1444,-30.38,7.302,292.084,0
7648,33.4322,18.2079,0.2427,-15.9017,18.1238,133.9836,1
7649,115.299,62.0856,0.0977,111.731,74.726,113.687,1
7650,35.1537,22.1023,0.1901,13.3081,0.2226,243.74,1
7651,28.2527,9.9309,0.2759,-21.9596,49.9964,242.798,1
7652,20.6147,7.1962,0.3646,-10.1138,25.643,87.5154,0
7653,190.092,94.394,0.0344,-146.053,59.417,304.35200000000003,1
7654,12.6701,11.7428,0.3699,-7.2067,82.2488,189.34,0
7655,41.67100000000001,17.1878,0.157,36.2814,5.7949,227.657,0
7656,23.4428,12.8378,0.3231,11.9109,27.4814,222.9928,1
7657,90.2687,47.6937,0.0534,-81.2962,70.0625,82.9808,1
7658,60.9973,14.2755,0.2403,43.923,5.081,255.541,0
7659,124.014,55.8011,0.0282,98.2482,7.8144,259.552,1
7660,19.6111,12.9182,0.2836,-10.7161,30.556,111.311,0
7661,44.6147,24.1443,0.1557,48.1374,4.947,215.372,0
7662,21.9698,10.8805,0.4226,15.1204,0.727,209.816,1
7663,33.2724,10.8962,0.2161,17.2721,63.308,42.7527,1
7664,60.9711,10.7853,0.2784,-16.0089,20.8422,144.111,0
7665,81.5279,36.3071,0.1608,-33.0901,0.151,409.762,0
7666,142.286,70.9921,0.0895,-120.157,48.019,87.1874,1
7667,9.6824,8.6952,0.4196,1.5449,42.0848,61.2014,1
7668,31.6789,20.706,0.2169,-28.2236,2.1147,228.3011,1
7669,103.38,22.1405,0.1055,93.0837,24.717,287.032,1
7670,37.7007,17.0048,0.1922,15.4035,12.8359,156.691,0
7671,37.5148,21.0421,0.1669,30.1293,7.0452,263.02,0
7672,92.0975,33.8986,0.0688,64.5659,1.0381,312.777,0
7673,139.722,112.316,0.0233,100.265,63.145,303.624,1
7674,240.9783,60.2732,0.025,-159.3645,62.93600000000001,236.5116,1
7675,97.1547,38.0068,0.0706,70.3318,1.2669,349.885,0
7676,28.389,20.251,0.1651,-5.2832,15.2987,95.5889,0
7677,19.541,7.0622,0.419,-13.0988,16.6934,111.76,0
7678,77.8119,21.4921,0.1566,56.1701,69.6702,197.0562,1
7679,149.0281,87.5812,0.0244,130.3872,73.4484,331.2244,1
7680,58.0383,13.6734,0.1437,38.842,76.1149,78.8224,1
7681,26.7645,19.9991,0.185,-17.942,17.682000000000002,187.65,0
7682,23.7276,15.6377,0.2363,-7.8779,85.4134,208.726,0
7683,66.6214,15.7086,0.1585,33.4005,0.573,228.322,0
7684,50.026,23.5099,0.1553,-18.9508,9.4937,265.398,0
7685,71.678,28.5153,0.0922,-76.6441,29.4446,180.8155,1
7686,19.9964,12.7122,0.3183,14.8267,3.6905,133.65200000000002,0
7687,227.18400000000003,22.5405,0.3102,135.869,48.219,265.238,1
7688,64.3959,14.2694,0.3664,-16.9877,0.9486,283.07,0
7689,27.214,13.6679,0.1968,1.9001,55.9207,34.2552,1
7690,40.22,21.7955,0.1242,24.4136,7.1523,192.665,0
7691,150.97799999999998,148.59,0.009,-28.141,55.18,157.457,0
7692,21.9144,11.9417,0.2533,-8.3477,22.162,133.483,0
7693,147.813,27.0996,0.1863,-54.8827,28.8504,234.5915,1
7694,121.5846,24.0051,0.1559,-117.7839,66.1716,56.4439,1
7695,57.8134,33.0361,0.0762,41.7081,0.211,72.582,0
7696,19.1141,12.2076,0.3186,10.6297,48.2306,177.912,1
7697,113.2104,28.0599,0.1143,-100.6832,9.8037,259.0725,1
7698,47.7599,11.7024,0.2426,-32.5899,19.6618,213.613,0
7699,19.4204,6.6496,0.3957,-11.1689,46.9609,142.9199,1
7700,22.0863,12.8951,0.2683,11.7315,7.9672,180.012,0
7701,33.851,10.4137,0.2416,-16.5235,85.1914,241.879,1
7702,70.2452,19.4757,0.1499,-35.9015,5.353,259.379,0
7703,34.4757,16.2697,0.141,21.4287,53.431,180.861,1
7704,29.811,10.8874,0.2508,20.32,70.9211,127.3103,1
7705,59.396,20.6391,0.2652,-51.2413,37.841,450.402,0
7706,12.893,11.3994,0.3888,5.9163,78.5401,198.152,0
7707,19.1054,10.9195,0.4102,18.1433,27.662,234.09,0
7708,19.7691,0.0,0.5639,-7.1052,13.733,109.437,0
7709,115.5226,28.3765,0.2068,111.4304,79.5439,120.3123,1
7710,38.1296,16.2913,0.1654,25.7342,0.2439,246.513,0
7711,24.6189,12.2696,0.2416,10.5904,71.15100000000001,221.37,1
7712,87.0464,28.2506,0.1257,26.8375,1.215,352.944,0
7713,46.198,14.2449,0.1705,-30.3002,4.529,243.331,0
7714,18.4594,10.5041,0.3554,10.7443,62.1048,175.0353,1
7715,45.563,15.6202,0.1632,14.5973,8.2167,171.72,0
7716,28.9415,15.1615,0.1658,18.4686,64.7773,235.031,1
7717,19.83,7.3303,0.4095,-9.7666,13.794,108.464,0
7718,51.3033,25.6944,0.0743,-17.6163,9.668,188.041,0
7719,133.405,56.024,0.0505,107.542,62.358,173.875,1
7720,16.715999999999998,12.2787,0.3319,19.7116,66.6151,76.5719,1
7721,29.8023,10.9847,0.2882,24.3173,0.352,209.784,0
7722,44.3994,19.0966,0.1568,33.7283,5.818,218.792,0
7723,23.9986,15.3437,0.2297,10.2886,10.8561,200.957,0
7724,50.2236,11.1068,0.1346,20.3994,11.44,92.0361,1
7725,100.493,21.3018,0.1644,76.2591,2.818,233.032,0
7726,29.2457,15.493,0.2358,-22.9316,4.6888,207.77,0
7727,32.5857,10.1356,0.3323,-13.4293,77.1964,114.3193,1
7728,45.4329,10.4937,0.2605,25.3086,72.747,189.825,1
7729,43.669,26.8483,0.2637,-18.6459,2.9973,312.847,0
7730,17.457,10.0896,0.2431,-1.6734,5.0668,135.3316,1
7731,15.6821,10.5755,0.3159,1.3088,40.8695,260.4657,1
7732,47.7753,25.5877,0.0896,18.9149,3.237,171.77200000000002,0
7733,51.903,14.2416,0.135,-12.2255,7.684,184.278,0
7734,71.2506,26.7584,0.0785,57.9574,1.5906,244.675,0
7735,29.2012,16.2811,0.2104,14.9919,9.7527,194.288,0
7736,17.7026,12.5796,0.3408,12.0049,26.508000000000003,150.667,0
7737,77.2225,17.6041,0.1568,52.9458,3.947,303.36400000000003,0
7738,19.4721,12.2262,0.3097,5.0708,27.5944,203.889,0
7739,216.2929,78.3016,0.0874,-144.6507,70.8438,198.6688,1
7740,38.4932,19.0219,0.1788,25.4021,4.217,178.676,0
7741,91.616,16.4013,0.1093,50.826,76.028,205.871,1
7742,60.2834,20.7085,0.1255,48.8328,0.7044,269.191,0
7743,14.5342,14.2628,0.3491,6.6097,18.9516,201.3046,1
7744,36.461,15.4114,0.2437,25.57,87.1801,312.4369,1
7745,115.093,61.4562,0.025,81.9058,5.487,271.373,0
7746,94.6049,30.5083,0.0709,79.2618,1.2109,315.243,0
7747,58.2158,29.5121,0.2005,-8.306000000000001,18.4848,295.991,1
7748,104.297,17.7526,0.2221,70.7658,0.0253,319.606,0
7749,38.2411,15.8063,0.1445,16.6159,13.963,223.689,0
7750,18.9319,10.9152,0.3426,17.3332,27.758000000000003,199.32,1
7751,25.4758,16.9708,0.2055,15.7739,1.0915,195.541,0
7752,21.9153,9.8124,0.3242,-15.3943,16.1307,186.61900000000003,0
7753,44.0446,16.1461,0.1665,-17.8299,64.5092,261.9053,1
7754,221.842,28.6898,0.0772,-213.995,16.173,110.919,1
7755,32.8254,19.3483,0.1649,-12.1285,37.525,177.18400000000003,0
7756,23.4969,0.0,0.4164,16.3489,19.7851,153.51,0
7757,50.2003,22.3679,0.0946,27.0467,12.513,210.999,0
7758,40.0184,28.3689,0.0986,31.0424,4.774,118.829,0
7759,92.9499,23.5875,0.2104,-31.81,12.255,224.661,0
7760,213.4886,83.705,0.0748,-96.2903,46.0347,157.1545,1
7761,223.847,122.43,0.0554,152.52100000000002,81.2919,357.02,1
7762,42.0911,31.0862,0.1212,32.822,71.3772,247.1991,1
7763,30.2759,16.6339,0.2484,15.6985,6.723,136.94,0
7764,18.6481,10.4145,0.2726,6.526,12.314,212.062,1
7765,22.7815,14.9526,0.2509,-9.3635,3.0779,141.562,0
7766,75.1334,15.2522,0.2789999999999999,-33.4909,16.886,307.6696,1
7767,91.6622,35.3177,0.1195,80.414,27.0291,243.3712,1
7768,108.9367,93.8639,0.0927,-74.6253,75.6106,302.8496,1
7769,127.9088,31.7282,0.2434,-80.2098,39.212,298.2361,1
7770,215.0162,83.461,0.0776,-160.96200000000002,63.9819,207.9776,1
7771,70.5297,18.5163,0.1723,56.0261,1.0712,251.314,0
7772,96.9511,19.204,0.3404,102.2248,80.9326,80.9782,1
7773,104.472,25.876,0.1383,81.9646,4.296,335.096,1
7774,21.0734,6.5254,0.4982,-16.53,84.0921,221.02,1
7775,14.7912,11.7955,0.4557,4.7675,62.25,62.5245,1
7776,38.4475,14.7924,0.2993,30.9733,22.3126,94.833,0
7777,39.2468,12.9345,0.2036,21.0278,55.1081,143.2114,1
7778,24.2515,9.6208,0.3179,20.0094,60.9102,89.8197,1
7779,161.5387,119.7201,0.0455,-87.3341,83.2382,285.93,1
7780,42.468,23.1362,0.1029,-28.1771,12.219,203.906,0
7781,51.6448,16.6858,0.1187,-8.0448,1.7337,163.41899999999998,0
7782,21.0502,7.5678,0.2794,8.6044,51.3267,209.2636,1
7783,22.7935,6.3037,0.402,-9.0045,67.10600000000001,199.65,0
7784,60.7601,38.9611,0.1109,-14.6718,13.2874,271.2896,1
7785,118.105,40.7962,0.0778,92.8722,86.7108,268.088,1
7786,67.7679,22.5004,0.0964,47.1606,5.381,252.267,0
7787,46.6248,24.555,0.1435,35.8694,39.6853,125.349,1
7788,140.4164,39.9692,0.0909,62.0818,42.743,182.9054,1
7789,107.4834,23.1902,0.0997,61.462,45.0546,214.5194,1
7790,47.1363,17.6194,0.2172,35.3755,12.504,267.338,0
7791,46.9654,11.1482,0.2009,23.1535,26.0156,66.4015,1
7792,33.8898,17.6924,0.1719,25.8841,6.891,90.7788,0
7793,19.8544,7.3932,0.416,3.7607,2.602,129.91,0
7794,50.7165,10.1314,0.1718,29.1589,2.0775,184.231,0
7795,23.3897,10.0375,0.3214,20.5688,19.8253,132.785,0
7796,58.4314,23.3716,0.0944,27.2121,5.406000000000001,192.534,0
7797,11.2453,7.9507,0.3124,0.0331,35.4654,235.4432,1
7798,46.059,39.6439,0.0604,-31.2693,55.3924,88.6433,1
7799,19.5686,10.9677,0.35,-17.7184,10.9472,165.183,0
7800,41.9869,14.8955,0.2218,38.5268,18.8358,142.196,0
7801,178.856,83.4298,0.1009,119.454,85.7578,320.93,1
7802,53.3661,24.7587,0.0909,50.6287,80.8215,82.4875,1
7803,156.192,98.9295,0.0245,-44.1172,70.078,298.593,1
7804,100.347,39.7827,0.0453,95.5917,0.9568,227.367,0
7805,66.0346,11.7658,0.2117,63.5139,2.0758,201.544,0
7806,44.3165,29.8201,0.1101,22.7405,76.952,230.747,1
7807,190.944,60.5507,0.0873,-121.843,75.376,258.463,1
7808,110.367,62.6716,0.1114,-128.184,16.8294,337.87,1
7809,40.3392,10.0127,0.1948,33.918,44.4455,216.9099,1
7810,44.2129,19.0053,0.1494,25.5338,6.928999999999999,172.232,0
7811,18.424,11.0174,0.3436,-8.4396,80.64,255.1573,1
7812,100.157,9.2877,0.4421,59.4849,36.432,289.785,1
7813,76.1863,23.8936,0.1528,42.9686,2.099,310.868,0
7814,23.3515,16.828,0.2355,18.1489,7.2523,212.751,0
7815,30.9687,9.6761,0.3008,-16.9422,80.2292,86.2565,1
7816,125.701,20.8562,0.2,147.477,7.3945,248.808,1
7817,23.4223,19.1572,0.2052,8.3217,18.1523,45.9802,0
7818,29.8384,12.1334,0.1969999999999999,-11.3444,1.575,198.599,0
7819,58.8994,33.1739,0.0908,-39.1077,61.522,239.537,1
7820,47.5381,33.4546,0.0874,-36.2772,17.858,161.09,0
7821,40.8309,17.2319,0.1337,-17.5628,0.573,167.21599999999998,0
7822,28.7849,6.4342,0.3496,21.8897,10.153,168.797,0
7823,29.5296,21.8245,0.1559,13.7726,37.585,122.644,0
7824,20.4253,11.3342,0.3228,18.8672,71.07,121.818,0
7825,29.4757,17.0463,0.2806,30.8968,12.3834,90.0854,0
7826,75.1978,49.1206,0.0688,-53.8606,27.139,141.637,1
7827,35.8637,14.6348,0.1955,20.4734,76.1853,240.44,1
7828,173.9607,70.6821,0.1017,-158.1627,41.9359,364.5721,1
7829,70.5593,26.1171,0.0717,81.2753,15.4093,194.721,0
7830,12.2154,10.328,0.4075,12.2295,18.7937,79.5453,1
7831,100.562,32.1523,0.0673,77.721,2.9569,316.623,0
7832,52.6356,26.6227,0.1106,-18.9617,34.3564,167.1355,1
7833,122.177,35.1761,0.0969,77.5441,69.7736,249.997,1
7834,50.4253,21.0031,0.2151,45.5144,83.9235,234.6044,1
7835,38.1486,8.632,0.2742,25.1428,42.457,233.9802,1
7836,74.2579,21.0418,0.1653,-51.4627,49.29600000000001,120.156,1
7837,50.1678,22.8371,0.1209,33.2242,0.922,219.444,0
7838,205.825,79.6351,0.0773,-114.624,40.808,263.85200000000003,1
7839,14.6612,8.4453,0.358,1.4321,67.6927,108.915,1
7840,210.504,33.3894,0.1578,106.85,28.4331,215.481,1
7841,34.5549,7.3375,0.2936,22.4152,1.8232,150.058,0
7842,19.3169,6.0723,0.5951,18.1737,45.3267,116.554,1
7843,38.1484,16.3098,0.141,30.5728,7.399,186.826,0
7844,12.927,11.2092,0.4338,7.502000000000001,68.723,71.1737,0
7845,37.2705,7.4475,0.2662,-19.2888,16.857,220.082,0
7846,20.9211,6.9211,0.4267,-13.8203,29.71,179.21900000000002,0
7847,64.7847,27.7095,0.1307,76.2401,22.163,132.47899999999998,0
7848,77.3495,28.3972,0.1444,80.6658,6.98,314.67400000000004,1
7849,51.7149,20.8026,0.127,48.7948,3.726,276.951,0
7850,84.8605,27.6153,0.1244,38.9607,6.252000000000001,386.71,0
7851,82.1036,33.9271,0.0761,-79.2515,35.311,130.391,1
7852,56.2287,29.0967,0.0855,39.5737,7.4349,166.96,0
7853,35.4345,7.1801,0.3191,14.9796,24.1245,209.343,0
7854,22.1719,14.6936,0.3,18.0763,47.5368,109.783,0
7855,18.5636,14.8533,0.3953,7.6226,48.3508,168.0281,1
7856,27.998,19.7625,0.3069,36.0989,86.5286,147.2552,1
7857,32.7593,9.0613,0.2178,22.4842,61.01,107.542,1
7858,19.9009,7.0867,0.4133,13.102,70.729,240.525,0
7859,22.0656,10.8881,0.2744,-16.3465,48.996,32.537,0
7860,83.5371,21.4058,0.1171,83.8344,3.3923,273.526,0
7861,24.476,11.7683,0.2412,12.3548,8.8517,124.125,0
7862,21.1504,10.6335,0.2958,18.4466,22.674,132.148,0
7863,27.1008,10.5205,0.4497,25.8986,81.1257,158.003,1
7864,54.5887,26.6943,0.0954,33.9747,1.893,146.312,0
7865,90.3185,11.2205,0.2462,-113.3689,38.6073,77.2846,1
7866,44.1864,12.7006,0.1967,17.7997,2.637,198.995,0
7867,39.5797,16.5146,0.1766,14.5688,10.476,109.621,0
7868,27.5882,2.4138,0.2962,-19.2607,63.0865,229.6309,1
7869,129.4726,50.8462,0.1077,-152.6217,33.5776,116.8207,1
7870,61.5901,49.8072,0.1148,-76.602,84.7875,285.8583,1
7871,27.9856,19.2893,0.1699,20.0003,15.8311,194.105,0
7872,22.8614,10.4089,0.3121,14.8602,67.051,69.9651,1
7873,27.5367,10.0171,0.2774,21.7574,12.595999999999998,85.9899,0
7874,31.5542,25.2923,0.143,-14.8746,33.3694,242.883,1
7875,53.7237,19.2013,0.1583,-56.0652,76.899,148.3894,1
7876,24.788,15.5164,0.2192,-16.1815,57.5441,57.8058,0
7877,134.9985,95.8599,0.0956,-89.2606,18.5212,197.401,1
7878,114.941,36.0681,0.1915,-104.586,31.7734,360.23800000000006,1
7879,29.8995,11.7646,0.3096,23.9225,20.46,278.629,1
7880,29.7307,11.2949,0.2585,12.4037,15.8361,208.9584,1
7881,20.482,15.8618,0.2359,9.9438,71.972,126.831,0
7882,34.6492,14.9269,0.2246,16.9082,34.9593,242.353,0
7883,12.7622,11.5976,0.3866,-7.7677,16.171,239.955,1
7884,38.6531,5.9628,0.217,45.0142,25.195,267.2944,1
7885,33.6934,7.0612,0.3504,6.1811,43.8156,221.9559,1
7886,44.8587,3.404,0.2489,4.1975,79.8417,183.4018,1
7887,12.2651,8.0944,0.4592,16.4279,83.6015,141.5295,1
7888,90.3072,25.2981,0.1099,88.7649,0.85,329.272,0
7889,39.089,26.253,0.1224,19.5241,18.9796,164.93599999999998,0
7890,84.7165,45.4775,0.1036,-32.6838,66.173,301.9222,1
7891,41.4798,13.9934,0.1886,18.8001,82.3925,106.5458,1
7892,18.6761,16.1222,0.2718,7.2379,69.5612,194.6364,1
7893,26.3542,20.9871,0.1931,12.8453,21.6256,195.583,0
7894,14.0288,1.4024,0.4817,12.6108,78.7837,113.2294,1
7895,44.1521,16.7655,0.1455,20.7402,0.337,180.685,0
7896,24.8756,8.7688,0.3707,8.8083,11.2183,190.068,1
7897,241.1381,94.0146,0.141,-175.8496,65.283,249.7471,1
7898,26.2678,8.3206,0.387,0.6246,51.5742,168.6993,1
7899,43.3462,19.7439,0.1307,34.118,2.039,257.543,0
7900,25.9698,24.5743,0.1515,14.896,47.0843,178.2201,1
7901,86.9693,22.3447,0.125,73.376,6.5938,287.99,0
7902,36.0807,7.6872,0.2699,26.1708,25.105,53.0814,1
7903,117.1218,14.8371,0.1429,103.3694,38.4564,263.0177,1
7904,18.5269,6.6591,0.4747,13.8558,44.8909,147.45600000000002,1
7905,59.2436,32.2447,0.1042,56.9813,66.9673,236.4463,1
7906,83.0709,10.6598,0.144,-63.4663,82.4601,253.8346,1
7907,57.0788,20.3876,0.1126,-45.4317,1.1,252.567,0
7908,22.2664,10.1037,0.2902,-16.687,21.435,161.457,0
7909,78.6741,48.7446,0.0569,18.8247,1.7904,138.305,1
7910,41.8364,20.2518,0.1369999999999999,32.9319,20.879,180.146,0
7911,82.4094,46.4922,0.1303,55.7947,2.157,357.47,1
7912,19.2001,8.699,0.5035,3.0909,21.5095,38.025,1
7913,60.8598,18.7033,0.1378,33.7518,4.182,146.803,0
7914,31.0128,19.8791,0.1922,26.9733,19.332,168.051,0
7915,89.2513,32.3559,0.1145,54.6227,1.0406,310.643,0
7916,126.759,60.8921,0.0683,-105.697,20.616,228.911,1
7917,97.509,38.3784,0.0738,88.3616,8.5859,216.293,0
7918,102.9478,56.5431,0.0758,101.2472,87.2815,118.618,1
7919,51.4864,16.5539,0.1496,35.2857,7.8974,168.75799999999998,0
7920,12.4914,11.9773,0.3554,-8.3772,33.158,124.24,0
7921,23.4921,16.1153,0.2905,18.6075,21.221,248.012,0
7922,43.7342,18.6058,0.1372,32.6551,5.3918,228.83900000000003,0
7923,67.6371,27.3733,0.1335,90.0788,15.2076,199.326,0
7924,53.0133,14.0532,0.2586,-32.7482,10.865,188.356,0
7925,11.6825,0.6564,0.3579,3.3382,34.996,208.97,1
7926,88.3353,34.4307,0.0766,92.0847,23.4767,166.896,0
7927,40.9615,24.1377,0.1117,-25.0327,6.9787,171.21599999999998,0
7928,78.1974,32.8985,0.1418,-99.966,27.5832,149.7632,1
7929,60.5328,34.9208,0.175,45.4899,0.8124,290.6,1
7930,59.2444,10.4634,0.1971,25.1317,71.0828,48.129,1
7931,26.8339,15.1463,0.2214,7.1928,81.5258,111.222,1
7932,21.9678,11.1386,0.3344,19.0468,44.108,170.345,1
7933,18.719,10.0538,0.3444,11.3655,54.437,166.884,1
7934,56.2951,14.8229,0.1241,20.0519,9.19,175.352,0
7935,25.2883,13.4475,0.2735,12.6291,8.2049,180.284,0
7936,24.942,13.7098,0.3183,18.0814,37.1575,199.303,1
7937,27.3481,14.9418,0.2417,-22.5047,74.229,249.861,1
7938,21.0242,7.1132,0.3527,-8.9055,47.2668,152.297,0
7939,109.8,34.3761,0.0687,121.024,73.6804,120.453,0
7940,27.7947,24.8586,0.1535,23.9281,43.8062,242.6183,1
7941,29.1511,21.8554,0.1702,6.3735,11.6197,111.53,0
7942,22.3735,11.7884,0.3976,15.7639,8.363,186.179,0
7943,68.792,24.6323,0.0787,54.8721,4.841,226.351,0
7944,33.1854,16.8379,0.1824,27.3907,22.632,138.422,0
7945,83.2555,52.2707,0.0548,60.3407,13.7,290.409,0
7946,33.6084,20.9286,0.1601,28.2606,32.615,141.254,0
7947,17.1822,15.8933,0.3864,-3.1572,66.9122,61.0713,1
7948,56.6212,20.7623,0.0868,-36.5977,2.3981,191.056,0
7949,23.7046,13.5287,0.2816,-11.6182,40.1475,155.501,0
7950,30.8152,12.0368,0.2754,22.7116,41.5882,168.774,1
7951,69.2857,15.8252,0.1628,44.8262,33.0506,273.8208,1
7952,121.7113,57.343,0.091,125.162,10.1712,285.6077,1
7953,37.1859,20.7287,0.2025,-28.8158,5.3784,171.71599999999998,0
7954,31.0872,7.9259,0.2844,-15.6589,78.6684,49.1054,1
7955,21.5515,16.1259,0.2163,7.0258,56.071000000000005,46.0426,0
7956,15.9546,11.5566,0.3764,5.5481,11.325,181.517,1
7957,31.6521,11.8236,0.2197,20.1731,2.6609,160.34799999999998,0
7958,113.9689,62.7857,0.0578,-92.3592,73.1525,227.8734,1
7959,76.6007,31.6078,0.2581,-65.1437,2.405,292.642,1
7960,160.138,49.0783,0.0925,-48.2289,70.41199999999999,251.778,1
7961,63.2448,10.3697,0.1678,33.0502,6.61,235.973,0
7962,54.3082,20.9217,0.1077,41.3347,8.7643,228.83900000000003,0
7963,48.515,19.5526,0.2063,53.2903,76.8736,110.327,1
7964,59.701,22.4834,0.0987,57.6959,8.806000000000001,246.525,0
7965,45.0726,13.8787,0.2339,14.8679,39.4333,178.2788,1
7966,26.976,14.0429,0.2436,12.9016,0.6298,139.015,1
7967,83.2182,13.5498,0.2536,-68.5741,86.0798,196.774,1
7968,21.9456,15.4575,0.2987,-16.0607,75.842,219.356,1
7969,172.39,27.8293,0.0968,-139.629,55.8469,186.511,1
7970,52.8214,16.7597,0.1689999999999999,30.9728,14.834,186.723,0
7971,24.9913,20.5808,0.2617,-22.4761,19.6425,229.259,0
7972,89.946,20.1616,0.1412,47.271,27.74,320.482,1
7973,33.3489,32.7464,0.1373,25.4779,20.799,241.7025,1
7974,32.9955,31.0242,0.1609,-26.149,0.465,17.9398,0
7975,33.4462,20.624,0.1308,-19.2229,8.613999999999999,255.488,0
7976,13.087,10.5001,0.4947,5.0574,24.766,177.997,1
7977,70.1391,23.6089,0.1002,56.7105,1.149,256.641,0
7978,24.5939,10.1418,0.2693,15.2452,17.0056,173.28799999999998,0
7979,24.1754,14.1008,0.2611,-9.0704,1.3133,167.00799999999998,0
7980,25.0,11.6843,0.2246,9.2603,64.5331,53.0931,1
7981,104.813,61.1065,0.1245,-115.348,3.5086,437.477,1
7982,37.299,19.3138,0.1541,-20.4652,82.1317,75.1205,1
7983,30.1563,11.9646,0.2626,-13.5594,18.682,78.7342,0
7984,22.7928,12.7685,0.2388,-11.1945,8.78,105.52,0
7985,138.347,115.051,0.0511,-78.3489,84.6519,217.354,1
7986,146.4157,42.4736,0.2067,-8.524,7.2265,232.5051,1
7987,154.64600000000002,40.1924,0.0839,116.453,4.0716,217.376,0
7988,83.9635,33.6984,0.0623,83.0857,3.0278,253.311,0
7989,27.1538,16.8407,0.1972,20.5464,1.692,173.93599999999998,0
7990,27.574,8.8831,0.3226,26.7603,64.97399999999999,212.04,1
7991,123.179,24.6852,0.1411,69.1339,8.987,343.242,1
7992,75.3265,25.881,0.0937,65.9936,0.2422,286.684,0
7993,18.0345,9.8637,0.4302,-13.9722,86.9053,135.282,1
7994,57.8276,21.7883,0.1377,49.5686,1.965,243.866,0
7995,46.7808,11.8706,0.2153,27.5481,71.0019,102.8707,1
7996,85.0494,28.5947,0.1196,75.5082,4.5512,316.523,0
7997,112.737,103.345,0.1038,55.5331,46.8482,304.159,1
7998,70.6035,19.0298,0.0997,68.1042,8.2868,234.713,0
7999,174.171,109.01,0.0151,-132.769,56.99100000000001,238.1,1
8000,26.3198,9.8805,0.2331,19.4184,13.5641,121.658,0
8001,23.091,13.4138,0.3084,10.3604,9.3139,213.371,0
8002,147.8836,64.1603,0.0647,-87.6575,18.1132,324.3452,1
8003,34.4933,7.899,0.2525,13.9354,62.854,59.0169,1
8004,20.9226,11.8901,0.3342,18.7334,18.4342,38.5092,1
8005,66.8887,38.4392,0.081,-70.5258,16.8956,223.7931,1
8006,20.2891,9.1077,0.4275,13.333,71.3503,205.507,0
8007,195.5844,22.4222,0.1987,126.2955,4.8756,168.5293,1
8008,105.43,21.6802,0.2412,51.263000000000005,3.773,146.937,1
8009,48.2614,22.741,0.1061,25.8891,66.9831,208.753,1
8010,17.4603,15.5294,0.3297,-16.0845,44.692,221.648,1
8011,60.5741,24.3031,0.1634,47.3937,20.725,301.69,1
8012,62.0678,17.213,0.1714,-7.2483,6.8034,173.7192,1
8013,91.3536,21.9773,0.0854,43.0507,31.8376,242.1138,1
8014,91.4258,25.4403,0.0652,87.7213,3.1195,245.109,0
8015,53.0719,22.5881,0.1668,53.2193,8.118,139.592,0
8016,70.1449,19.9188,0.2854,35.4051,5.0238,276.312,0
8017,26.4404,7.0226,0.3731,-17.999000000000002,18.463,162.916,0
8018,54.5668,9.9024,0.1569,-21.8864,53.672,133.947,1
8019,54.5251,10.5625,0.2356,-4.5808,81.5486,94.627,1
8020,46.7713,21.0689,0.1412,33.1355,6.4139,211.961,0
8021,101.616,42.0308,0.0409,84.1463,0.8339,281.992,0
8022,69.6579,25.3342,0.1492,67.5653,64.6319,151.41,1
8023,31.7269,16.0554,0.1689,25.355,11.3284,88.985,0
8024,19.775,17.6141,0.2885,-13.0171,12.734000000000002,135.079,1
8025,77.6496,37.4441,0.162,-30.3797,3.744,305.707,1
8026,242.0791,71.1568,0.1039,-225.8662,60.7836,258.0838,1
8027,185.451,60.9507,0.0301,-186.171,20.877,84.4044,1
8028,20.3372,11.4987,0.3154,19.3063,38.681,155.851,0
8029,56.3634,18.6592,0.1736,-4.1519,4.692,166.0683,1
8030,62.1435,26.6687,0.0904,55.9859,7.926,223.007,0
8031,10.1402,6.862,0.4517,-6.5859,34.6423,166.3966,1
8032,75.411,16.1061,0.2108,16.1647,17.3643,56.1356,1
8033,81.1973,35.969,0.053,69.2886,0.614,236.321,0
8034,19.0847,17.3154,0.2907,-16.3028,35.3545,234.26,0
8035,12.6594,11.758,0.3689,-7.2481,73.203,191.67,0
8036,44.9999,25.6517,0.1405,-12.726,46.1539,15.3696,0
8037,40.4431,19.3387,0.1497,-8.1638,3.3124,111.9501,1
8038,26.3059,15.6807,0.2294,-12.4411,51.496,149.608,0
8039,45.0808,22.9029,0.2355,-37.0878,1.555,318.123,0
8040,32.3176,12.9147,0.2685,26.2194,12.306,192.904,0
8041,128.9307,79.0323,0.0983,-63.1082,12.6302,328.1884,1
8042,105.1794,46.2561,0.0406,61.0396,26.1867,225.4863,1
8043,13.1727,10.6312,0.4627,-3.976,69.031,223.852,1
8044,109.73,21.9367,0.0974,80.7706,36.8746,254.713,1
8045,16.9162,6.1773,0.3109,15.7504,2.3781,102.6537,1
8046,25.2091,10.6551,0.3006,21.1038,41.563,147.489,0
8047,31.1839,17.9911,0.1639,19.4459,8.1352,236.282,0
8048,19.2917,12.5449,0.3072,-8.6821,37.029,58.3083,0
8049,42.2489,15.9828,0.2386,21.1596,61.6465,126.7507,1
8050,25.3267,14.4796,0.213,14.7904,81.0686,53.8159,0
8051,24.7797,13.147,0.2985,-10.2143,80.7402,183.76,1
8052,83.0419,21.8287,0.0808,87.5179,4.5497,266.413,0
8053,75.5105,13.2005,0.1253,33.8245,60.555,223.784,1
8054,50.0617,25.5263,0.1302,39.7093,3.6587,136.55700000000002,0
8055,134.8313,43.1658,0.146,146.2245,19.1729,147.2518,1
8056,36.5242,13.7876,0.1786,32.5134,2.938,159.60399999999998,0
8057,112.397,55.1214,0.0406,82.2024,1.285,283.482,0
8058,27.979,11.4756,0.2085,6.6349,13.894,194.725,0
8059,19.8174,7.3893,0.417,-6.9975,81.2154,158.55700000000002,0
8060,73.0436,28.8003,0.0633,60.5361,1.611,223.916,0
8061,49.8966,29.7888,0.0836,29.2132,5.93,202.289,0
8062,174.8438,86.838,0.0435,-165.9498,44.9263,315.7514,1
8063,31.7162,8.6998,0.2851,13.1914,26.937,141.005,1
8064,24.3356,12.2325,0.2731,16.1253,81.6645,142.984,1
8065,21.7282,12.1878,0.2295,8.9895,6.4748,135.47299999999998,0
8066,19.9856,12.7567,0.2036,0.5936,42.7667,227.791,1
8067,12.4751,11.9957,0.3585,-9.8675,16.29,147.314,0
8068,38.7785,14.9414,0.1686,16.4567,6.553999999999999,183.625,0
8069,22.4777,15.8752,0.3031,-17.7029,11.1527,146.45600000000002,0
8070,75.4702,27.0136,0.1931,-55.353,1.099,313.651,0
8071,12.5104,11.9542,0.3556,7.7917,81.3693,121.969,0
8072,14.2041,9.9458,0.4258,-18.637,9.7836,77.3638,1
8073,42.9189,11.153,0.1981,-25.156,21.995,66.845,1
8074,193.626,65.3719,0.0787,-236.906,21.347,354.82300000000004,1
8075,156.269,65.8125,0.1659,-53.0847,69.3915,329.92,1
8076,19.2775,7.4611,0.4494,-3.8873,89.7033,21.7421,0
8077,16.6153,8.1628,0.4484,7.3005,76.3942,197.1985,1
8078,63.3379,28.1032,0.0904,55.0795,5.324,189.071,0
8079,49.8521,11.4525,0.2305,39.3622,6.0457,183.495,0
8080,20.2988,15.9184,0.2986,-13.2045,13.392,136.112,1
8081,116.2,73.5958,0.1003,104.169,18.216,185.311,1
8082,35.5737,19.334,0.2161,18.9915,40.4613,167.851,1
8083,20.4405,7.2784,0.3803,6.9937,3.57,77.4207,0
8084,136.119,94.0156,0.0322,-73.7651,54.319,271.35400000000004,1
8085,110.567,31.4565,0.078,123.468,1.9947,195.796,0
8086,20.5434,8.9884,0.3438,9.6247,39.6377,235.628,1
8087,141.751,34.0218,0.0822,-43.7088,4.48,106.368,1
8088,129.744,65.0119,0.0482,45.0347,31.3419,316.815,1
8089,42.0656,23.2926,0.1067,-14.5747,3.6947,207.023,0
8090,66.1767,24.229,0.2506,-39.5752,1.2688,329.605,1
8091,28.0432,13.3305,0.2176,23.8016,15.4782,247.2282,1
8092,271.437,190.139,0.0546,-162.07,64.5036,152.159,1
8093,17.8224,16.5478,0.2702,15.8412,36.9723,143.132,0
8094,40.1845,20.7931,0.1588,-7.9486,7.848,191.314,0
8095,13.3518,9.7617,0.5159,8.308,16.921,178.179,0
8096,32.5686,22.5269,0.1224,12.5448,23.94,205.611,0
8097,57.9453,31.8343,0.0935,39.0148,5.7196,260.73400000000004,0
8098,61.3827,15.4866,0.1621,14.912,16.6337,142.937,0
8099,90.5754,27.0612,0.0823,84.0906,0.012,291.331,0
8100,17.9813,11.4675,0.3269,17.4177,20.19,222.082,0
8101,36.55,18.5686,0.1486,13.6751,2.106,178.06099999999998,0
8102,68.7237,16.5613,0.3211,34.2494,29.572,253.907,0
8103,168.06799999999998,78.9017,0.1277,-107.986,66.182,320.589,1
8104,21.0932,6.9149,0.4196,13.4576,15.343,159.75799999999998,0
8105,51.9277,9.3879,0.2245,31.9379,23.9877,232.0897,1
8106,19.4386,17.1093,0.3146,13.2628,58.159,125.414,0
8107,35.2264,19.8659,0.1596,21.48,15.103,228.711,0
8108,187.586,76.866,0.2067,-181.098,53.7089,300.532,1
8109,25.9703,18.3785,0.2333,22.292,66.531,87.0086,0
8110,38.4401,13.3636,0.2468,34.2348,13.7355,257.754,1
8111,37.0047,13.8247,0.1866,24.8963,4.1448,221.819,0
8112,19.4041,7.3799,0.4343,9.1734,55.859,95.3546,1
8113,38.2926,25.2371,0.1947,23.2339,89.5333,261.8841,1
8114,152.141,76.0626,0.0543,-133.065,47.59,299.453,1
8115,30.8219,22.2497,0.211,18.6348,29.901,105.593,0
8116,76.1742,22.2858,0.1319,55.9253,5.2872,231.92,0
8117,172.21599999999998,49.5923,0.1138,-93.4855,14.479,258.908,1
8118,47.6871,24.8174,0.106,42.5079,15.898,163.736,0
8119,18.9958,12.3606,0.3307,11.7779,38.043,211.135,0
8120,106.7713,29.1894,0.0634,75.7553,29.5828,231.5108,1
8121,84.1573,35.7226,0.1143,28.0145,3.214,359.619,0
8122,16.6298,11.2952,0.3199,-8.2844,59.9534,169.801,0
8123,53.9798,12.9846,0.1457,37.3264,18.3269,148.5,1
8124,120.9462,63.157,0.1159,-92.7586,10.9991,112.6873,1
8125,16.9608,11.1912,0.2881,20.4537,41.7464,190.6379,1
8126,22.3382,11.8207,0.3274,12.4227,79.532,236.446,1
8127,38.3263,15.8255,0.3073,31.1771,3.858,221.099,0
8128,40.2265,20.0005,0.1169999999999999,28.0751,17.067,136.668,0
8129,110.8966,37.5048,0.0885,-140.5629,38.7412,170.0706,1
8130,86.395,14.545,0.1716,67.2617,88.2406,235.8532,1
8131,37.0661,18.9517,0.1591,21.1347,2.957,184.36,0
8132,47.9143,21.5263,0.1159999999999999,29.1216,8.8996,147.031,0
8133,15.4374,8.4954,0.3493,13.4906,36.6213,177.4452,1
8134,27.3906,20.2325,0.171,18.5348,37.3138,94.9817,0
8135,61.1693,3.8862,0.2313,31.1291,49.8157,151.8837,1
8136,39.9972,22.1835,0.1437,36.3933,14.755999999999998,228.618,0
8137,37.1613,9.7527,0.2451,25.4576,16.697,168.02599999999998,0
8138,18.5398,14.3516,0.3826,-3.8804,35.495,87.9001,0
8139,95.3944,70.4099,0.1043,70.7168,78.833,353.398,1
8140,21.6967,11.0268,0.2789999999999999,18.8187,64.3873,139.64700000000002,0
8141,51.6411,23.1357,0.1097,34.876999999999995,0.314,235.535,0
8142,121.289,35.3162,0.0873,-103.834,62.234,179.875,1
8143,59.9928,34.8365,0.1017,44.3144,5.726,282.142,0
8144,21.5804,8.8966,0.3732,10.9501,48.415,147.006,0
8145,16.5612,11.5193,0.3269,3.9436,38.001,98.5799,0
8146,20.7336,19.0666,0.2612,9.3495,29.1685,60.7668,1
8147,24.5434,12.2962,0.4046,-15.4641,79.211,197.495,0
8148,70.3597,13.720999999999998,0.1559,-60.8345,59.665,146.39,1
8149,61.9078,22.0154,0.1156,36.0049,3.613,236.169,0
8150,27.2304,19.2817,0.2039,23.3428,77.5379,104.283,0
8151,97.9746,29.9839,0.1198,72.8553,2.449,300.48,0
8152,12.9298,11.2947,0.4109,6.8557,54.087,203.775,0
8153,35.4284,12.1785,0.2369,29.2485,43.4385,247.991,1
8154,17.1061,11.2189,0.3252,3.2895,0.3185,181.688,0
8155,27.3838,10.6979,0.2267,1.7313,36.9013,117.5229,1
8156,69.2844,26.1481,0.1481,46.7218,4.6516,260.637,0
8157,27.094,12.9584,0.282,-4.788,42.598,100.395,1
8158,88.3505,30.1839,0.2102,-61.5763,8.3369,370.066,0
8159,50.6802,28.7824,0.1733,48.5249,87.1475,145.3108,1
8160,37.7642,15.3805,0.2507,17.7065,20.4875,248.0616,1
8161,13.2963,10.6539,0.4035,2.4479,41.3072,194.593,0
8162,52.622,14.9202,0.1543,43.8029,10.9695,263.512,0
8163,45.9267,21.1137,0.1301,39.2603,18.5777,223.142,0
8164,30.494,11.1994,0.2347,17.6262,32.6759,100.301,1
8165,81.4536,20.3701,0.152,67.2432,5.2231,276.536,0
8166,43.2057,15.0189,0.2009,35.045,4.438,193.438,0
8167,40.6748,29.6305,0.1945,-15.6993,59.0341,223.783,1
8168,24.0751,15.5448,0.2051,13.5736,25.081,138.319,1
8169,24.2378,11.0764,0.3711,-22.2389,5.6286,177.415,0
8170,34.5103,10.4785,0.1403,24.0583,43.7754,176.4472,1
8171,28.2302,18.7591,0.2083,20.802,7.4795,146.09,0
8172,51.8498,11.5121,0.161,-26.7436,72.8577,184.5429,1
8173,20.0711,8.9345,0.4436,-12.6418,89.7209,234.118,1
8174,36.4971,18.596,0.1898,23.7937,7.444,184.867,0
8175,146.1118,44.1177,0.0923,92.5645,43.407,246.6065,1
8176,77.9874,32.8993,0.1194,56.4687,1.8587,285.885,0
8177,56.6968,23.5737,0.1284,29.6956,11.9427,181.511,0
8178,104.514,43.6324,0.0503,69.378,0.608,271.591,0
8179,26.2738,11.9961,0.2426,20.7625,4.849,54.3626,0
8180,21.3968,18.257,0.2374,11.0526,85.5644,100.562,0
8181,73.6369,19.1094,0.1491,-74.8542,76.4906,181.525,1
8182,150.773,14.7692,0.2514,-157.101,25.6371,162.925,1
8183,18.4475,11.7563,0.4051,-6.5384,69.2291,219.394,0
8184,22.791,20.5348,0.2832,16.5147,33.009,129.388,0
8185,136.7943,26.4837,0.1359,123.9896,68.9466,148.7457,1
8186,51.2797,17.6127,0.352,-57.7117,26.09,75.4297,1
8187,31.1555,12.3874,0.2364,27.3118,61.9402,241.7095,1
8188,172.2442,20.1926,0.1939999999999999,112.9452,28.9553,210.8496,1
8189,137.906,59.4594,0.054,-164.44400000000002,44.9189,240.57,1
8190,20.509,12.9473,0.2531,-10.0136,76.9494,226.745,0
8191,26.4138,15.0071,0.2545,7.7191,1.4,229.922,0
8192,77.1222,58.09,0.0485,66.6336,63.601000000000006,118.431,1
8193,42.9078,26.0176,0.1248,-15.4471,13.9853,169.827,0
8194,82.6258,17.239,0.1995,54.9726,9.3363,263.241,0
8195,35.3426,12.7244,0.184,-15.8117,18.8214,215.545,0
8196,156.9363,25.1713,0.2689,-91.4318,30.2859,363.3546,1
8197,37.7361,9.6408,0.2171,-5.5258,1.7976,218.111,1
8198,21.1516,10.5018,0.316,-17.1026,12.9692,137.153,0
8199,90.0481,13.9973,0.1413,35.1786,3.509,217.2128,1
8200,94.4168,49.0657,0.1848,-103.5011,29.9524,409.2248,1
8201,136.922,84.7161,0.0438,-146.314,7.235,329.706,1
8202,37.3261,17.5749,0.1549,-22.9115,4.655,205.734,0
8203,91.3656,37.4008,0.0872,61.018,1.304,280.941,0
8204,28.4877,14.3321,0.2581,13.5712,5.1525,145.886,0
8205,125.317,44.1088,0.1403,-103.985,54.6441,366.0580000000001,1
8206,26.5359,10.7914,0.3629,20.5885,33.0496,140.496,1
8207,21.4029,14.6598,0.2565,-11.7832,87.5655,239.845,0
8208,114.586,15.8007,0.1767,101.566,8.2676,303.32,0
8209,43.9609,9.5423,0.2965,34.1128,14.238,173.518,0
8210,54.4385,9.4219,0.165,25.2577,6.1805,173.4926,1
8211,40.197,23.2498,0.172,42.3323,8.6032,77.47,0
8212,49.8709,24.565,0.1209,41.023,18.1775,163.349,0
8213,60.0953,20.7914,0.1052,40.9235,18.6886,223.365,1
8214,17.2849,11.0088,0.3426,6.1132,42.016000000000005,69.1981,0
8215,34.8458,8.0214,0.2349,17.8666,47.5145,168.0267,1
8216,39.003,15.8981,0.2166,39.2724,11.479,235.549,0
8217,34.9475,19.1081,0.4424,26.8836,35.6925,370.114,1
8218,26.6009,11.6,0.1956,30.6112,30.9746,113.9031,1
8219,25.8428,15.6143,0.2466,-12.5121,8.0678,116.805,0
8220,38.1116,18.2224,0.1503,7.4557,2.0107,224.925,0
8221,24.1099,13.9701,0.2914,-10.4673,4.4326,228.773,0
8222,32.2595,12.6968,0.1727,10.6993,0.457,200.717,0
8223,19.4624,12.5574,0.2981,-8.3848,15.001,140.915,0
8224,57.2663,15.509,0.1483,37.5807,4.819,199.807,0
8225,27.1438,13.546,0.3415,26.5492,16.3242,241.21400000000003,1
8226,38.8298,33.0414,0.0896,13.5817,27.67,76.854,0
8227,34.1413,11.406,0.2022,-13.5823,12.773,161.359,0
8228,172.0988,35.0267,0.1865,-216.6803,26.2204,323.9282,1
8229,37.2321,34.7242,0.1063,-42.5484,66.9981,230.3419,1
8230,152.4108,53.017,0.1259,98.1779,33.5791,245.8817,1
8231,65.6917,20.4169,0.1141,58.3127,6.115,192.604,0
8232,23.0745,11.3649,0.3712,8.5667,60.6173,205.76,1
8233,22.3819,12.1737,0.2655,14.3834,6.24,117.447,0
8234,13.1,10.3364,0.5077,6.3277,39.62,160.734,0
8235,133.529,85.5088,0.0422,75.7476,87.3269,382.337,1
8236,29.98,9.3451,0.3015,20.7694,43.205,140.041,1
8237,227.879,119.071,0.0252,-223.334,40.641,241.448,1
8238,25.2099,10.5761,0.2644,19.2371,72.391,120.73,0
8239,40.2999,26.4323,0.1921,34.6204,55.9,159.428,1
8240,19.7981,7.0834,0.4146,13.101,0.623,203.47,0
8241,20.324,11.1694,0.3325,19.3642,54.193000000000005,139.563,0
8242,123.2463,41.2888,0.1323,52.5229,5.3595,343.0366,1
8243,221.7522,138.8445,0.035,118.7451,54.683,39.9043,1
8244,44.1337,11.0813,0.1706,32.8381,34.553000000000004,148.58100000000002,1
8245,101.936,34.7618,0.0705,62.5676,0.385,279.691,0
8246,34.8464,17.0481,0.262,26.797,24.113000000000003,185.467,0
8247,18.6811,10.1583,0.3325,10.8606,42.612,67.0659,0
8248,41.8052,39.6102,0.1289,-24.6032,9.5109,272.2625,1
8249,24.932,16.4454,0.1988,10.9784,19.7041,203.596,0
8250,20.3875,7.2941,0.384,5.8566,84.1758,235.629,0
8251,108.681,36.4744,0.0548,80.6891,1.053,310.641,0
8252,228.2337,160.8347,0.0112,-234.6538,3.8134,177.4198,1
8253,171.859,113.4542,0.0076,-85.1029,74.9744,63.6026,1
8254,18.1318,9.4712,0.2864,20.8547,38.1823,156.8649,1
8255,44.5886,10.5189,0.2187,-21.6576,76.24,181.919,1
8256,112.7387,36.1014,0.2129,67.8935,57.3832,261.2395,1
8257,53.0521,22.055,0.0969,23.9267,11.985,151.2,0
8258,38.5154,19.8073,0.1816,-25.2347,9.826,225.185,0
8259,61.1136,17.89,0.1363,59.9786,7.7249,250.769,0
8260,27.4371,11.7539,0.2345,16.2187,14.76,164.81599999999997,0
8261,24.8548,11.8561,0.2264,5.3921,27.748,161.055,0
8262,34.3556,14.2397,0.2074,5.2882,1.1303,190.353,0
8263,32.8882,13.3841,0.2533,-22.07,8.0922,196.129,0
8264,19.5553,7.9626,0.2914,17.5819,26.3074,229.118,1
8265,12.3403,12.1511,0.3384,1.0015,7.271,272.18,0
8266,70.2081,45.9078,0.2772,-40.9929,37.4091,347.0811,1
8267,68.2986,29.9533,0.1192,45.2664,3.5619,230.053,0
8268,97.3859,45.1858,0.0504,73.4191,32.302,185.712,1
8269,26.5871,18.637,0.1913,-12.448,1.475,101.464,0
8270,29.6729,0.0,0.4137,27.6467,16.2676,185.497,1
8271,96.1021,63.9019,0.096,65.3617,58.3699,145.04,1
8272,85.4547,21.6505,0.0959,88.9555,12.615,226.328,0
8273,122.418,16.0965,0.1443,88.4561,3.236,348.406,0
8274,229.452,41.0479,0.043,-75.8655,16.809,121.951,1
8275,18.6165,12.7613,0.2967,0.4535,20.523000000000003,192.198,0
8276,28.7189,10.9236,0.3441,10.9371,85.9512,170.2305,1
8277,26.3471,14.3444,0.2984,12.6617,50.1213,263.3354,1
8278,12.6187,11.8044,0.3766,-9.3566,24.545,180.145,1
8279,57.2739,29.9088,0.0892,45.6583,7.8961,173.96400000000003,0
8280,37.1792,8.0884,0.2849,8.0017,58.2452,136.0017,1
8281,63.931,35.0592,0.0494,-23.6664,16.7216,97.5385,1
8282,78.945,15.072,0.2341,70.2169,38.022,343.605,1
8283,165.7779,86.2292,0.0471,-175.2649,50.7399,235.8158,1
8284,31.8013,14.9086,0.1919,9.4054,21.5187,75.9731,0
8285,19.8126,12.1361,0.4127,18.0124,20.69,227.721,1
8286,55.2393,3.4692,0.2421,25.1603,48.7783,154.0832,1
8287,182.1988,30.1159,0.0534,-218.1265,2.0516,93.7571,1
8288,44.3696,17.8222,0.1376,28.2131,4.7954,248.103,0
8289,29.844,10.0809,0.2429,-13.1345,29.43,48.8985,0
8290,177.8882,59.1349,0.0557,-127.6361,88.9903,263.9121,1
8291,34.3446,15.5084,0.1559,19.6119,3.666,247.242,1
8292,75.5269,27.044,0.1235,-77.1423,51.0827,142.5482,1
8293,22.5238,9.5856,0.3296,11.6377,22.9198,199.423,0
8294,23.2333,9.5039,0.3585,-9.7974,26.733,132.136,0
8295,28.5322,15.1782,0.2399,21.7936,62.7504,254.0526,1
8296,21.0987,10.6788,0.3012,-17.2609,22.874,217.377,0
8297,20.8279,7.1696,0.3551,-8.7773,49.935,166.977,0
8298,71.9821,16.8904,0.1948,55.2222,78.5929,278.8067,1
8299,286.823,65.4158,0.145,-233.192,32.6333,214.548,1
8300,39.8586,10.4318,0.2752,28.008000000000003,38.922,81.2325,0
8301,55.838,22.8369,0.161,38.795,76.742,257.569,1
8302,72.9495,25.0803,0.1017,50.6258,82.1398,106.639,0
8303,96.3798,32.4251,0.1546,84.1927,10.836,317.8891,1
8304,85.5402,34.4071,0.157,31.7049,4.01,332.472,0
8305,42.5751,10.8151,0.1477,-22.6394,11.3585,232.055,0
8306,34.0466,10.7681,0.2709,32.3867,57.166,211.043,1
8307,26.6682,19.8427,0.1568,-12.8551,2.048,230.33900000000003,0
8308,41.7719,24.6557,0.1028,-15.436,23.56,166.835,0
8309,26.0598,13.9969,0.1829,11.5439,40.5527,244.1277,1
8310,29.5713,18.3141,0.3091,-29.398000000000003,23.723000000000003,175.025,1
8311,27.6996,12.8585,0.2594,18.6738,26.6481,222.431,0
8312,101.534,19.5152,0.0993,-59.3273,16.114,76.1303,1
8313,32.6701,11.2413,0.2594,9.6426,75.0086,159.933,1
8314,33.4718,23.5392,0.1413,21.8971,0.6027,229.513,0
8315,48.0873,42.8229,0.076,39.2089,18.8033,112.442,0
8316,64.8397,22.7859,0.0904,51.7055,0.109,229.045,0
8317,38.8527,13.5009,0.1718,-14.523,4.604,212.39,0
8318,26.9117,9.5105,0.2579,18.2372,48.6712,214.0347,1
8319,92.9209,24.2387,0.1928,59.639,48.2513,341.8071,1
8320,19.1139,10.1348,0.2867,-6.977,40.884,69.6987,0
8321,62.1971,14.3155,0.1369999999999999,-11.3675,48.7462,157.6173,1
8322,88.2461,15.1339,0.2822,-63.6452,0.415,266.615,0
8323,114.6393,27.0328,0.1407,-60.2645,8.5969,306.7322,1
8324,44.6697,21.2443,0.15,-12.6348,69.4152,190.9107,1
8325,51.2161,23.5687,0.1761,37.2872,22.5804,282.004,0
8326,89.4662,70.6759,0.0839,-19.2773,31.1847,352.874,1
8327,45.4214,31.9009,0.0869,40.5794,11.6075,165.60299999999998,0
8328,55.056,33.4244,0.1482,24.7763,7.286,340.011,0
8329,52.1023,18.8016,0.1632,18.8213,74.2446,103.0275,1
8330,22.6241,15.8195,0.25,-15.1246,5.6815,167.81,0
8331,17.3878,10.8932,0.351,-6.0171,2.3939,79.0246,0
8332,50.1058,18.3299,0.1238,28.6234,4.0106,186.285,0
8333,81.3466,38.2146,0.086,59.5826,1.2749,317.927,0
8334,86.8255,18.0755,0.1024,37.0164,87.3897,222.152,1
8335,67.5331,23.5761,0.2727,-32.3389,9.4092,316.038,0
8336,61.8059,21.566,0.0958,34.0096,3.415,238.553,0
8337,19.0605,9.8311,0.3157,-9.6045,2.805,80.2072,0
8338,34.2121,22.032,0.1899,32.8566,7.337000000000001,61.5099,0
8339,114.973,65.3205,0.0762,70.2804,37.2837,342.715,1
8340,126.4423,67.4753,0.0557,61.4354,67.0214,318.6719,1
8341,132.895,52.4411,0.0469,-75.1739,33.838,251.78,1
8342,20.1664,10.812,0.3265,17.3249,74.454,148.084,0
8343,20.985,7.0479,0.3872,11.7704,45.312,149.399,0
8344,95.4981,22.2238,0.0992,62.5676,4.0081,177.11,0
8345,90.0304,26.6033,0.1176,101.203,17.8697,190.221,0
8346,104.476,33.3908,0.0923,94.2606,79.0699,179.34799999999998,1
8347,61.2374,16.9639,0.1465,22.8039,3.5010000000000003,240.879,0
8348,24.9214,14.5455,0.3328,-15.1429,21.498,140.436,0
8349,24.2412,12.4169,0.2243,-11.5635,29.023000000000003,225.222,0
8350,64.6222,25.9895,0.103,54.5421,1.6669999999999998,246.854,0
8351,12.8312,11.5087,0.3746,5.0164,60.57899999999999,136.907,0
8352,40.4373,15.7099,0.237,16.5066,10.995,157.783,0
8353,119.83,55.8508,0.0651,-128.267,77.7234,41.0992,1
8354,28.653,14.7728,0.2158,20.7562,22.384,201.026,0
8355,31.9106,10.7828,0.2171,15.2487,25.087,170.002,0
8356,75.5588,21.1687,0.0907,39.4795,0.013,251.793,0
8357,48.381,10.423,0.1628,-26.6965,67.742,135.248,1
8358,146.61700000000002,68.2632,0.0931,110.934,2.444,253.716,1
8359,218.3761,125.694,0.0368,-167.90200000000002,75.4364,322.0775,1
8360,26.4549,13.8739,0.272,-19.9851,25.187,252.577,0
8361,231.518,172.926,0.0621,115.973,60.3405,197.133,1
8362,129.428,9.7503,0.268,-94.7378,1.004,376.456,0
8363,48.4137,17.6279,0.1305,-29.4894,0.3636,217.651,0
8364,48.536,15.9747,0.1299,39.1078,1.7215,216.659,0
8365,23.9161,13.8853,0.2758,-17.2451,87.7007,191.0089,1
8366,71.7146,23.7403,0.1309,85.5883,6.282,266.573,0
8367,64.219,23.7924,0.0937,-49.5958,6.665,122.949,1
8368,22.0364,12.8675,0.245,10.2103,40.5939,189.093,0
8369,22.5869,15.6789,0.2648,-0.2869,59.4342,153.701,1
8370,17.3613,10.5893,0.3936,4.226,24.043000000000003,141.249,0
8371,18.1576,15.9401,0.2818,10.607,33.2818,56.8794,0
8372,87.2762,13.4472,0.0988,30.5618,42.7081,146.915,1
8373,146.539,94.1871,0.0464,67.3974,33.9366,145.938,1
8374,41.5662,17.8179,0.153,-15.9486,1.314,222.81,0
8375,93.5335,23.9203,0.1121,-92.9725,3.4326,122.7138,1
8376,20.2015,15.8354,0.2733,13.3197,30.029,209.193,1
8377,103.371,26.0372,0.151,64.8368,6.884,312.805,0
8378,81.2144,27.8229,0.0685,71.4551,0.2799,262.251,0
8379,27.3516,12.9017,0.2484,20.8106,3.4856,188.041,0
8380,31.7098,22.6711,0.1772,11.6054,24.256,249.854,1
8381,137.054,33.5751,0.1486,53.5422,19.973,267.22700000000003,1
8382,22.7689,17.0966,0.2716,16.9109,38.404,114.82,0
8383,36.7352,16.8787,0.186,-30.3363,4.147,201.479,0
8384,52.1224,25.8186,0.0909,30.958,8.6796,136.9,0
8385,16.871,11.0212,0.3157,9.6349,5.8091,203.685,0
8386,116.2172,43.1308,0.1369,-114.9474,9.2964,373.8893,1
8387,173.6162,50.6491,0.1122,-83.3682,85.6785,283.8606,1
8388,44.4396,16.6392,0.1394,-23.0971,7.831,198.165,0
8389,16.8677,8.8821,0.3472,21.9606,62.694,112.6928,1
8390,36.2711,16.615,0.1658,-22.7185,9.621,126.983,0
8391,74.6311,33.7836,0.0787,-76.354,28.3058,78.5164,0
8392,67.7139,28.5831,0.1106,63.1391,47.979,251.993,1
8393,12.4392,5.6744,0.406,7.2711,8.4374,205.3319,1
8394,106.465,21.8247,0.2127,-84.1559,21.0121,375.508,1
8395,56.5581,18.4582,0.1245,56.5939,3.622,274.78700000000003,0
8396,23.2801,20.8446,0.2191,-5.4486,49.586000000000006,100.433,0
8397,21.5016,11.9761,0.3245,11.2996,32.9097,160.995,0
8398,63.6221,25.8677,0.1094,50.6832,5.5598,269.896,0
8399,28.0446,12.8137,0.2544,-2.5723,4.8014,233.65,0
8400,41.588,17.8972,0.1561,33.876,35.137,110.559,1
8401,86.9716,28.3568,0.1538,-62.6945,24.9483,242.9762,1
8402,164.5385,34.1577,0.1369999999999999,-139.0517,33.4221,369.9988,1
8403,59.341,8.7617,0.1613,39.6433,52.0191,83.3273,1
8404,64.1393,15.5732,0.1861,66.4638,1.5789,249.462,0
8405,25.9292,6.0402,0.3644,19.4146,68.6197,66.845,1
8406,23.1352,9.8703,0.3174,18.0928,49.932,158.43200000000002,0
8407,21.2476,16.0644,0.2819,9.4638,35.602,129.934,0
8408,24.4936,18.3546,0.2,17.4468,46.942,186.32,0
8409,20.1496,8.4884,0.4038,-6.9866,43.2396,152.2086,1
8410,47.0295,21.8757,0.1285,40.3669,54.3425,237.503,1
8411,31.325,17.2924,0.1597,17.0701,8.9995,243.389,0
8412,34.4809,12.5582,0.2556,-12.9328,36.4389,152.569,0
8413,34.1,7.9861,0.3005,-35.8906,31.5138,37.2574,1
8414,28.507,15.104,0.1868,18.1136,0.2314,195.951,1
8415,176.9679,38.7804,0.1585,-110.4366,14.4972,330.1683,1
8416,20.3846,11.4401,0.4569,20.6341,32.858000000000004,242.61900000000003,1
8417,22.1393,10.9032,0.3149,-19.5789,7.9221,116.486,0
8418,125.9803,23.3981,0.1052,71.027,48.7288,257.7743,1
8419,52.3679,33.5311,0.108,41.985,62.904,276.255,1
8420,24.7271,14.5628,0.246,-14.9319,79.5231,203.767,1
8421,32.4251,9.629,0.2564,23.9613,6.6791,165.517,0
8422,18.2056,12.4071,0.3592,-11.0854,13.294,108.564,0
8423,79.8789,12.566,0.1184,48.3437,65.2268,253.9543,1
8424,66.4043,9.2183,0.2538,47.4812,1.257,308.17400000000004,0
8425,25.5468,9.4973,0.2976,-6.477,63.086000000000006,243.501,1
8426,21.7058,8.999,0.3751,-5.1949,78.3263,148.1034,1
8427,15.4067,11.9714,0.3648,3.5627,68.753,63.5686,0
8428,24.3415,16.8898,0.2944,13.2756,17.904,139.935,0
8429,14.9856,14.7028,0.3503,26.324,77.7656,30.4286,1
8430,27.6783,7.0436,0.3094,5.7116,1.9919,131.733,1
8431,79.8173,17.6495,0.1521,46.9464,3.144,287.518,0
8432,8.601,7.9841,0.3139,-0.3119,27.8311,141.2938,1
8433,36.1483,21.5701,0.1509,34.2588,13.2839,193.939,0
8434,53.1993,25.1529,0.1359,-43.4786,4.7161,202.754,0
8435,42.0042,20.9915,0.1474,18.9253,7.672000000000001,268.331,0
8436,42.7722,4.5409,0.2066,-10.6186,61.7914,150.1526,1
8437,49.711000000000006,18.5403,0.1265,33.7216,38.0285,183.968,1
8438,36.1485,18.4435,0.2379,-28.6659,72.777,140.30200000000002,1
8439,30.1744,10.3081,0.2824,26.3256,40.4178,122.1204,1
8440,19.7752,11.7143,0.3377,14.2667,74.0078,177.452,1
8441,18.9556,7.4618,0.4653,-6.8221,59.64,111.59,0
8442,12.717,11.6409,0.397,-9.4332,27.85,73.9106,0
8443,64.8532,9.4141,0.1816,32.7365,89.71700000000001,185.5904,1
8444,74.9897,23.898000000000003,0.1213,83.8321,58.842,180.972,1
8445,20.947,12.872,0.246,4.5452,34.4932,100.973,0
8446,118.4085,21.1124,0.4158,112.5493,80.0592,241.4869,1
8447,30.129,14.4008,0.2646,19.4426,34.0607,191.028,0
8448,120.2285,73.8126,0.1536,63.0578,7.8807,192.4968,1
8449,37.5564,26.684,0.1657,16.2184,65.0328,126.4649,1
8450,95.271,37.5314,0.0852,64.7418,2.211,368.716,0
8451,28.2993,9.8867,0.2869,18.9368,71.9781,114.461,1
8452,23.3055,9.8084,0.3115,18.8029,82.9071,163.873,1
8453,25.1217,0.0,0.4383,16.6693,48.5825,242.515,1
8454,12.7299,11.6462,0.384,-8.0477,1.9575,182.312,0
8455,40.7146,12.3475,0.2185,22.016,1.124,180.4,0
8456,40.6918,12.9648,0.2954,13.8019,43.0868,134.069,1
8457,96.032,39.9332,0.1593,97.0464,69.8492,264.67400000000004,1
8458,65.192,11.175999999999998,0.1608,-15.1116,8.637,203.935,0
8459,52.3043,29.4023,0.1041,36.514,76.2366,232.2801,1
8460,28.2374,16.2718,0.2272,-24.6387,40.3891,172.78599999999997,1
8461,51.9163,28.62,0.1032,33.7837,50.6265,221.7059,1
8462,17.9872,10.8106,0.2698,6.1115,7.3429,235.016,0
8463,60.9046,20.4221,0.1042,42.1983,6.978,235.034,0
8464,123.0896,33.3486,0.2933,-62.746,59.2022,270.6618,1
8465,37.9977,21.6524,0.1337,20.436,5.49,250.65,0
8466,26.5656,11.9031,0.2848,-14.7146,57.6366,17.8339,0
8467,70.5182,26.5995,0.1089,43.7858,43.593,259.545,1
8468,32.705,11.1606,0.3258,1.8022,50.3919,184.7431,1
8469,15.962,11.5356,0.3827,-5.2555,59.1671,146.237,0
8470,103.5398,17.4695,0.2279,-32.4126,30.3805,292.6638,1
8471,41.2726,21.9081,0.1211,29.987,6.769,158.461,0
8472,62.2195,24.2531,0.0991,43.2756,1.5585,247.374,0
8473,95.0858,33.2752,0.0986,78.7495,3.485,337.871,0
8474,140.796,87.5776,0.1354,-100.459,35.534,308.285,1
8475,62.5328,17.4764,0.1027,53.4528,6.188,209.834,0
8476,61.0835,21.8459,0.1132,31.3106,12.079,225.574,0
8477,38.3975,21.4591,0.1174,-14.3556,18.294,174.417,0
8478,33.9769,15.4061,0.2187,28.8075,28.512,219.251,1
8479,22.9612,22.0585,0.2563,22.1263,6.5547,175.3106,1
8480,26.2873,11.4751,0.2809,21.562,14.527,212.938,0
8481,13.1797,10.8931,0.3977,2.3052,25.297,147.204,0
8482,57.2899,11.9934,0.135,45.8293,37.1283,154.439,1
8483,77.0229,25.0324,0.1496,51.9473,4.1493,270.595,0
8484,21.7495,9.7791,0.3343,-14.6778,10.7089,82.3431,0
8485,40.9114,11.8167,0.3062,35.4742,9.9994,117.8781,1
8486,82.914,36.0961,0.1277,46.6229,0.42,342.689,0
8487,231.2198,41.703,0.0339,-108.2891,75.7118,205.084,1
8488,50.9671,21.4451,0.1035,30.6774,1.594,195.294,0
8489,28.3463,13.4075,0.3009,17.2129,6.785,169.642,0
8490,71.8364,46.752,0.0681,73.4646,76.8029,197.2511,1
8491,94.0846,28.411,0.1338,53.6289,2.9371,285.172,0
8492,64.4738,35.6096,0.1034,54.7788,44.389,292.869,1
8493,66.1692,26.0928,0.1281,63.4351,1.9943,185.909,0
8494,37.5265,21.7254,0.1087,8.3872,7.3742,141.914,0
8495,16.1929,11.1294,0.4129,5.2042,59.383,222.751,0
8496,23.3544,0.0,0.4456,17.5986,11.469,130.662,0
8497,37.1106,17.0511,0.1602,27.1641,0.4547,157.401,0
8498,25.8254,18.7991,0.1755,17.8471,9.273,149.785,0
8499,219.765,83.9226,0.1263,-136.6972,47.0808,293.7207,1
8500,14.3875,11.5851,0.5021,3.734,20.35,193.225,0
8501,82.934,39.7618,0.0848,-54.5626,26.4093,240.7969,1
8502,20.3792,6.807,0.4671,15.2462,55.157,195.712,0
8503,22.8033,17.1068,0.23,-14.3515,48.194,235.365,0
8504,69.8139,23.1961,0.1304,51.9424,9.604,237.316,0
8505,20.5867,12.5551,0.2458,11.3816,31.2984,175.519,0
8506,26.4583,11.1234,0.2466,10.9173,3.3458,172.89,0
8507,32.6196,10.8471,0.2166,-12.2754,0.083,166.07299999999998,0
8508,38.1489,16.3476,0.1774,-25.1399,7.9897,205.117,0
8509,27.6964,16.9705,0.2022,19.1645,40.7357,204.364,0
8510,44.3014,19.2551,0.1479,35.2293,9.83,279.156,0
8511,86.291,26.1931,0.0928,82.9791,1.581,296.75,0
8512,21.64,17.4888,0.3234,-15.2153,77.863,224.446,0
8513,20.3131,14.9422,0.2624,-6.377000000000001,37.287,230.014,0
8514,41.9097,13.1063,0.2174,-18.528,46.6079,70.2924,1
8515,20.968000000000004,6.9982,0.4041,-12.731,19.5113,275.281,0
8516,75.4502,14.4025,0.226,-76.3446,41.471,65.1151,1
8517,57.957,33.8255,0.1364,-54.4281,84.2708,134.1741,1
8518,18.7913,12.854,0.4101,16.0255,62.735,240.409,1
8519,13.0635,10.9843,0.4353,5.3086,63.3618,74.5681,0
8520,43.287,12.0395,0.222,31.4508,8.3733,232.854,0
8521,20.4561,14.9805,0.2581,-4.2009,5.218999999999999,140.296,0
8522,24.6829,9.1786,0.3506,7.9462,86.1728,214.033,1
8523,69.4801,26.7164,0.0832,63.7112,0.9791,225.895,0
8524,33.9768,18.3016,0.2126,24.2362,71.4495,43.6149,0
8525,29.6942,7.6929,0.2777,3.2959,25.287,206.73,1
8526,32.8139,17.2568,0.1699,-21.3164,55.4077,194.617,1
8527,40.8633,31.5629,0.1014,-15.9989,4.428,77.8275,0
8528,49.1417,17.6202,0.1893,-40.4715,12.719,220.454,1
8529,246.847,119.294,0.1403,-257.29,54.97,347.79,1
8530,18.4793,12.337,0.3365,13.4232,17.0239,200.893,1
8531,179.965,146.529,0.0839,-207.837,78.07300000000001,282.717,1
8532,24.9621,14.028,0.2175,4.407,77.4366,232.695,1
8533,40.1596,1.8624,0.4583,-28.4073,0.235,322.241,0
8534,21.6838,14.593,0.321,15.7982,22.8694,263.4378,1
8535,24.1087,13.6779,0.2712,-3.0426,84.428,193.4071,1
8536,22.0672,12.6997,0.2528,11.1048,52.585,195.671,1
8537,60.2546,29.7746,0.156,-25.7822,24.115,157.369,1
8538,19.5491,9.8628,0.2919,5.962999999999999,57.942,195.201,0
8539,95.0578,52.2048,0.1382,-77.2771,47.8133,287.85200000000003,1
8540,19.391,10.1452,0.2901,-19.7125,86.4626,77.0838,1
8541,131.9202,41.8425,0.1901,99.1765,77.7378,281.9732,1
8542,51.1753,25.3532,0.0818,-21.7391,45.5989,213.093,1
8543,202.829,73.9967,0.0364,-159.35399999999998,76.113,348.978,1
8544,31.0771,18.1839,0.2397,15.2866,37.0526,141.625,1
8545,12.5018,11.9624,0.3617,9.7832,23.711,105.819,0
8546,167.47799999999998,24.3831,0.3805,-79.3534,14.5927,201.064,1
8547,37.1295,20.6574,0.1148,-19.9706,1.92,200.622,0
8548,25.6901,12.6439,0.2439,13.470999999999998,37.165,123.714,0
8549,30.5618,15.6538,0.2493,-12.6831,8.8705,120.3721,1
8550,175.0869,48.92,0.0949,-90.0256,83.8105,291.0118,1
8551,20.0294,11.4199,0.3102,16.1264,28.298,76.80199999999999,0
8552,134.088,52.1971,0.121,-105.2808,23.0198,256.3267,1
8553,32.087,16.3249,0.2595,26.0992,0.2595,225.174,0
8554,118.529,37.1163,0.1134,136.061,48.194,197.874,1
8555,13.0217,10.9102,0.4595,-5.6924,54.248000000000005,196.793,0
8556,26.2893,19.8336,0.1928,-13.3547,16.7926,114.063,0
8557,13.7202,9.5579,0.3634,-14.3193,65.839,206.5818,1
8558,180.0573,25.183000000000003,0.2264,142.5782,18.3953,247.7279,1
8559,26.826,16.5478,0.2074,16.4399,1.707,179.808,0
8560,132.8702,31.2437,0.0703,-109.4241,24.7377,97.5774,1
8561,23.8885,13.0496,0.3209,5.5116,77.7958,52.9474,1
8562,43.1417,0.0,0.2525,0.0,82.27799999999999,193.359,0
8563,65.3941,19.6573,0.1224,53.4325,2.954,257.873,0
8564,36.328,15.3849,0.1816,-15.0475,12.0273,116.339,0
8565,67.0263,27.7174,0.0848,59.1282,5.1684,206.875,0
8566,22.0121,20.656,0.25,-15.9558,45.70399999999999,126.856,1
8567,24.0954,10.0126,0.3141,17.9618,0.7879999999999999,192.399,0
8568,103.227,10.2226,0.2418,69.9028,2.4303,335.466,0
8569,20.3129,9.3418,0.3197,-7.367000000000001,5.5511,157.327,0
8570,29.6529,21.4086,0.1431,16.104,46.068000000000005,144.821,0
8571,162.889,101.529,0.0492,150.72899999999998,26.352,177.565,1
8572,56.5912,29.0345,0.1248,-9.6603,43.3511,268.6244,1
8573,26.0249,8.2571,0.4343,7.8907,57.5733,89.1948,1
8574,18.6578,17.9121,0.2638,5.9707,19.426,71.7251,0
8575,23.5034,7.2791,0.24,-12.4968,74.9493,141.9685,1
8576,27.9778,12.0396,0.2369,25.099,16.055,66.3802,0
8577,86.7133,32.065,0.0657,68.7195,0.6696,254.693,0
8578,42.3083,17.4667,0.125,-18.4165,1.0036,178.34099999999998,0
8579,57.6987,12.6457,0.1444,41.8048,61.611,224.976,1
8580,29.6097,15.5349,0.2636,22.9959,60.281000000000006,246.735,0
8581,12.7592,11.6189,0.3678,-4.8943,1.2142,105.064,0
8582,63.3411,27.5287,0.1677,22.6825,39.6021,302.4128,1
8583,99.0831,85.1111,0.0842,-135.52700000000002,11.9085,191.537,1
8584,39.2142,19.6044,0.1301,-6.7978,2.53,153.226,0
8585,16.8293,10.5024,0.3967,-8.3196,53.9159,124.652,0
8586,146.4313,42.5271,0.1042,-83.5099,65.3512,280.7068,1
8587,29.2873,8.4266,0.2763,9.9818,12.5354,166.636,0
8588,38.8861,18.1801,0.1871,-27.1004,13.175,243.835,0
8589,52.1899,14.2675,0.2098,37.3314,3.139,126.02,0
8590,18.6105,15.2041,0.3356,14.0045,29.191,159.815,0
8591,13.4634,0.1748,0.423,8.3107,86.163,138.0456,1
8592,20.5175,12.946,0.2539,4.8579,53.922,118.72,0
8593,42.119,13.7029,0.3345,40.6071,6.7992,142.438,1
8594,17.172,10.759,0.3838,6.6094,55.5146,92.8713,1
8595,62.9751,30.8424,0.0759,51.9049,42.6852,238.5861,1
8596,17.5673,8.9286,0.2957,9.885,68.1852,199.9041,1
8597,32.2947,13.0008,0.385,26.7207,39.8253,75.9838,0
8598,79.4345,11.5257,0.1219,39.966,15.9883,160.674,1
8599,18.3014,10.5804,0.2809,-8.0881,13.462,135.053,0
8600,22.5749,21.3632,0.1889999999999999,-13.4638,6.9432,78.0296,1
8601,79.051,34.4773,0.136,45.3094,2.3684,343.05400000000003,0
8602,30.7598,25.5559,0.1901,13.3135,30.6998,162.567,1
8603,91.9897,27.3844,0.0744,93.7197,33.8874,223.0459,1
8604,20.7138,9.9089,0.3676,15.8454,69.608,152.882,0
8605,18.5317,10.3781,0.3094,-9.7754,26.6697,205.578,0
8606,49.2622,21.0441,0.0922,22.8269,49.193000000000005,95.8671,1
8607,18.4881,6.2289,0.5595,16.3451,87.6399,80.5684,1
8608,38.1645,17.8593,0.1483,-16.4755,22.441,205.115,0
8609,81.0307,37.1452,0.147,75.7769,28.508000000000003,180.939,0
8610,114.3182,20.9467,0.1836,-107.9771,67.5585,113.1306,1
8611,18.8087,12.4114,0.33,3.3669,11.8816,210.4779,1
8612,49.0238,9.7021,0.2225,-29.8157,8.0425,137.463,1
8613,30.7608,17.8241,0.2037,-7.4183,40.4061,229.209,1
8614,24.2934,18.7979,0.2462,16.3819,34.356,141.023,0
8615,58.8706,20.0434,0.1416,-45.6059,28.2421,192.862,1
8616,16.9741,15.6818,0.4042,15.4677,51.3957,138.537,0
8617,32.0586,15.6976,0.2037,-17.7455,12.1807,193.794,0
8618,35.9416,33.2024,0.3394,-9.0595,2.001,336.079,1
8619,20.6072,13.6815,0.2833,13.3004,29.4167,54.5451,1
8620,26.1512,5.4743,0.4605,-17.8568,55.0569,201.7665,1
8621,44.2737,28.9398,0.0798,-30.0673,14.1545,170.78400000000002,0
8622,50.5327,7.8642,0.2369,41.5905,34.6666,172.7698,1
8623,132.0623,45.2558,0.0977,-105.6433,19.9377,323.7325,1
8624,23.7906,14.0915,0.3388,18.5803,0.1369999999999999,62.058,0
8625,30.941,16.5982,0.2343,26.7865,58.3672,205.9844,1
8626,75.0371,22.1402,0.135,63.8216,21.924,284.798,1
8627,108.2048,67.6058,0.0846,-78.1971,71.6379,322.8474,1
8628,31.5685,16.2927,0.1462,18.2177,40.0088,197.989,0
8629,75.3024,25.8643,0.2771,-55.5909,29.161,297.366,1
8630,36.6414,22.8376,0.134,19.0872,15.9992,151.351,0
8631,57.3306,29.0383,0.0778,50.1712,0.1889999999999999,185.352,0
8632,88.5729,16.179000000000002,0.145,82.7174,2.634,279.831,0
8633,21.4067,17.2265,0.2432,10.8867,22.817,87.0704,1
8634,13.4944,10.1614,0.4307,4.8933,67.339,138.325,1
8635,37.9833,28.9765,0.107,25.5179,14.486,102.869,0
8636,38.5725,12.5664,0.3236,-27.791,12.14,163.313,1
8637,110.285,29.5112,0.1397,-54.7067,28.6974,309.326,1
8638,77.0437,26.1472,0.1169999999999999,72.9814,0.357,245.945,0
8639,39.9861,12.7419,0.2097,30.3841,62.8224,171.0423,1
8640,50.834,38.4332,0.118,-25.783,79.0988,154.9744,1
8641,88.9364,33.7546,0.0973,62.9067,2.693,319.899,0
8642,44.4789,17.0523,0.171,19.4479,6.165,139.356,0
8643,50.4557,23.2869,0.1481,41.0704,7.6353,264.155,0
8644,86.4596,18.7121,0.2023,54.8063,3.633,325.677,0
8645,30.111,17.3828,0.221,-7.8108,71.1656,221.215,1
8646,22.971,18.99,0.2058,18.246,53.93899999999999,69.4031,0
8647,84.5812,28.1583,0.0908,72.9245,3.3954,288.411,0
8648,23.8914,11.447,0.2964,21.9157,47.8615,121.409,1
8649,19.2157,6.6821,0.4921,15.1868,0.348,148.57399999999998,1
8650,40.9252,10.3792,0.2473,26.9007,16.3084,94.9077,0
8651,18.6708,16.0295,0.3131,-5.2808,9.397,150.06799999999998,0
8652,16.0023,11.8048,0.3225,3.9196,82.0949,181.402,0
8653,234.1154,68.7045,0.0433,-233.563,18.097,209.6573,1
8654,37.3516,16.8653,0.2093,31.5053,1.713,184.572,0
8655,89.7764,39.5971,0.1257,-51.9564,4.3596,358.216,0
8656,33.1608,9.7812,0.2813,23.321,76.8297,220.908,1
8657,34.9667,9.0557,0.2428,20.6854,53.667,206.231,1
8658,21.1547,9.6927,0.3564,13.5207,42.3649,144.989,1
8659,94.8276,37.9939,0.0506,86.3984,1.024,192.106,0
8660,74.6747,28.4448,0.1369,44.7523,2.829,335.94800000000004,0
8661,19.5087,7.2712,0.4165,-11.0091,45.7395,213.255,0
8662,12.9955,10.617,0.4982,1.7092,77.375,75.8996,0
8663,58.7459,17.0866,0.283,-44.5255,36.363,204.628,1
8664,146.86700000000002,43.4848,0.1455,-100.919,39.9463,331.369,1
8665,123.466,25.1281,0.0808,48.5133,54.6896,253.158,0
8666,58.5847,16.5447,0.1177,-26.7368,4.933,226.425,0
8667,13.2085,10.663,0.4479999999999999,3.6622,56.222,177.407,0
8668,22.451,5.9922,0.5095,-16.9492,11.529000000000002,111.205,0
8669,32.7059,17.1981,0.2142,13.1053,40.3711,99.7447,0
8670,21.7295,17.1218,0.2263,7.9737,46.5411,211.03,0
8671,12.632,11.793,0.3709,8.1963,82.6681,200.751,0
8672,18.1865,14.1157,0.3458,-16.0789,83.5322,210.051,1
8673,27.0565,12.7519,0.3699,18.9936,49.203,153.2,1
8674,18.1069,10.398,0.3447,11.3674,45.778,145.226,0
8675,16.6322,8.2739,0.3204,-2.9277,42.7744,148.5194,1
8676,33.5062,24.1212,0.1424,25.5993,85.2585,158.639,1
8677,126.5051,86.495,0.1523,102.9845,51.0941,333.6983,1
8678,24.4126,11.7612,0.27,13.2079,53.7096,180.677,1
8679,168.80700000000002,45.4126,0.1441,133.395,68.138,207.55,1
8680,65.8319,61.4044,0.1967,-55.0792,11.356,353.09,1
8681,162.423,51.8306,0.0456,-32.9923,49.6844,306.183,1
8682,21.1907,11.2333,0.2883,-19.2387,2.0243,145.642,0
8683,29.2535,10.8037,0.2572,20.9257,71.1845,200.5247,1
8684,199.336,48.7632,0.1556,-83.6855,44.871,323.297,1
8685,30.7493,13.7197,0.1663,15.8683,2.817,142.86,0
8686,28.769,12.8974,0.2115,16.7179,1.9751,208.336,0
8687,33.9106,14.8404,0.184,19.6307,82.1697,239.6796,1
8688,17.809,10.7648,0.3149,-7.6735,88.6601,163.45,1
8689,23.3194,18.3503,0.236,-16.6518,62.9998,115.607,0
8690,20.2913,16.0196,0.2271,8.3607,12.229,244.877,0
8691,23.0384,15.9018,0.2466,14.2836,80.508,119.488,1
8692,50.9887,9.8606,0.2046,31.7074,9.8156,202.939,1
8693,31.2524,12.2632,0.2694,-21.9849,24.0691,230.061,1
8694,25.4748,16.7252,0.3174,-19.3421,47.2952,156.579,1
8695,50.6003,10.4472,0.2508,28.7274,50.4959,149.4257,1
8696,32.392,14.8974,0.2211,15.8798,7.136,217.28,0
8697,67.6087,26.6783,0.2462,-57.9631,79.6662,227.191,1
8698,18.7087,16.3364,0.2431,17.6719,73.163,206.962,0
8699,56.6302,20.7798,0.1701,-25.3781,4.1871,291.69,0
8700,56.1006,20.8356,0.1433,46.3455,12.322,141.825,0
8701,67.2794,21.2906,0.1339,46.2737,0.8667,265.22900000000004,0
8702,57.044,10.1702,0.1677,-31.2401,19.5404,54.4481,1
8703,13.5769,12.2231,0.5203,-15.3117,48.2411,237.4634,1
8704,74.4488,28.7465,0.0994,66.5038,0.1431,289.528,0
8705,20.6204,8.7072,0.3138,24.1898,39.6851,205.3396,1
8706,73.5167,12.1429,0.1552,58.406000000000006,16.3814,199.8284,1
8707,49.737,21.5338,0.1587,-34.0836,19.187,208.484,0
8708,134.9242,78.9657,0.1164,104.4297,73.7912,327.8042,1
8709,20.9635,11.2686,0.4077,-19.8654,40.2935,191.965,0
8710,47.0082,30.5307,0.102,26.9893,14.9212,291.1,1
8711,60.8694,21.9402,0.1159,34.9642,0.5447,203.477,0
8712,26.4888,11.231,0.2565,-20.3114,87.178,214.602,1
8713,109.8467,81.9429,0.0795,134.2717,87.7864,165.7636,1
8714,29.9675,18.9458,0.1889999999999999,13.07,87.736,186.845,0
8715,101.948,33.7025,0.0619,92.9783,0.775,300.311,0
8716,16.6123,7.8423,0.3371,-10.3448,14.5111,214.2655,1
8717,18.7485,0.6007,0.4474,-0.1305,89.6541,210.2822,1
8718,111.1472,38.2415,0.14,108.855,39.1399,275.2602,1
8719,129.525,21.2913,0.1898,116.449,82.4796,214.862,1
8720,34.3176,17.1682,0.172,13.0578,8.107000000000001,240.381,1
8721,19.1135,4.1499,0.4413,15.5675,27.8926,65.3894,1
8722,38.6152,13.6609,0.1715,13.9772,5.433,225.412,0
8723,30.6251,23.1949,0.1835,26.7905,18.895,257.776,0
8724,305.0961,108.4434,0.0428,-281.844,39.5605,236.8798,1
8725,77.0216,22.1833,0.0897,45.2733,1.666,276.47700000000003,0
8726,50.1723,14.241,0.2053,-32.3127,33.5365,160.513,0
8727,38.2651,24.06,0.1272,18.85,10.873,168.774,0
8728,29.1762,17.7645,0.2792,-8.8511,25.1635,141.099,1
8729,103.048,28.2962,0.151,-77.29,2.759,373.338,1
8730,31.2921,14.1216,0.2125,20.1293,81.8892,235.6785,1
8731,87.0235,31.8464,0.0786,69.7586,5.2099,38.1795,1
8732,27.6649,17.404,0.2063,14.0216,3.5068,182.331,0
8733,88.7948,41.5287,0.0917,-50.2002,1.288,373.941,0
8734,115.453,56.6577,0.0785,-86.9619,17.3582,334.375,1
8735,20.1622,6.1354,0.3929,10.671,40.0787,208.2597,1
8736,23.1772,16.8625,0.1703,9.253,89.27600000000001,194.358,1
8737,29.0234,15.0818,0.2928,1.2191,46.187,174.81599999999997,0
8738,24.1471,15.3465,0.2058,8.0118,13.717,171.925,0
8739,24.3394,12.7452,0.3233,13.646,51.276,232.795,1
8740,17.4484,10.691,0.3278,10.4023,65.7296,165.666,0
8741,31.0974,12.9377,0.2364,24.7895,42.67100000000001,216.32,1
8742,68.1515,31.0862,0.1139,94.8879,88.4406,290.6585,1
8743,26.7381,11.2845,0.2773,10.7324,75.1651,168.99,1
8744,39.973,8.8352,0.3205,35.3912,36.3987,178.1124,1
8745,47.9495,27.7213,0.0919,11.0123,11.218,178.368,0
8746,109.615,71.1053,0.0587,-74.3642,52.6052,210.158,1
8747,50.4295,19.4545,0.1182,20.0551,46.857,186.067,1
8748,20.6349,12.3597,0.2527,3.5963,0.1708,88.23700000000001,0
8749,27.673,12.2087,0.217,-14.5838,10.6699,203.473,0
8750,27.4283,13.5305,0.2438,-13.2167,83.1842,170.572,1
8751,31.3405,12.2545,0.2521,18.6957,4.2591,172.56799999999998,0
8752,61.5977,36.6091,0.1111,-38.9315,69.4382,251.783,1
8753,67.4344,28.541,0.0963,76.0223,2.579,169.482,0
8754,39.2543,15.653,0.2187,35.0212,25.286,95.5379,1
8755,150.9752,21.2791,0.1876,-144.8908,15.107,56.5376,1
8756,118.059,112.7049,0.0225,-147.446,70.1747,237.7985,1
8757,96.5248,24.8025,0.2872,-106.87,24.4182,421.2666,1
8758,11.9675,7.3042,0.3224,20.2091,20.9052,147.3084,1
8759,17.7766,17.4024,0.3074,16.5677,68.4476,255.9505,1
8760,125.104,29.4991,0.1264,-81.5644,74.2777,80.7517,1
8761,49.0854,12.9422,0.217,31.1043,51.205,159.726,1
8762,22.4007,12.7727,0.3436,13.6608,1.4509999999999998,163.67700000000002,0
8763,101.42,18.7524,0.0993,23.7505,71.0938,249.632,1
8764,58.7014,29.1229,0.0883,53.0612,10.117,199.46,0
8765,33.4632,15.0472,0.2753,21.8814,26.3512,223.9934,1
8766,25.8648,15.095999999999998,0.2354,-14.3596,10.4893,92.4774,0
8767,32.9558,16.3255,0.223,-21.6516,7.371,235.9,0
8768,27.7189,16.1679,0.147,-14.5037,30.2217,247.4869,1
8769,189.796,83.5381,0.1305,-162.327,59.654,291.213,1
8770,22.8206,0.0,0.3962,14.8232,44.9245,183.953,0
8771,15.7184,7.1269,0.3406,-8.6536,76.7026,128.8883,1
8772,37.0013,9.2363,0.201,23.2361,3.989,109.407,0
8773,17.7926,11.619000000000002,0.4364,-8.0966,40.877,221.105,1
8774,35.8551,15.7666,0.2438,19.8454,34.3833,232.907,0
8775,33.2739,12.5474,0.2442,27.2159,11.2284,176.5,0
8776,52.0506,46.9992,0.1572,45.6737,43.2007,280.1959,1
8777,46.0957,20.4503,0.126,-32.3875,9.399,206.323,0
8778,43.3018,17.2311,0.215,14.8688,30.1483,192.601,0
8779,41.4207,16.7377,0.1831,-32.5639,5.0760000000000005,217.764,0
8780,25.4641,15.0072,0.2267,-3.7213,54.7523,209.76,1
8781,50.9109,18.6353,0.1448,37.1994,10.865,178.532,0
8782,56.3236,17.9149,0.1232,42.196000000000005,0.1889999999999999,263.612,0
8783,31.6036,11.7235,0.3773,23.8238,6.3609,205.261,0
8784,19.9926,12.0866,0.3982,16.3239,12.7719,193.893,0
8785,122.856,13.6153,0.149,-94.07,87.417,208.02,1
8786,17.1992,10.3194,0.4143,7.1593,76.035,126.318,1
8787,150.9489,35.0314,0.0893,-64.5296,12.96,220.9457,1
8788,29.1369,18.8239,0.2223,25.5932,29.0695,196.315,1
8789,92.5788,24.0643,0.1576,66.5357,3.2744,157.386,1
8790,15.6279,6.8923,0.4261,11.7771,32.9664,70.5502,1
8791,18.287,10.4671,0.318,10.3028,46.7955,225.26,1
8792,19.5565,11.0315,0.4179,-19.835,22.452,140.19,0
8793,19.0211,5.8521,0.6264,18.7067,21.155,223.314,1
8794,26.8902,16.3246,0.2321,22.7451,71.498,141.534,0
8795,88.7642,33.506,0.0534,74.2013,0.8187,247.631,0
8796,98.5681,37.7214,0.072,113.518,34.082,281.275,1
8797,19.3191,10.0015,0.4203,15.1394,29.312,259.82,0
8798,30.1227,16.093,0.265,15.2493,11.519,221.516,0
8799,22.665,10.8615,0.3155,17.3419,60.5993,89.3854,1
8800,82.5729,17.0496,0.1168,-28.5004,30.3002,213.069,1
8801,33.306,10.6203,0.222,-16.8419,9.49,190.421,1
8802,202.278,41.4567,0.2033,149.3121,22.8953,217.1652,1
8803,26.9106,15.0744,0.2207,-11.7624,15.0466,67.5852,0
8804,26.9416,9.7191,0.2408,15.2022,10.626,91.5343,0
8805,22.0999,13.2785,0.3402,12.8172,17.6539,171.03599999999997,0
8806,30.2742,21.9387,0.1966,15.7571,83.0842,68.9916,1
8807,21.8539,6.9876,0.4058,-15.6775,45.9537,77.4601,1
8808,17.5926,16.034000000000002,0.3667,15.3561,34.553000000000004,159.92,0
8809,47.9116,5.1224,0.2606,-21.5096,60.3031,147.286,1
8810,66.8895,16.4561,0.3121,56.1996,11.3951,191.26,0
8811,138.503,30.8328,0.1324,130.16,65.5195,156.899,1
8812,16.3285,13.0764,0.3938,20.4453,47.7815,137.8052,1
8813,85.4369,30.3729,0.0746,78.4434,2.7910000000000004,227.554,0
8814,20.93,10.5237,0.3245,16.9542,66.697,169.826,1
8815,12.7235,11.629,0.3984,-9.413,78.9582,121.175,0
8816,96.4412,87.684,0.0422,88.0748,6.6557,252.919,1
8817,235.552,186.928,0.0072,-113.666,85.9426,152.374,1
8818,96.8711,41.8272,0.0881,86.5498,58.5794,297.277,1
8819,22.329,6.4846,0.4267,-12.8376,39.9572,176.34400000000002,0
8820,12.9763,9.6165,0.5710000000000001,9.166,84.6855,136.81,0
8821,25.9826,13.9899,0.2906,8.8205,4.752,94.0805,0
8822,28.8816,8.4749,0.325,19.539,69.312,222.092,1
8823,38.1779,20.4106,0.1457,18.2478,14.3249,97.5481,1
8824,138.838,32.8249,0.1035,95.045,3.499,297.61400000000003,0
8825,273.4335,220.5144,0.0529,140.8111,51.5325,162.6092,1
8826,109.9647,28.4764,0.1557,113.678,75.4533,259.1904,1
8827,17.0477,9.9629,0.2879,15.6929,42.3606,72.7224,1
8828,91.2813,15.2824,0.1799,49.2624,66.8335,83.469,1
8829,32.1083,16.4702,0.1946,16.4812,75.043,187.0892,1
8830,65.1698,17.3891,0.3026,-26.1585,2.2087,327.946,0
8831,40.6277,19.3678,0.2314,-25.5998,20.656,150.14600000000002,0
8832,37.1132,12.3937,0.179,21.4918,46.929,135.55200000000002,1
8833,32.262,17.019000000000002,0.2708,-17.5876,68.6518,132.9602,1
8834,118.539,50.9314,0.2136,-104.408,17.7939,388.062,1
8835,18.7017,9.7132,0.4136,-13.869000000000002,0.8576,188.3,0
8836,20.0798,6.6466,0.3109,-0.3095,68.9936,74.8274,1
8837,36.6648,9.1386,0.3044,33.2072,1.3797,89.5982,1
8838,125.062,69.0878,0.0496,116.375,44.7384,226.117,1
8839,26.3353,16.2775,0.1793,-15.3203,27.835,194.042,0
8840,46.4391,10.9253,0.151,33.9589,49.635,222.49,1
8841,31.1667,9.0403,0.2959,26.0651,66.547,242.763,1
8842,74.4846,12.5178,0.1204,-11.0495,84.713,161.89600000000002,1
8843,27.5391,20.1315,0.2028,20.3296,12.206,104.883,0
8844,44.5095,21.3266,0.143,14.4895,2.472,203.496,0
8845,20.8892,17.6576,0.2546,-11.1259,13.3845,185.735,0
8846,85.5566,33.2663,0.1951,-55.63,29.2049,324.505,1
8847,17.025,7.6971,0.2705,-16.631,52.042,232.3384,1
8848,29.1395,4.4119,0.3128,-26.876,53.3111,203.1796,1
8849,25.5481,17.8718,0.2228,-21.5742,13.798,149.03799999999998,1
8850,148.8225,23.7997,0.1167,138.0315,34.2805,169.9214,1
8851,27.3584,11.0676,0.2882,20.8893,21.2633,225.8799,1
8852,56.7309,16.0555,0.2056,30.0868,15.5608,161.762,0
8853,29.4179,11.7708,0.2373,16.1943,27.195,53.6041,1
8854,119.415,10.8968,0.2884,-83.0124,24.8625,302.941,1
8855,65.5156,21.3195,0.1041,-42.0343,21.5767,38.833,1
8856,30.0286,12.8014,0.2019,16.2906,62.3642,219.34,1
8857,36.3026,14.7726,0.1656,-23.3102,69.2729,270.5055,1
8858,41.3104,7.2134,0.2014,22.7772,79.0118,253.6165,1
8859,31.031,18.0642,0.1946,-9.3174,37.32,202.205,0
8860,53.4351,26.4926,0.1185,60.5134,11.022,269.0673,1
8861,29.3304,13.7039,0.2326,27.7342,19.395,160.60399999999998,0
8862,16.9894,11.0002,0.3514,8.0823,55.393,91.3761,1
8863,26.9695,16.7441,0.1932,20.7674,33.261,176.34,0
8864,23.5773,15.7581,0.2334,14.2133,36.7094,183.783,0
8865,30.0501,11.3184,0.2222,-6.6878,30.3143,202.6336,1
8866,25.7282,10.6583,0.2383,-19.5781,68.858,166.511,1
8867,18.4306,14.1015,0.3167,22.221,36.3869,197.7587,1
8868,113.661,41.9627,0.1245,-95.3131,49.3005,199.453,0
8869,26.4344,10.2127,0.2134,-19.5163,32.911,213.328,0
8870,21.9039,11.3536,0.2855,-18.5917,41.331,195.382,0
8871,193.9086,51.2335,0.155,156.536,19.7668,269.7731,1
8872,45.6353,17.1949,0.1471,-24.9697,6.005,239.805,0
8873,53.9293,12.3776,0.2425,27.3974,2.882,222.206,0
8874,23.0991,10.5721,0.2985,16.9015,1.618,155.279,0
8875,24.0177,16.4528,0.2215,15.4814,4.6955,209.999,0
8876,112.1475,22.1891,0.1013,76.711,9.6688,177.1615,1
8877,19.5631,7.9354,0.3016,-11.9012,57.4271,167.264,1
8878,81.0903,37.7359,0.0926,63.0869,3.6095,264.495,1
8879,44.7389,8.798,0.2443,15.9443,80.5241,227.5605,1
8880,67.7987,38.6783,0.1588,-50.0191,78.1631,200.796,1
8881,19.0472,7.3919,0.4532,-8.8712,37.9375,223.944,0
8882,132.5455,45.6467,0.0646,-116.8661,31.3774,349.2639,1
8883,28.9104,15.2102,0.2442,20.2883,21.912,175.706,0
8884,29.6936,18.4962,0.2262,-13.0794,35.5052,56.1804,0
8885,47.8229,10.0342,0.1593,30.4699,26.9319,241.712,1
8886,27.0029,10.3272,0.3189,18.9864,22.68,137.018,1
8887,19.6873,12.2639,0.4227,17.2019,44.5774,225.46,1
8888,71.4619,54.4903,0.0814,42.7899,73.5838,296.8581,1
8889,82.2195,24.6816,0.1761,-26.8227,0.7194,344.483,0
8890,33.7758,18.1018,0.1581,-21.1754,42.878,91.3619,1
8891,34.5605,12.149,0.2672,24.5061,6.122999999999999,145.628,0
8892,57.7769,12.0054,0.1502,29.8793,67.687,146.751,1
8893,21.4944,10.4204,0.3088,16.7152,14.8311,207.058,0
8894,17.3517,16.875999999999998,0.2277,16.4074,32.4333,145.3753,1
8895,57.9092,15.1095,0.1772,21.283,38.2102,133.881,1
8896,12.4704,12.0014,0.3579,-9.8819,71.5879,121.373,0
8897,112.1047,26.6977,0.287,-70.6654,18.4025,324.7103,1
8898,25.4324,11.2989,0.2368,-9.5642,27.1422,139.644,1
8899,66.5349,23.8891,0.1279,63.8294,9.559,249.045,0
8900,16.0723,15.0917,0.3109,7.1326,13.0877,226.2363,1
8901,39.7087,12.5345,0.2429,31.1316,39.1323,289.353,0
8902,44.9509,13.3194,0.2322,24.8832,34.735,255.903,0
8903,25.7304,17.1213,0.1843,-19.2298,3.8417,153.401,0
8904,26.9285,7.756,0.322,7.0077,56.4788,183.2299,1
8905,77.1446,38.0002,0.0956,70.3046,31.7121,285.0727,1
8906,21.4854,12.5359,0.2682,9.4869,18.0829,210.911,0
8907,25.6488,16.0002,0.2022,13.6926,24.9539,162.975,0
8908,36.4171,10.9714,0.2081,-19.3329,74.8057,171.0702,1
8909,112.1744,9.8195,0.2346,-122.0252,86.7379,243.5942,1
8910,19.8912,16.7321,0.2194,18.1222,11.5,102.645,0
8911,16.415,12.599,0.32,10.7161,5.2563,203.9175,1
8912,35.6668,4.6364,0.3885,23.362,1.2558,186.649,1
8913,35.0604,26.8094,0.1598,18.5099,85.5947,134.219,1
8914,32.9306,9.7889,0.2666,27.1243,14.345,147.30200000000002,0
8915,21.1322,10.8373,0.2909,17.9514,72.539,123.258,0
8916,102.363,37.04,0.0855,-47.7757,0.7090000000000001,341.038,0
8917,81.0409,26.8651,0.114,52.0337,2.8681,335.726,0
8918,102.3913,69.4088,0.1533,-106.6677,29.2534,401.1182,1
8919,25.7036,16.313,0.2659,18.0822,8.435,122.932,0
8920,102.017,24.6591,0.0899,79.5034,77.6631,110.072,1
8921,29.6374,16.1694,0.3181,25.7663,64.4501,264.133,0
8922,80.9821,21.72,0.0884,83.2727,3.3473,234.874,0
8923,24.4639,22.4218,0.2503,-21.2863,87.9369,70.7253,1
8924,82.9625,31.9681,0.0649,72.8936,0.1512,178.554,0
8925,18.3681,10.479,0.3024,9.463,70.26899999999999,143.02100000000002,0
8926,20.7584,10.7436,0.3142,17.4334,66.17,150.94299999999998,0
8927,18.9405,10.0654,0.316,9.8337,41.804,203.445,0
8928,48.0413,10.0108,0.2988,10.0138,47.4564,128.6762,1
8929,141.0382,8.6551,0.3821,115.247,10.7012,160.0322,1
8930,29.1413,9.9948,0.3072,22.8337,13.171,210.189,0
8931,27.9656,13.5276,0.288,23.313,26.17,156.787,0
8932,160.017,87.2486,0.0431,-146.1334,86.12100000000001,329.5835,1
8933,68.3228,13.4531,0.2011,74.881,38.723,231.315,1
8934,62.1123,23.9456,0.1107,61.5837,18.185,133.799,0
8935,80.1359,34.931,0.0826,66.5127,5.1312,282.661,0
8936,53.7323,23.3465,0.0999,43.5955,3.667,252.211,0
8937,69.7964,21.7598,0.1138,44.8345,2.152,240.61,0
8938,40.9029,28.6529,0.1594,44.9155,8.222000000000001,156.941,0
8939,103.1088,51.0397,0.0774,75.1813,12.3601,313.4841,1
8940,44.159,22.3136,0.1346,41.6261,77.782,225.096,1
8941,36.1033,9.8567,0.244,34.9587,29.761,156.2303,1
8942,98.2968,50.2884,0.2419,63.7397,61.0672,303.25,1
8943,91.4561,16.907,0.099,56.5931,32.984,114.641,1
8944,24.5128,19.1032,0.2401,19.7944,51.46,165.27200000000002,1
8945,26.3191,7.5587,0.3863,8.4588,86.9542,235.435,1
8946,25.1648,12.8247,0.2779,-13.2826,2.0137,127.799,0
8947,120.4056,71.2754,0.0328,-93.9163,68.661,175.3863,1
8948,33.3893,18.9814,0.1838,-11.9867,10.7282,202.484,0
8949,15.8778,10.9717,0.47,-3.8896,71.0751,193.2308,1
8950,214.44,42.6279,0.0828,-213.458,4.013999999999999,231.81,1
8951,17.5896,15.3005,0.3188,16.1091,21.5205,159.421,0
8952,168.821,56.9345,0.0704,88.1297,40.99100000000001,208.336,1
8953,24.6379,0.0,0.4701,0.0,70.089,152.575,1
8954,137.891,52.1665,0.1048,-88.8199,30.057,375.199,1
8955,16.9022,11.1366,0.3676,4.1166,52.427,168.203,0
8956,42.7269,28.35,0.0941,8.6326,2.057,203.563,0
8957,135.917,110.86,0.0632,100.5,61.485,202.202,1
8958,174.35299999999998,76.7792,0.0808,-191.937,8.0578,183.907,1
8959,85.75,65.4817,0.0859,-92.9604,4.2471,224.3576,1
8960,37.7828,17.0539,0.1813,29.6012,16.5441,227.715,0
8961,24.7912,14.8539,0.2618,22.6794,38.906,201.86900000000003,1
8962,13.1739,10.5938,0.4674,-4.4017,16.7394,77.5018,0
8963,124.787,19.5238,0.1987,115.169,28.935,117.201,1
8964,44.3528,17.3022,0.1286,13.1133,6.9645,220.4,0
8965,35.6162,8.616,0.3093,-10.8601,57.995,73.7115,1
8966,33.4625,12.0403,0.2559,22.8248,2.5780000000000003,292.159,1
8967,186.4725,52.5671,0.0504,-155.9671,4.1832,277.5762,1
8968,20.532,18.6601,0.2555,-12.2598,37.6012,191.237,0
8969,25.0466,14.9198,0.2474,11.0654,62.8382,219.754,1
8970,149.484,71.922,0.1269,-145.70600000000002,57.703,357.6,1
8971,37.9771,9.2443,0.154,19.2471,89.3084,193.0123,1
8972,67.5712,35.4825,0.1145,66.2577,59.9649,264.926,1
8973,50.9887,9.8606,0.2046,31.7074,9.8156,202.939,1
8974,25.7612,23.4911,0.2037,-16.6436,65.929,255.694,1
8975,22.052,20.3024,0.2548,13.417,7.2463,226.012,1
8976,35.1734,20.9746,0.2165,-44.9794,43.2555,219.9301,1
8977,157.958,32.4742,0.2152,105.242,7.769,355.992,1
8978,79.5783,20.2347,0.1352,46.6966,0.6007,250.446,0
8979,184.7689,63.0994,0.0681,-98.635,68.6399,258.5003,1
8980,22.8898,18.1899,0.2921,30.7245,67.0121,211.3679,1
8981,33.5641,17.9922,0.1672,14.7403,2.9039,110.032,0
8982,21.4121,10.1034,0.3636,15.2403,16.3763,118.05,1
8983,48.6653,21.0471,0.1187,38.7974,11.15,219.497,0
8984,121.575,73.2328,0.0598,-14.4215,21.875,355.365,1
8985,93.2593,28.1252,0.0981,105.637,6.761,184.257,0
8986,47.4957,13.4645,0.2017,-19.2121,13.044,239.511,1
8987,35.6777,16.7426,0.2852,26.7252,0.789,190.688,0
8988,184.1744,70.3681,0.0563,180.7741,89.5442,39.5465,1
8989,63.003,16.0964,0.3686,26.8505,16.065,260.066,1
8990,20.2153,12.2239,0.2964,3.536,39.3447,57.351000000000006,0
8991,30.1546,12.2569,0.2859,-20.3,55.521,168.61,1
8992,31.4657,17.5314,0.1954,30.4555,4.625,212.014,0
8993,20.3391,11.3634,0.3073,11.8225,27.7838,103.028,0
8994,79.1886,22.9409,0.0968,84.9596,2.6,148.692,0
8995,57.4159,17.4763,0.1428,60.2797,14.6429,202.665,0
8996,72.5506,21.7566,0.1306,77.8412,18.6144,180.832,0
8997,27.5741,6.6968,0.3243,14.3531,18.8663,121.775,0
8998,162.05200000000002,136.031,0.0187,-64.858,76.96,256.788,0
8999,130.8848,37.5515,0.2028,-100.2094,12.094,262.5923,1
9000,34.8842,13.3152,0.201,-26.5572,9.986,231.863,0
9001,21.0895,11.704,0.3324,20.3281,17.201,196.733,0
9002,123.62,27.3891,0.0961,-99.2858,25.569000000000003,128.876,1
9003,145.35399999999998,87.4626,0.0198,-181.5457,55.2582,203.1024,1
9004,30.4306,21.2721,0.1644,-13.407,0.5273,194.829,0
9005,16.4307,11.4399,0.3503,0.3905,63.9024,118.3204,1
9006,90.9844,30.4889,0.102,-42.5478,1.811,293.732,0
9007,29.0629,21.854,0.1321,10.6287,18.7851,84.8094,0
9008,70.1731,16.8025,0.1369,34.9551,9.611,214.169,1
9009,92.9408,20.8971,0.2304,-39.8772,20.183,364.114,1
9010,25.9888,8.5678,0.5458,6.4153,44.8164,238.8409,1
9011,61.6347,10.3133,0.1972,15.354,1.612,255.115,0
9012,142.188,38.0477,0.0554,123.049,69.668,118.093,1
9013,102.6651,67.0337,0.1088,33.7393,24.4692,328.3748,1
9014,38.428,13.1662,0.1945,18.6374,11.2076,161.266,0
9015,22.9363,10.0311,0.3304,-14.7354,26.4764,200.879,1
9016,28.2856,11.5951,0.245,-12.8769,28.6463,224.704,1
9017,26.6387,9.6367,0.2821,20.5391,77.509,107.627,0
9018,32.2257,17.4304,0.2927,-16.9706,53.618,140.9826,1
9019,18.8562,16.46,0.2933,-6.5401,11.461,162.84799999999998,0
9020,78.4298,41.9392,0.0978,-62.6607,10.5036,206.881,1
9021,22.6203,9.3317,0.3051,-15.7148,66.0914,237.698,0
9022,55.6736,13.7469,0.3283,17.7011,4.3032,277.867,0
9023,19.0835,10.8849,0.3486,17.0384,3.947,150.862,0
9024,31.1411,13.9297,0.3173,23.0934,20.2988,244.3127,1
9025,91.1548,47.763000000000005,0.0707,63.5856,4.456,350.53,0
9026,72.1767,15.9009,0.2251,32.0153,34.076,81.0633,1
9027,49.8051,14.0499,0.1585,28.9502,5.4954,172.58900000000003,0
9028,153.45,20.2858,0.2204,-100.625,11.4194,322.091,1
9029,127.9845,7.1156,0.4669,-96.8133,22.5134,219.7551,1
9030,77.6804,42.271,0.1587,62.9826,51.5904,342.722,1
9031,20.7037,6.6898,0.4815,15.8595,10.772,97.6663,0
9032,19.9851,12.9625,0.295,-13.5339,45.173,90.5686,0
9033,23.2704,10.7133,0.417,-19.7611,12.99,163.589,0
9034,11.5221,9.3735,0.2939,11.8683,48.1159,90.0056,1
9035,31.2328,14.1452,0.3454,12.9491,44.5937,173.4713,1
9036,66.6985,15.4241,0.0944,44.0388,63.9193,157.8242,1
9037,19.9202,17.3634,0.2404,9.6528,64.999,73.5314,0
9038,41.1187,12.7348,0.1166,-13.3091,76.5615,53.1324,1
9039,14.6728,11.1242,0.3164,-5.0364,83.1264,244.8363,1
9040,142.066,70.6134,0.0605,-80.2814,12.457,309.588,1
9041,17.7941,7.4352,0.5272,-4.5237,60.197,98.8267,0
9042,34.3161,12.8095,0.2189,15.6117,81.87100000000001,158.931,1
9043,140.1217,98.9454,0.1365,-144.3204,44.3019,421.3535,1
9044,22.2115,6.8141,0.3939,-17.217,18.1772,236.7187,1
9045,27.0694,21.8262,0.2068,22.9174,5.0893,256.421,1
9046,205.128,176.335,0.0073,-79.1621,76.3946,41.4222,0
9047,50.1452,22.7334,0.1304,-26.6349,1.2521,219.949,0
9048,23.8054,14.5329,0.2169,10.4586,39.691,241.274,0
9049,67.0759,43.4113,0.1428,40.2352,89.4816,324.121,1
9050,32.4832,20.0252,0.1921,-12.1209,24.26,132.917,0
9051,19.808,16.5781,0.2383,-11.6572,38.7226,192.469,0
9052,23.7546,10.8836,0.3046,-18.2256,49.59,37.9886,1
9053,16.8977,10.8718,0.3982,5.4024,9.037,183.669,1
9054,58.1207,14.3463,0.2014,32.7317,16.1522,72.0187,1
9055,9.6831,7.2796,0.2428,-18.4997,75.6244,70.6599,1
9056,18.6083,10.2012,0.3192,-6.7047,88.3435,42.7209,1
9057,48.4256,19.9723,0.1512,35.2823,10.791,208.487,0
9058,26.0838,15.1407,0.2216,-20.86,73.441,221.029,1
9059,24.0631,10.2463,0.2652,16.2003,11.6251,94.0879,0
9060,201.5407,54.3568,0.1302,-187.6067,71.7318,320.1415,1
9061,29.3823,13.6088,0.1939,-14.1318,16.7793,213.751,1
9062,85.31,58.4564,0.1063,-50.3138,44.2953,280.966,1
9063,51.4762,42.8406,0.1096,41.4457,11.0336,268.502,1
9064,28.7248,16.5417,0.1875,15.164,3.5355,226.558,0
9065,122.7872,24.0643,0.1493,-93.1892,48.9955,316.6977,1
9066,102.932,25.9785,0.0888,32.9222,3.194,245.858,0
9067,121.3825,28.4647,0.1528,-108.9778,42.2246,86.4326,1
9068,19.5229,7.3881,0.4297,-8.7992,38.5188,163.47299999999998,0
9069,103.257,30.7338,0.1188,71.1551,7.91,56.3035,0
9070,20.5692,12.6622,0.2737,-11.5884,13.9,194.491,0
9071,103.5335,39.7475,0.0961,28.9661,2.6241,299.4555,1
9072,30.2518,22.7652,0.1621,-9.0837,10.083,218.159,0
9073,42.5896,27.5117,0.1199,47.4757,41.5633,237.3838,1
9074,29.4491,12.7271,0.1876,-18.1295,8.1501,252.15,0
9075,32.7808,11.7439,0.2558,-6.0232,12.7713,167.34599999999998,0
9076,42.2743,8.8542,0.2098,21.569000000000003,81.6438,99.425,1
9077,23.1029,9.5822,0.3712,6.8251,73.3707,110.179,1
9078,17.6047,10.1237,0.3626,-13.6145,89.3488,189.4625,1
9079,19.4594,14.6756,0.3468,-9.406,33.348,181.74,1
9080,201.6499,81.4976,0.0398,-140.3983,75.1975,294.8581,1
9081,78.1577,33.4577,0.1351,48.2156,7.322999999999999,267.651,0
9082,131.5261,37.9224,0.1211,108.1407,32.167,312.5396,1
9083,65.7025,11.3238,0.177,54.5793,21.3627,240.5631,1
9084,129.3089,60.2415,0.1219,68.8497,22.1024,355.9589,1
9085,20.7038,7.1448,0.3724,11.0689,9.9488,180.945,0
9086,33.2019,13.4598,0.1848,-18.4191,5.2010000000000005,138.779,0
9087,102.8878,14.0274,0.1807,59.2273,30.5698,275.0843,1
9088,36.3001,17.3016,0.2387,22.3053,0.2726,134.061,0
9089,25.254,0.0,0.3645,0.0,81.0836,167.628,0
9090,20.473,7.1644,0.3788,-11.5961,79.154,206.592,0
9091,13.5435,10.0373,0.4336,-5.0898,18.6383,203.803,0
9092,19.7891,12.9889,0.2571,5.0107,10.139,75.7494,0
9093,67.9253,31.8348,0.0841,54.2326,0.1225,227.755,0
9094,39.8955,13.653,0.2875,-27.0903,46.2848,241.166,1
9095,35.1185,25.9444,0.1428,-10.3173,84.9057,57.7733,0
9096,47.7138,11.7741,0.263,45.53,5.9013,266.2614,1
9097,230.453,97.3064,0.1299,-149.621,54.9324,205.865,1
9098,12.9367,11.2268,0.4268,7.2484,31.0926,234.154,0
9099,31.6176,14.2639,0.2345,23.2386,54.251000000000005,260.434,1
9100,23.238000000000003,13.4099,0.3024,-15.6216,11.409,126.745,0
9101,107.188,38.3435,0.057,71.503,2.0941,327.504,0
9102,76.1978,30.4142,0.0819999999999999,69.5422,5.1838,224.977,0
9103,207.828,73.89699999999999,0.0199,-162.423,89.1486,181.611,1
9104,30.411,7.495,0.2891,9.9073,51.112,202.572,0
9105,26.3449,16.1219,0.266,23.5678,47.7234,192.141,1
9106,15.7493,11.2106,0.4229,3.4447,40.025,153.225,1
9107,37.0847,19.5983,0.1409,15.4284,4.5449,226.533,0
9108,18.794,10.1429,0.3079,-9.4294,35.5834,160.796,0
9109,25.5178,8.7685,0.3472,-13.615,55.861,159.33700000000002,1
9110,39.143,19.7156,0.1644,30.7892,9.903,183.145,0
9111,22.3368,12.6216,0.2953,-19.9338,67.24600000000001,102.1734,1
9112,41.4593,14.0764,0.2745,36.7154,11.897,149.119,0
9113,58.3387,19.8153,0.1262,29.8649,5.4681,242.639,0
9114,21.3094,13.277,0.3284,6.3335,22.6937,62.6729,1
9115,215.6606,148.141,0.0092,-140.3606,66.5963,298.1376,1
9116,58.9828,34.7276,0.0838,48.1584,16.8359,219.022,1
9117,76.6597,26.8433,0.2034,-52.5328,2.2854,354.023,0
9118,63.4459,14.9042,0.1255,51.2983,51.5694,64.8137,0
9119,57.0377,18.2816,0.1126,40.1071,2.359,226.338,0
9120,15.658,13.1041,0.3245,4.8614,65.184,118.3092,1
9121,33.4985,16.1636,0.1798,19.9654,23.5652,128.645,0
9122,48.0111,20.3797,0.132,-42.6944,7.784,190.379,0
9123,71.2844,14.1321,0.0938,37.2204,72.8974,230.614,1
9124,26.089,21.2887,0.2042,-10.0772,10.832,172.685,0
9125,24.5719,12.8338,0.2649,15.1604,1.0147,216.425,0
9126,45.6986,17.3784,0.2536,-43.8671,54.3215,200.199,1
9127,75.1362,30.9205,0.1832,28.5525,4.648,356.462,0
9128,170.7778,65.1699,0.0973,-189.4876,57.4979,142.5045,1
9129,149.422,39.913,0.0978,-74.0711,12.573,300.168,1
9130,102.346,12.357,0.2031,94.1301,20.689,194.181,1
9131,20.747,17.5156,0.3135,16.5271,25.1855,179.312,1
9132,20.6112,17.6015,0.2788,-13.1724,65.696,71.1747,0
9133,19.486,6.8513,0.4628,-14.5312,82.6001,237.974,1
9134,34.7032,24.5788,0.1404,-10.1576,26.6605,182.4037,1
9135,13.2031,10.7816,0.4253,0.7039,48.284,203.091,1
9136,101.306,14.86,0.1852,-91.8252,29.119,186.274,1
9137,25.5917,14.8809,0.2383,11.3536,36.394,147.70600000000002,0
9138,144.0407,41.1747,0.1163,-94.3278,82.1899,299.0168,1
9139,254.0912,129.8571,0.0697,-132.2893,63.6941,68.6075,1
9140,25.1812,13.8566,0.2482,7.8849,36.429,159.491,0
9141,80.4985,30.1587,0.0693,74.8617,6.046,259.403,0
9142,28.6839,8.2949,0.3188,19.3125,1.4613,252.041,0
9143,21.3122,5.9538,0.5677,18.7293,47.817,195.136,1
9144,162.585,76.2454,0.078,-68.5465,67.68,324.177,1
9145,56.6405,27.3232,0.1516,-58.5607,45.5122,65.7605,1
9146,31.6082,10.4765,0.2321,14.2189,56.6679,39.2281,1
9147,32.1338,15.7307,0.1898,22.323,15.817,228.861,1
9148,26.8614,17.0329,0.2548,23.5886,18.3524,105.913,0
9149,12.9501,11.2418,0.4175,-6.806,47.56,217.039,0
9150,101.009,26.6843,0.1125,57.664,2.6208,336.483,0
9151,33.7801,14.7812,0.2646,-19.3872,66.755,144.69,1
9152,18.1898,17.1594,0.2473,5.3279,2.5785,104.287,0
9153,16.0903,14.9731,0.4495,0.4658,32.6021,238.7609,1
9154,34.5838,16.9877,0.1648,17.116,0.1475,135.936,1
9155,30.5792,9.5366,0.2492,17.4607,61.9837,198.422,1
9156,91.7353,36.0231,0.096,70.9864,2.8204,313.171,0
9157,19.1932,17.1061,0.2807,9.2521,56.213,210.071,0
9158,67.4856,24.014,0.1888,-27.6509,39.7288,293.295,1
9159,88.0604,48.4512,0.0416,77.3856,8.013,249.695,0
9160,33.9295,12.1658,0.2378,20.1583,11.448,73.3097,0
9161,30.1917,13.4676,0.2233,-22.535,0.296,209.665,0
9162,53.516000000000005,41.2753,0.0798,29.9985,13.2588,291.7109,1
9163,45.7402,18.7901,0.2038,36.0472,4.7763,181.076,0
9164,32.5167,14.4623,0.2189,24.7101,4.1346,201.944,0
9165,19.6801,17.5196,0.2362,15.3257,35.5121,183.705,0
9166,32.5377,19.6957,0.1762,21.2875,27.297,136.814,0
9167,22.0913,10.8949,0.2919,18.2296,21.068,123.281,0
9168,18.7573,15.3789,0.2917,6.5901,10.6572,47.6311,0
9169,109.8235,56.9402,0.0486,-25.8577,57.2665,126.6506,1
9170,34.4133,9.8594,0.2617,25.1394,62.831,223.96400000000003,1
9171,169.049,40.4598,0.1137,59.1806,46.4011,305.851,1
9172,36.9368,17.8623,0.1474,-19.8979,3.5273,212.538,0
9173,86.4233,23.8555,0.1832,-47.0961,5.462000000000001,321.665,0
9174,88.9928,37.5409,0.0816,62.8112,3.963,354.99300000000005,0
9175,79.5573,32.6225,0.1527,54.3854,1.0618,346.224,0
9176,100.782,66.078,0.0764,109.721,57.8273,181.083,1
9177,172.111,34.7788,0.1199,-108.1923,30.6782,201.686,1
9178,77.2151,38.289,0.0611,90.733,64.7142,146.629,1
9179,26.6593,14.3903,0.2368,11.6823,3.0264,145.392,0
9180,38.8754,18.5232,0.1336,9.8154,3.361,166.899,0
9181,23.3913,11.2116,0.2663,-8.4222,79.8372,60.869,1
9182,31.0964,14.4152,0.1994,15.535,18.7547,237.581,0
9183,23.0552,15.7242,0.2047,-10.3781,10.379,174.13099999999997,0
9184,36.6884,13.5799,0.2207,32.0205,9.283,162.298,0
9185,212.723,102.19,0.1103,-184.307,56.8342,196.938,1
9186,102.773,46.6037,0.089,-70.5694,64.378,316.956,1
9187,22.4408,18.8418,0.2538,-25.6271,19.2546,237.3567,1
9188,46.4747,26.2463,0.2877,46.2872,52.4001,153.74200000000002,1
9189,65.8891,12.799,0.1733,-21.2681,11.9282,266.509,1
9190,29.8433,10.6235,0.3348,25.6015,75.863,240.55900000000003,0
9191,23.3011,13.7888,0.2565,-3.554,53.8272,216.9604,1
9192,20.9993,14.4755,0.3865,9.1086,82.8196,50.4097,1
9193,34.975,17.6827,0.1398,15.7114,27.846,146.996,0
9194,35.2805,7.7802,0.3002,19.13,69.9841,206.569,1
9195,29.2753,16.9838,0.2509,22.1099,20.19,159.054,0
9196,27.2926,8.7939,0.2969,15.1134,3.366,166.113,0
9197,39.5223,18.6327,0.1414,23.219,46.268,187.097,1
9198,84.9618,27.0715,0.154,-96.2692,17.2309,236.7739,1
9199,29.4658,19.639,0.1873,17.6604,0.2353,211.719,0
9200,20.8807,6.1212,0.4544,7.9629,38.9846,116.5124,1
9201,118.1155,27.9996,0.2161,97.337,7.7543,291.4659,1
9202,16.5737,11.4093,0.3255,-7.2764,45.9059,150.268,0
9203,53.7411,15.5309,0.1419,37.6512,26.16,236.574,0
9204,20.3675,10.4812,0.35,16.5079,86.1169,34.6583,0
9205,38.0373,11.0431,0.2058,29.8108,3.244,169.007,0
9206,26.5628,8.0278,0.4063,21.7776,25.5291,166.146,0
9207,108.609,40.8033,0.2863,-130.225,25.062,415.925,1
9208,104.1515,86.1509,0.07,-69.8131,88.04700000000001,355.9869,1
9209,27.7996,14.0561,0.2308,7.6449,38.023,97.7341,1
9210,38.6174,9.5983,0.2164,0.3058,88.2399,250.8145,1
9211,92.8875,29.5407,0.111,62.6831,3.2913,323.935,0
9212,121.254,77.0003,0.1058,-131.583,58.0869,257.955,1
9213,25.6694,7.9491,0.3745,18.2915,41.133,184.467,1
9214,28.251,9.1968,0.3545,23.8752,67.6187,155.68,1
9215,80.3285,27.5933,0.1487,-92.1459,66.855,189.856,0
9216,36.7468,24.3136,0.1728,-3.8453,23.2892,195.5377,1
9217,31.67,20.4502,0.3179,15.3634,56.1142,188.5765,1
9218,240.754,228.0385,0.0125,-102.5088,77.6662,162.6817,1
9219,32.174,8.6703,0.2494,-22.6632,5.0804,157.615,0
9220,18.6774,17.6112,0.3068,-4.1781,8.3828,179.516,0
9221,27.2364,7.412000000000001,0.309,-3.8343,61.1569,108.6919,1
9222,20.1645,7.2982,0.3924,9.4568,40.5831,230.499,0
9223,25.6507,15.6521,0.257,22.1003,0.653,153.392,0
9224,56.066,18.1029,0.1297,29.0856,3.0836,223.24400000000003,0
9225,162.1829,44.8132,0.1793,-153.1119,5.638,332.7235,1
9226,81.598,34.2727,0.1001,-84.6566,44.9107,13.1108,1
9227,94.9314,23.318,0.1066,-96.6223,4.3736,200.705,1
9228,295.672,136.9041,0.1174,-318.3002,53.1805,293.553,1
9229,101.632,46.8651,0.034,89.6241,3.602,256.051,0
9230,59.2512,21.104,0.1284,36.4481,1.7138,245.793,0
9231,42.4594,14.8353,0.1804,29.7121,38.663,227.95,1
9232,28.4732,6.8137,0.2679,12.43,12.945,66.7053,0
9233,40.9857,34.0152,0.1525,-27.7517,12.949000000000002,83.667,0
9234,53.721,9.2039,0.2183,36.1811,67.939,51.3226,1
9235,132.507,58.0044,0.1138,-137.157,64.9299,293.453,1
9236,59.9269,14.5004,0.191,37.5542,35.6,303.382,1
9237,29.6864,6.5504,0.2724,-12.2981,36.9671,136.156,1
9238,40.8396,9.1219,0.1892,28.6662,54.93600000000001,237.816,1
9239,42.0033,11.1099,0.1873,33.9431,0.933,269.535,0
9240,22.6104,14.7849,0.2475,13.674,3.154,120.967,0
9241,56.994,22.3083,0.2235,48.9174,82.40799999999999,237.919,1
9242,70.6515,33.5451,0.0601,-47.4056,63.378,137.312,1
9243,29.7674,19.3288,0.1581,21.9274,23.932,130.555,0
9244,185.9683,46.3927,0.1239,-158.5741,58.3464,292.5933,1
9245,44.6675,21.9399,0.1276,20.0397,1.6086,193.2503,1
9246,35.2812,21.2289,0.1285,23.7727,4.4652,167.011,0
9247,98.2117,88.3026,0.0862,83.0957,53.102,392.144,1
9248,130.764,77.6689,0.0839,-99.1321,53.7738,86.4096,1
9249,73.7611,24.7409,0.2016,57.9402,3.0585,301.076,0
9250,104.346,36.1869,0.0639,81.1209,1.422,244.627,0
9251,69.4358,16.0666,0.1758,71.9623,78.4354,161.377,1
9252,19.1139,17.1325,0.3826,14.4108,55.44,205.694,1
9253,21.3232,17.5552,0.2292,11.5093,6.2738,199.007,0
9254,62.3103,15.0893,0.1465,23.1942,63.3945,143.3132,1
9255,188.281,84.156,0.0501,-104.5015,89.8206,344.0081,1
9256,18.14,10.6353,0.2848,8.5178,53.2443,168.416,0
9257,33.3849,21.6594,0.1727,-31.6129,22.353,243.83900000000003,0
9258,61.0387,9.9631,0.1939999999999999,50.75899999999999,64.2081,243.605,1
9259,49.4032,31.415,0.1146,28.9865,32.016,102.767,1
9260,31.8057,21.1941,0.1598,10.158,9.087,214.598,0
9261,47.0908,17.794,0.2153,42.9502,10.831,213.952,0
9262,34.8904,14.3351,0.1802,31.9063,10.5513,103.707,0
9263,107.376,13.4791,0.2175,-92.2321,83.3126,62.1312,1
9264,114.4338,41.8442,0.1206,84.8472,27.0193,167.1795,1
9265,12.821,11.5175,0.382,6.2951,8.593,195.637,1
9266,44.5949,21.9905,0.1304,-24.1922,2.6322,221.704,0
9267,22.4791,16.8116,0.2268,-9.3164,30.8451,269.021,0
9268,34.0974,15.3949,0.1859,-22.6602,4.829,199.522,0
9269,85.8538,16.1019,0.2971,98.9232,15.77,205.124,0
9270,12.9066,11.3002,0.4199,-7.5277,27.399,122.52,0
9271,32.8073,26.243,0.1602,18.6687,21.233,178.3168,1
9272,44.1482,16.1695,0.1969999999999999,11.0392,26.329,193.915,0
9273,20.7115,18.0974,0.2617,-13.3082,45.0788,230.115,0
9274,45.6008,9.4267,0.2917,35.2907,6.792000000000001,215.907,0
9275,207.253,75.8327,0.0371,-180.02900000000002,74.574,259.316,1
9276,30.401,22.7795,0.1657,16.5009,11.3638,127.633,0
9277,26.2642,19.6444,0.2099,10.4091,26.944000000000003,93.3478,0
9278,78.4001,43.193000000000005,0.0533,82.3771,6.462999999999999,135.97299999999998,0
9279,73.4303,29.8695,0.1162,-73.9524,6.0497,190.8169,1
9280,55.6718,18.9436,0.1061,54.5009,1.6831,167.454,0
9281,124.8245,51.9419,0.3145,-86.0871,21.7952,233.2619,1
9282,84.545,35.0906,0.1283,28.5247,3.034,307.496,0
9283,135.8838,52.4818,0.0645,188.7137,85.6517,288.441,1
9284,25.0031,17.8324,0.1737,5.303999999999999,16.948,175.412,0
9285,61.9284,23.4462,0.1419,43.8724,1.571,310.779,0
9286,59.6587,22.476,0.1039,48.7752,12.842,169.65,0
9287,20.5019,12.8464,0.2406,9.2295,1.3685,177.40599999999998,0
9288,87.4712,17.2932,0.1919,46.5491,23.8279,369.292,1
9289,71.1507,25.1204,0.0653,39.6216,6.1414,222.83900000000003,0
9290,24.4736,14.289,0.2825,-13.2608,2.7837,248.274,0
9291,178.2514,109.7977,0.008,71.9669,86.06,322.0505,1
9292,40.4257,29.6162,0.168,41.9258,58.424,203.837,1
9293,25.1115,18.7326,0.2129,-10.3371,47.117,92.9631,1
9294,48.2055,19.7274,0.1584,30.3054,4.199,273.879,0
9295,35.927,14.8053,0.2314,-20.3995,5.938,193.031,0
9296,86.3478,25.6288,0.2041,68.2903,1.7715,257.089,0
9297,41.9039,22.8557,0.1259,31.4384,15.7477,137.388,0
9298,22.0239,14.7859,0.2418,-8.5181,62.975,167.615,0
9299,23.797,10.4807,0.3789,-6.1956,41.9365,205.1576,1
9300,43.6077,15.3298,0.1893,-39.9112,11.5544,228.715,0
9301,106.1958,58.8445,0.0889,47.0791,60.8307,93.3092,1
9302,39.0742,13.3756,0.1968,-11.3443,76.9572,126.2277,1
9303,41.3125,23.0867,0.115,17.0944,2.1898,154.983,0
9304,95.6515,42.5478,0.0908,-74.5141,17.244,375.03,1
9305,80.3783,36.2917,0.1109,46.6059,0.123,346.603,0
9306,141.639,43.1145,0.1972,58.2355,3.2109,299.94,1
9307,106.633,17.3276,0.1321,61.3237,12.15,310.688,1
9308,50.6311,41.2324,0.1033,26.5791,89.6497,33.6037,1
9309,87.9869,15.8644,0.1248,79.0662,1.912,275.476,0
9310,21.434,14.7528,0.2385,17.357,10.066,192.929,0
9311,25.884,13.1,0.3671,15.3739,0.7943,126.7956,1
9312,19.6711,6.7556,0.4826,15.3024,21.559,168.24,1
9313,34.7886,19.5066,0.1429,-17.977999999999998,14.054,221.171,0
9314,31.6204,14.3757,0.1892,22.5139,11.5864,199.363,0
9315,29.4605,15.3239,0.2427,-18.1348,5.9093,72.0692,0
9316,24.6622,14.429,0.2723,16.5445,0.9875,134.912,0
9317,32.3784,11.0793,0.307,-10.9624,53.5794,105.5512,1
9318,19.087,17.2458,0.2312,17.602999999999998,48.0699,182.3954,1
9319,71.2234,17.8914,0.1494,71.1737,7.615,223.18400000000003,0
9320,12.6528,11.7685,0.3659,-6.7617,45.573,193.353,0
9321,71.5387,14.1801,0.1799,-33.9236,16.7554,227.657,1
9322,38.6516,19.3449,0.1479,33.3437,41.605,133.153,0
9323,160.7818,62.4406,0.1799,64.997,85.1638,400.1464,1
9324,32.3688,14.0263,0.2643,16.1918,19.01,134.04399999999998,0
9325,69.8339,32.5173,0.1216,64.0615,2.662,296.143,0
9326,51.8237,31.4988,0.0895,-40.3148,7.2099,158.941,0
9327,30.0622,10.7943,0.215,20.2691,45.7507,211.15,1
9328,26.8582,11.8539,0.2345,-20.4103,17.677,154.531,0
9329,145.2259,82.999,0.0589,-113.9508,8.9361,306.3206,1
9330,22.3454,10.2552,0.3428,-19.2355,18.066,139.343,0
9331,105.8664,23.4219,0.2645,104.469,55.8552,246.5357,1
9332,35.2888,13.8337,0.2119,-11.1339,7.108,160.947,0
9333,35.7062,13.2892,0.3289999999999999,-25.7479,1.2543,201.751,0
9334,156.2011,27.1467,0.147,115.19,76.5776,69.3105,1
9335,38.149,22.1737,0.1567,31.1901,23.0914,259.555,0
9336,23.385,11.423,0.3839,13.0986,58.3073,73.6947,1
9337,37.742,24.3346,0.1508,34.4104,24.216,131.601,0
9338,55.3431,22.5855,0.1339,31.6972,25.7773,190.12,0
9339,24.0693,0.0,0.3715,13.2176,26.629,231.863,1
9340,19.8177,12.4765,0.2816,-8.4311,4.498,108.877,0
9341,43.9615,20.2437,0.109,-20.6041,6.846,189.616,0
9342,159.22,56.7787,0.1345,-112.997,54.941,265.829,1
9343,52.5524,24.608,0.1298,36.5518,8.7447,289.8964,1
9344,35.121,23.1292,0.163,-20.562,0.143,179.92700000000002,0
9345,28.8255,16.7964,0.1701,-18.208,2.4949,213.169,0
9346,276.2766,35.8288,0.0572,-169.1552,68.1382,187.0187,1
9347,51.6326,21.2464,0.1257,33.3161,8.545,243.993,0
9348,109.5085,13.7841,0.1839,60.2403,16.1581,351.99800000000005,1
9349,42.8667,20.8577,0.1662,28.1173,6.9302,157.559,0
9350,42.7346,8.8932,0.2284,-28.7926,45.0688,238.976,1
9351,22.0823,16.8278,0.2529,-10.3529,16.436,270.396,1
9352,41.8803,22.1277,0.1801,29.4729,2.2801,200.61900000000003,0
9353,64.2164,13.2962,0.1826,51.574,13.0327,158.6385,1
9354,32.1014,22.8106,0.1201,-7.4837,4.977,155.65,0
9355,45.1037,16.2885,0.1786,38.0213,9.669,197.798,0
9356,43.8606,16.1287,0.1583,31.1417,8.9201,221.468,0
9357,45.559,9.9957,0.1955,34.9608,14.4173,177.68200000000002,0
9358,36.081,14.6095,0.2035,21.2675,4.7156,155.869,0
9359,26.3584,14.5054,0.1993,-14.9746,22.106,128.517,0
9360,46.6182,28.6493,0.1471,48.6994,24.037,276.2012,1
9361,92.595,24.5334,0.1059,79.5929,0.0787,330.463,0
9362,24.1371,9.6727,0.3098,-15.0734,55.2987,145.97899999999998,1
9363,41.7961,20.9112,0.1065,31.5867,55.6702,96.2122,0
9364,21.5452,12.1241,0.3161,-20.2701,8.2298,89.9811,1
9365,94.9897,55.072,0.1308,95.2638,50.8115,283.939,1
9366,66.0798,20.4955,0.0961,55.7708,3.584,235.042,0
9367,200.935,97.3423,0.0407,164.418,80.8515,139.52,1
9368,75.9422,17.2482,0.1827,45.783,2.872,154.04,0
9369,37.5017,10.2368,0.2709,33.637,56.3273,202.802,1
9370,48.7737,22.9794,0.1053,43.7929,5.401,184.114,0
9371,26.1423,15.0354,0.1889,16.7328,2.4225,223.475,0
9372,32.9807,18.9881,0.1806,21.8525,64.293,105.213,1
9373,100.153,26.2996,0.0843,81.4377,4.7858,317.884,0
9374,35.8686,19.3033,0.1874,19.7179,1.0842,283.097,0
9375,42.7212,12.0489,0.2219,27.3277,3.862,175.405,1
9376,25.2997,20.7144,0.1717,18.9769,3.762,141.225,0
9377,20.3406,7.2112,0.3754,11.0894,34.3656,158.954,0
9378,41.8538,6.4777,0.2267,29.181,72.9529,220.3638,1
9379,31.8987,23.787,0.1375,-9.3855,5.2291,149.74200000000002,0
9380,130.3612,90.0461,0.0309,-131.0066,10.0559,151.5751,1
9381,94.8772,29.4697,0.2408,-67.9011,1.374,317.60400000000004,1
9382,58.8069,14.1129,0.2284,-56.8791,18.423,109.98,1
9383,75.3789,17.5402,0.2285,74.5714,79.8306,218.14,1
9384,40.9514,16.0836,0.2006,15.5144,4.131,208.521,0
9385,88.8427,19.6117,0.0895,19.1422,87.67299999999999,94.5177,1
9386,99.105,43.0125,0.0481,78.408,0.365,290.201,0
9387,40.4736,27.348000000000003,0.2107,34.0363,32.3135,151.649,1
9388,33.3814,11.2316,0.2727,23.9708,2.087,178.577,0
9389,42.8589,13.5471,0.1463,33.3786,1.79,224.483,0
9390,213.1212,68.7536,0.0142,90.3857,47.3361,159.4975,1
9391,81.6056,22.5233,0.1056,41.2812,72.2289,101.8665,1
9392,173.137,45.998000000000005,0.177,24.3254,48.6757,299.59,1
9393,109.043,22.2986,0.106,105.8,0.6579999999999999,261.22,0
9394,82.365,24.7185,0.1391,70.2975,4.035,322.492,0
9395,62.1168,17.5698,0.1245,-47.373000000000005,29.379,195.946,1
9396,38.8344,11.4116,0.2072,14.2379,8.4716,208.873,0
9397,44.7045,15.4495,0.1927,26.4849,13.3324,195.209,0
9398,20.8925,6.922999999999999,0.4275,-13.8579,52.024,46.3895,1
9399,98.3474,41.8692,0.1791,-87.8181,26.902,343.841,1
9400,18.7537,7.3121,0.4602,-9.5412,59.5232,191.461,1
9401,128.4004,36.5418,0.1771,108.5569,58.2083,245.4346,1
9402,21.1295,6.6819,0.4687,-15.5071,41.1662,105.681,0
9403,45.4248,12.9191,0.1538,7.1662,65.8261,244.2702,1
9404,207.5245,106.8183,0.047,-250.3647,0.4183,284.4439,1
9405,22.8388,10.5252,0.3606,16.6751,2.1032,114.393,1
9406,56.6726,24.6349,0.1253,56.3142,10.2461,203.22,1
9407,20.3377,16.3027,0.3024,-10.0307,8.9192,232.5213,1
9408,52.7704,22.7587,0.1213,-38.666,0.249,246.166,0
9409,76.5716,33.5462,0.1326,42.4458,4.4055,352.472,0
9410,23.7506,10.4472,0.2698,-17.2267,14.155,118.524,0
9411,59.987,28.5751,0.1375,-20.3331,54.755,153.4876,1
9412,76.5111,14.9967,0.1792,59.5504,7.478,274.582,0
9413,23.7069,0.0,0.4824,0.0,63.9075,59.0714,0
9414,126.57,43.5619,0.0799,66.3045,45.4581,88.4568,1
9415,38.7514,22.2191,0.1612,38.9052,13.5898,113.666,0
9416,49.7582,19.7691,0.1234,43.927,7.6551,215.967,0
9417,60.0531,27.5988,0.0711,42.9533,5.57,185.093,0
9418,234.2468,93.4619,0.0816,-161.6185,59.3618,349.4554,1
9419,82.2445,25.5172,0.0862,65.8233,2.889,247.003,0
9420,13.0642,10.4653,0.5017,5.2943,19.086,91.9877,1
9421,26.6236,11.8438,0.2208,17.682000000000002,5.2526,143.83,0
9422,126.4664,67.1742,0.0789,52.0692,82.8786,318.5879,1
9423,110.867,40.7858,0.1297,91.5093,21.8577,326.927,1
9424,116.935,28.2944,0.1779,-100.593,39.109,389.579,1
9425,71.8058,31.3388,0.1159,61.8632,7.0849,321.928,0
9426,39.1762,18.1031,0.261,-34.279,62.053,252.382,1
9427,46.7412,17.5755,0.1477,-32.4009,71.3214,147.1831,1
9428,82.646,38.0362,0.1024,98.2205,23.5114,269.812,0
9429,112.704,75.6026,0.034,72.1956,6.2016,310.395,0
9430,77.1228,27.402,0.0918,77.8861,0.305,191.925,0
9431,36.7024,18.9061,0.2444,35.8258,55.657,148.975,1
9432,33.3414,19.8181,0.1643,28.4118,3.355,194.465,0
9433,98.4509,27.8121,0.0799,73.6898,81.8677,205.6621,1
9434,20.2208,11.1673,0.2943,-18.365,38.769,206.788,0
9435,24.3834,10.056,0.2874,-15.1356,35.913000000000004,58.932,0
9436,35.6827,9.3027,0.2708,-8.1318,63.846,86.8455,1
9437,91.1969,14.5046,0.1223,-86.4845,67.6457,184.9734,1
9438,21.2218,11.575,0.3297,15.3188,71.033,163.26,1
9439,73.2198,18.4237,0.2007,66.7052,78.429,32.1918,1
9440,119.531,38.9042,0.0982,82.7515,42.0454,243.105,1
9441,31.8784,21.8176,0.204,15.8901,72.8943,165.0925,1
9442,19.4673,16.8653,0.2492,-8.5647,24.663,201.263,0
9443,20.3065,12.665,0.2585,-13.495,64.14,131.57399999999998,0
9444,19.7564,12.0209,0.4756,25.455,62.2473,230.8169,1
9445,24.8354,15.3356,0.1929,10.4682,31.7177,215.80900000000003,0
9446,49.2796,24.96,0.1362,31.771,3.414,254.867,0
9447,26.8817,14.6968,0.2135,19.3043,7.9798,209.183,0
9448,19.5865,16.5335,0.3527,-13.8608,39.323,27.6118,0
9449,19.8108,18.5803,0.3002,-20.7586,87.5784,96.2807,1
9450,35.0964,24.4705,0.1211,-21.5705,1.837,169.957,0
9451,21.2858,6.9056,0.4097,12.8596,44.6269,171.157,0
9452,50.7449,8.8637,0.1742,30.3424,17.4344,191.832,1
9453,30.3756,18.1395,0.1837,-14.762,35.043,146.607,0
9454,40.5545,21.419,0.1112,26.1013,0.1593,186.851,0
9455,37.1509,26.5548,0.1297,-15.8402,31.5333,138.7256,1
9456,11.6824,10.6251,0.2175,-1.5542,64.6832,82.8626,1
9457,93.9291,32.9969,0.1068,52.7196,0.034,338.291,0
9458,40.9987,7.3859,0.3267,24.7771,15.8358,140.19799999999998,1
9459,160.178,79.7017,0.0656,-160.174,35.245,357.699,1
9460,31.8884,11.8492,0.2361,17.6906,19.907,180.798,0
9461,19.7115,16.8405,0.2388,15.503,58.4341,184.2661,1
9462,20.8375,12.4907,0.2903,14.013,57.3209,195.131,0
9463,43.2611,13.5934,0.3374,-30.5768,23.1995,198.3741,1
9464,25.801,21.5157,0.1519,13.8349,29.4336,142.0574,1
9465,20.575,4.6982,0.4468,-9.4999,32.0593,234.2099,1
9466,56.6255,26.505,0.0973,43.4081,5.3505,234.588,0
9467,38.0692,16.4755,0.3269,34.7779,37.23,231.352,1
9468,23.6729,0.0,0.4196,0.0,47.7751,154.638,0
9469,40.2456,20.4661,0.1453,36.25,1.706,131.885,0
9470,104.5322,61.6632,0.1192,-55.1255,17.695999999999998,353.8896,1
9471,95.7927,51.1362,0.0511,70.6563,0.68,310.933,0
9472,23.0476,16.8067,0.2385,-9.3611,0.8687,251.14,1
9473,74.2876,25.8976,0.0819999999999999,70.4872,7.3272,178.68900000000002,0
9474,22.7025,6.1491,0.4639999999999999,14.711,13.913,238.616,0
9475,115.486,28.01,0.1369,75.8613,56.249,290.177,1
9476,70.6423,20.3857,0.1576,70.0259,8.94,209.142,0
9477,56.6139,26.1253,0.0862,48.7686,9.842,203.80900000000003,0
9478,62.707,11.8072,0.2288,49.8416,6.0467,246.644,0
9479,20.8693,20.7738,0.2447,-36.1922,9.7574,162.3856,1
9480,104.4053,94.4102,0.0823,69.9405,61.1733,232.1963,1
9481,16.8537,7.3805,0.5779,-4.8314,24.289,86.00399999999999,1
9482,39.5056,12.0449,0.2296,24.4368,16.7893,207.265,1
9483,25.8499,8.5086,0.3667,10.3932,68.843,165.671,1
9484,81.5428,24.7981,0.1407,84.8282,7.8673,288.1879,1
9485,48.9652,17.4282,0.1742,15.258,61.9208,151.4106,1
9486,121.365,34.3858,0.0897,92.6046,1.857,230.96,1
9487,150.7452,73.065,0.1551,157.8799,78.6364,278.0696,1
9488,115.524,27.1455,0.148,108.1819,34.0787,290.8101,1
9489,24.2724,8.4887,0.4107,-11.2589,72.4373,163.2463,1
9490,48.7285,20.2255,0.1861,55.2506,49.3474,105.525,0
9491,49.7923,10.4327,0.1875,27.6367,45.194,157.46200000000002,1
9492,90.2566,32.1569,0.1179,66.5126,1.8578,342.374,0
9493,26.6653,5.4643,0.3779,-17.8363,66.8422,197.1062,1
9494,117.092,44.7313,0.2041,-70.6841,2.297,379.88,1
9495,27.6052,18.7673,0.2098,19.1064,76.96300000000001,69.2419,0
9496,24.1251,15.3433,0.3096,-19.9943,35.433,28.6647,0
9497,57.8511,38.0571,0.2161,-33.9402,19.4243,416.461,1
9498,29.8725,19.2412,0.1264,14.3757,21.696,173.343,0
9499,139.7989,90.8769,0.1067,-128.0299,53.7335,407.4667,1
9500,36.9446,26.1729,0.1548,-33.1617,5.7144,169.71400000000003,0
9501,24.8266,19.6036,0.1807,12.2436,5.132000000000001,144.517,0
9502,31.4413,21.7385,0.1676,16.4581,6.283,243.982,0
9503,26.4307,13.9352,0.2409,-16.8454,22.393,160.798,0
9504,41.0393,12.049,0.267,33.6709,16.1705,238.4506,1
9505,92.1933,17.0001,0.1608,85.9957,1.6033,305.6577,1
9506,22.6319,11.392,0.3035,10.5715,55.519,189.644,1
9507,69.6641,22.6871,0.2277,-52.7004,1.252,318.996,0
9508,46.2583,38.1074,0.0987,37.493,14.769,124.628,0
9509,23.2875,20.4803,0.266,17.5035,10.2651,103.148,0
9510,36.2613,26.331,0.2173,37.0355,43.694,217.887,1
9511,32.6845,15.3549,0.1918,-24.8278,12.3857,200.256,0
9512,13.3224,11.8602,0.3442,-14.0008,34.0759,150.6592,1
9513,38.7822,20.3438,0.1296,4.86,5.733,166.524,0
9514,19.5667,8.9652,0.3671,3.1351,49.0605,133.0378,1
9515,34.9509,19.9977,0.15,-3.3165,19.885,186.142,0
9516,63.4169,16.863,0.1642,36.9142,7.695,244.691,0
9517,42.84,19.4855,0.1372,-15.5957,8.4993,99.6344,0
9518,73.0506,31.6847,0.2136,35.5014,1.6869999999999998,346.585,0
9519,25.7582,17.5717,0.2486,-23.9635,29.836,176.886,0
9520,47.57,13.3866,0.1648,22.5369,3.654,219.484,0
9521,73.0376,22.2678,0.0932,63.8847,2.13,282.813,0
9522,37.3068,23.7012,0.1154,-13.0362,3.4360000000000004,113.746,0
9523,27.0469,16.3961,0.1837,14.527,20.818,176.035,0
9524,64.0879,15.0473,0.2241,70.6237,0.27,237.162,0
9525,31.0015,15.8117,0.1851,16.1316,8.767000000000001,119.08,0
9526,37.9952,15.7021,0.1769,36.0223,1.156,236.544,0
9527,100.088,19.8171,0.2467,-58.6108,1.9948,239.547,1
9528,191.5672,80.6114,0.0721,-275.0622,33.2709,358.7917,1
9529,50.3748,18.2968,0.1572,51.0189,0.9822,257.778,0
9530,110.5279,60.4727,0.2222,-124.5173,14.6671,448.0295,1
9531,55.8123,16.9689,0.1241,44.7144,14.328,218.377,0
9532,18.7801,12.7489,0.3005,13.6885,84.5089,40.3003,0
9533,130.336,34.3454,0.0865,-115.284,84.5433,238.257,1
9534,34.6902,15.6418,0.244,23.5601,8.1672,97.5085,1
9535,106.494,61.7182,0.076,-53.4208,80.5153,144.584,1
9536,44.3799,23.5005,0.1622,14.05,7.1191,271.519,1
9537,105.1478,51.3997,0.0383,83.0826,40.1549,306.1684,1
9538,97.279,68.7333,0.0695,-69.6596,25.5154,357.119,1
9539,52.7282,29.6996,0.0643,26.0616,8.2437,134.18,0
9540,25.3774,19.1365,0.1956,-15.0167,26.6862,113.79,0
9541,23.2796,16.4149,0.276,17.5575,9.5021,86.2246,0
9542,42.6502,23.1951,0.1896,-20.0359,52.8321,224.9324,1
9543,13.0019,10.9301,0.4613,6.0317,66.374,154.086,0
9544,25.7009,17.1045,0.2896,24.3707,0.313,191.8331,1
9545,161.3747,25.2288,0.1798,177.6937,63.7523,127.839,1
9546,64.8912,16.4459,0.1411,55.0638,4.8939,241.569,0
9547,49.5412,18.069000000000003,0.1254,-26.4839,0.6990000000000001,202.579,0
9548,160.6805,25.0334,0.2136,-56.5295,19.5623,322.6846,1
9549,29.1582,10.0509,0.2494,-12.429,5.7711,147.65200000000002,0
9550,27.4814,23.5628,0.1492,20.9656,81.4517,238.458,1
9551,28.7876,10.3231,0.3254,18.6006,67.1032,255.0153,1
9552,12.9823,11.2635,0.3783,2.9776,71.697,227.144,0
9553,93.8085,56.469,0.1078,32.8574,26.414,247.97,1
9554,20.0489,9.2926,0.4226,-14.5626,25.883000000000003,187.847,0
9555,47.5061,11.3387,0.2215,39.299,21.389,204.276,1
9556,25.6828,15.2839,0.2269,18.3512,56.894,148.947,0
9557,65.7802,13.352,0.2381,-59.6226,52.9969,199.919,1
9558,46.408,12.6657,0.2148,29.8569,67.365,205.312,1
9559,13.6728,9.3171,0.4927,8.0423,14.071,92.8876,0
9560,43.0089,17.2466,0.1699,28.1244,13.9329,126.744,0
9561,115.1431,35.0826,0.1304,-165.5549,9.4043,249.3844,1
9562,32.0868,17.982,0.1699,-19.4625,8.974,86.0026,0
9563,19.6388,9.8178,0.2888,4.2684,13.0905,133.208,1
9564,21.2481,9.4189,0.4175,-19.5563,32.321,141.393,0
9565,35.529,17.8957,0.2113,11.6347,31.3698,108.796,0
9566,176.49200000000002,51.5464,0.077,-125.461,67.0072,300.306,1
9567,22.8849,15.0983,0.4154,12.8972,6.3728,184.3651,1
9568,47.9365,7.3824,0.2978,-32.8675,4.5181,148.036,1
9569,27.6167,8.807,0.3724,23.2664,89.7323,89.1692,0
9570,94.42,27.1908,0.1072,96.7882,3.9059,299.725,0
9571,107.7833,16.1712,0.289,98.5015,50.5049,211.6994,1
9572,66.2317,28.0831,0.0692,48.5886,8.1299,186.715,0
9573,94.9897,55.072,0.1308,95.2638,50.8115,283.939,1
9574,75.4045,40.178,0.0599,60.9121,13.77,230.517,0
9575,104.872,31.7432,0.0946,78.4918,0.604,335.745,0
9576,32.3464,9.3135,0.29,22.7735,62.7817,208.721,1
9577,17.1336,10.2874,0.3764,9.7361,46.465,200.112,1
9578,22.2197,9.2053,0.2751,4.7761,42.023,221.3417,1
9579,43.6708,16.7493,0.2326,25.0764,73.994,162.119,1
9580,39.0647,12.8045,0.1955,25.7066,35.9843,246.042,1
9581,27.8728,14.7857,0.2031,-22.8391,2.275,179.09400000000002,0
9582,40.8922,31.6046,0.1173,20.8358,18.1335,157.77700000000002,0
9583,27.4144,5.002,0.3034,-10.8555,65.104,162.1148,1
9584,23.2142,18.087,0.1657,7.7459,47.2791,99.5487,0
9585,66.289,15.5237,0.098,38.0912,10.6781,267.7896,1
9586,251.21,112.911,0.0824,-219.222,59.836000000000006,297.434,1
9587,12.4899,11.9789,0.3559,-8.5835,45.6611,217.134,0
9588,53.8114,29.2116,0.0923,14.6894,0.035,146.77200000000002,0
9589,26.9117,7.0355,0.43,-11.7778,18.547,195.489,0
9590,77.192,16.2878,0.1404,64.4648,8.446,254.59,0
9591,54.8257,14.5358,0.1248,26.6012,39.198,106.24,1
9592,32.4232,20.7462,0.1619,-21.5439,23.7956,212.005,0
9593,37.3461,18.3186,0.1512,10.4355,8.741,236.09,0
9594,52.7558,23.6443,0.1265,34.6284,6.159,256.009,0
9595,22.424,5.9684,0.5407,7.0016,17.1994,246.4288,1
9596,161.555,110.208,0.0698,-94.5333,58.62,141.773,1
9597,64.5419,54.5073,0.1055,54.7333,31.4631,249.407,1
9598,40.6304,18.4451,0.1815,-19.4059,4.302,200.893,0
9599,18.4336,7.4759,0.4944,-5.8546,52.881,125.609,0
9600,24.6754,12.0523,0.2296,10.1589,15.901,140.02100000000002,0
9601,19.1573,16.9044,0.3782,8.3021,11.763,129.953,0
9602,26.0756,16.183,0.2943,12.5653,15.0673,106.2,0
9603,12.9945,10.9917,0.4539,6.3577,60.20399999999999,98.9831,0
9604,33.2617,17.7426,0.1963,-16.046,2.825,168.009,0
9605,30.9901,12.6604,0.1928,-14.2005,28.919,169.90099999999998,0
9606,84.2514,30.6098,0.0829,58.2115,11.124,230.64,0
9607,33.1352,11.9745,0.2408,-19.6741,86.6743,122.156,1
9608,85.7919,25.7585,0.1717,19.6896,0.2999,353.68300000000005,0
9609,96.7285,26.6214,0.1048,-111.704,13.4054,148.671,1
9610,84.6834,24.4595,0.2399,-71.9329,57.6423,136.3991,1
9611,27.1044,9.7779,0.3145,-14.8614,29.844,225.566,0
9612,12.6054,11.8205,0.3779,9.8325,6.0163,139.72299999999998,0
9613,18.0929,7.4076,0.5076,6.3958,6.1193,205.452,0
9614,33.4087,18.942,0.1939999999999999,22.7476,9.4759,125.399,0
9615,73.1549,24.0524,0.114,54.52,0.3485,254.455,0
9616,33.0706,6.9019,0.3263,-13.3088,33.8447,38.7364,1
9617,62.152,20.0991,0.1585,59.8704,0.5862,231.634,0
9618,46.302,31.5082,0.1148,-32.8466,80.7067,77.0437,0
9619,256.9246,109.672,0.1436,-212.2697,84.6171,304.5197,1
9620,39.5082,20.09,0.1458,-19.2992,1.6435,233.249,0
9621,118.71,89.4659,0.1388,-71.8817,32.8558,369.18,1
9622,27.8081,18.8811,0.217,22.9861,7.968,71.6143,0
9623,35.4794,23.8385,0.175,19.6185,88.6604,173.372,1
9624,33.6756,15.2138,0.2354,-32.185,48.6356,94.1986,1
9625,122.657,72.5942,0.0368,76.1215,27.926,260.481,1
9626,58.2616,13.6449,0.1658,64.8371,5.4939,229.28,0
9627,25.622,16.4937,0.2091,16.430999999999997,0.632,207.647,0
9628,23.9287,16.0422,0.2189,-9.7743,60.313,158.305,0
9629,90.0194,18.8496,0.158,51.8986,66.5938,71.1545,1
9630,21.9193,0.0,0.4433,0.0,51.161,82.8544,0
9631,51.8055,34.1485,0.0893,-44.1334,42.267,130.809,1
9632,86.3828,40.1229,0.0503,79.6906,2.5861,214.333,0
9633,195.3829,50.245,0.1271,-148.436,42.7007,181.2185,1
9634,75.1656,39.9929,0.038,39.4946,12.8791,63.5368,1
9635,35.6496,27.904,0.1279,26.1309,2.205,97.4906,0
9636,172.628,30.6869,0.1995,100.466,49.158,311.767,1
9637,17.8219,16.2279,0.2817,-16.9333,80.6581,104.904,1
9638,87.1898,44.136,0.1273,22.558000000000003,30.9266,333.79,1
9639,85.9355,29.9215,0.1735,-20.0659,4.7597,335.983,0
9640,144.18,67.3286,0.0608,-110.0,65.4676,384.24300000000005,1
9641,28.2495,11.8001,0.2319999999999999,-15.3248,86.4267,216.867,0
9642,144.045,26.8074,0.1432,-102.29,44.6947,176.171,1
9643,43.6668,15.809,0.2425,31.3905,21.6793,162.8298,1
9644,58.922,29.3917,0.1614,21.5076,2.5884,332.298,0
9645,18.761,7.4257,0.4718,7.8638,86.5675,204.295,1
9646,71.7643,25.328000000000003,0.1759,59.3279,6.9898,221.046,0
9647,31.2108,14.5848,0.1879,-18.9801,55.583,258.48,1
9648,41.8527,24.3115,0.2016,36.9855,60.0972,263.6259,1
9649,167.12599999999998,69.8462,0.0316,162.671,69.7942,91.5714,1
9650,89.9165,35.2407,0.1334,-53.0078,2.755,406.034,0
9651,53.6356,18.1699,0.1258,36.8787,5.4268,136.178,0
9652,94.7763,61.4016,0.1014,-47.2513,3.8208,362.2807,1
9653,43.2905,12.3187,0.1629,23.8963,50.8834,186.789,1
9654,34.3959,12.7181,0.2266,37.4839,40.7617,148.5089,1
9655,24.2757,10.8321,0.3289999999999999,9.5183,23.102,208.029,1
9656,81.2009,24.9905,0.1906,-33.2579,5.5932,309.468,0
9657,99.8325,32.8832,0.0873,61.0253,6.9048,333.84,0
9658,94.5187,53.5252,0.1463,-51.1575,52.624,363.032,1
9659,28.1035,17.4216,0.1665,-10.9649,13.183,207.123,0
9660,56.6077,24.9021,0.105,51.7478,2.4729,189.106,0
9661,99.643,60.7624,0.1533,-74.2057,12.6359,341.2119,1
9662,27.5014,13.9081,0.2855,12.5412,72.1624,150.4962,1
9663,53.1573,27.5492,0.395,-47.369,8.79,321.013,0
9664,56.3339,33.2362,0.1082,-45.3503,36.418,268.378,1
9665,117.546,48.6587,0.0845,-117.82,28.412,323.658,1
9666,29.1819,8.9596,0.3376,14.6698,65.0487,91.7521,1
9667,62.1966,39.1505,0.0795,45.3843,1.945,269.637,1
9668,43.9432,29.7264,0.084,23.7578,18.3709,126.665,0
9669,33.3237,12.3317,0.1881,-17.7864,42.108,85.2292,0
9670,45.467,14.6861,0.205,-30.7041,5.0280000000000005,222.084,0
9671,98.4893,38.6759,0.0814,61.9751,4.909,347.456,0
9672,41.1158,13.7023,0.2662,-10.6796,61.9923,186.264,1
9673,21.4778,19.5931,0.2859,17.7166,46.0148,76.736,0
9674,16.6021,8.5853,0.4014,7.1313,29.6895,76.7338,1
9675,103.8751,43.5467,0.1803,53.9875,17.1784,346.1485,1
9676,37.0949,17.5767,0.1845,27.7515,16.5347,156.783,0
9677,33.4757,12.2036,0.2113,-7.047000000000001,20.071,175.236,0
9678,13.146,10.549,0.4788,-4.7839,15.9662,142.35,1
9679,94.1881,55.801,0.071,-76.9703,84.1267,195.0257,1
9680,127.314,95.0778,0.086,-127.826,68.0493,397.574,1
9681,26.2117,16.0071,0.2149,10.5058,0.9552,72.8827,0
9682,49.7866,26.2582,0.1486,58.3653,42.4042,245.1169,1
9683,26.7828,7.6988,0.4096,-25.3579,78.1325,176.8622,1
9684,22.4294,14.0145,0.3221,-13.354,9.239,169.86700000000002,0
9685,87.3801,25.9353,0.115,62.0214,2.5025,291.158,0
9686,23.5152,15.669,0.2357,11.0749,6.4110000000000005,167.02200000000002,0
9687,16.4922,11.5726,0.3062,5.2501,21.362,82.6556,0
9688,64.5742,23.7415,0.2968,-32.0465,62.084,110.0995,1
9689,85.167,32.3973,0.108,63.076,3.743,292.56,0
9690,18.1398,10.6219,0.3079,-5.2319,35.2731,159.314,0
9691,91.3763,33.8905,0.0877,68.6722,3.0507,345.136,0
9692,47.7993,20.8227,0.1336,-29.5788,76.7657,217.1915,1
9693,149.9769,55.8372,0.0902,183.9805,5.6602,147.4284,1
9694,27.2103,15.8672,0.263,18.9339,10.039,86.1396,0
9695,69.0328,17.709,0.2149,68.6052,47.323,267.7166,1
9696,17.3272,3.3491,0.5147,19.111,16.6095,87.5802,1
9697,88.7937,28.8355,0.0945,81.4294,3.9201,286.413,0
9698,24.0828,11.0698,0.2829,1.4408,84.8699,166.2107,1
9699,30.5492,14.3894,0.2151,-20.5573,50.6983,120.915,1
9700,47.0522,18.3875,0.1958,-32.5108,31.6682,151.889,0
9701,13.0297,11.1179,0.4159,-5.5760000000000005,82.3525,47.6572,1
9702,29.6033,18.6805,0.3664,30.8345,67.2374,176.1317,1
9703,40.5879,10.6607,0.2189,21.0894,15.0058,169.486,0
9704,29.7094,16.2648,0.3006,5.9749,76.0271,250.8871,1
9705,200.0049,75.4877,0.2033,-170.8186,56.0462,299.5727,1
9706,88.094,24.7104,0.2529,-106.863,12.3715,106.37,1
9707,30.6982,16.7852,0.1964,19.0026,22.856,157.278,0
9708,45.613,15.8726,0.1289,-22.7252,5.0398,165.769,0
9709,42.4518,22.9129,0.2372,16.4949,9.906,296.816,0
9710,70.6387,27.7529,0.1003,62.719,2.3853,282.051,0
9711,127.704,101.016,0.0835,-101.354,50.4247,367.082,1
9712,13.0416,8.5656,0.3142,17.0575,26.7796,114.5129,1
9713,84.2564,29.1738,0.1289,57.1937,1.605,335.621,0
9714,107.3611,30.2678,0.1136,31.7457,3.4113,241.1253,1
9715,110.714,26.8312,0.1247,73.2259,9.3725,281.8795,1
9716,56.5578,48.6038,0.0915,-43.9431,57.104,40.7657,1
9717,26.8589,6.9689,0.4081,19.7017,89.9579,169.2044,1
9718,24.615,18.3923,0.2301,18.7937,16.7914,216.224,1
9719,88.7648,26.6888,0.1247,23.5684,4.093999999999999,357.315,0
9720,32.2558,12.9847,0.3029,-35.0385,52.9153,24.6089,1
9721,75.8366,32.0853,0.0874,46.6759,0.2581,293.28,0
9722,24.7379,13.2045,0.2721,17.0102,2.748,163.526,0
9723,106.008,20.3299,0.2012,82.9771,6.8644,196.761,0
9724,23.2702,10.5065,0.3201,-16.8084,20.9345,94.6289,0
9725,22.3887,15.4317,0.2735,-8.1747,52.3737,37.9962,0
9726,173.68599999999998,49.7579,0.2802,-177.71099999999998,18.437,310.839,1
9727,89.3694,31.2917,0.1215,51.9378,0.022,334.959,0
9728,56.4465,42.3899,0.0724,54.3394,64.0988,216.986,0
9729,21.417,10.8622,0.2949,-18.919,84.3192,136.64600000000002,1
9730,59.188,21.3128,0.217,-71.8955,10.2763,121.291,1
9731,18.2541,10.3866,0.3421,11.3392,57.6026,88.8134,0
9732,38.5557,16.3821,0.2371,15.146,44.6205,90.333,1
9733,24.0557,16.0667,0.2238,13.5878,37.151,289.944,1
9734,50.8507,42.3072,0.1103,-20.1533,47.1965,248.604,1
9735,15.806,11.77,0.3699,3.923,15.8601,161.704,1
9736,32.8408,10.5404,0.2747,10.832,63.8494,177.2901,1
9737,47.7499,10.4063,0.2001,27.6563,9.968,218.136,1
9738,35.522,7.8234,0.2562,8.3329,74.632,262.81,1
9739,23.8241,18.6198,0.2341,-11.638,12.249,95.0414,0
9740,23.4477,9.4543,0.314,-13.9304,4.141,60.6831,0
9741,19.3043,18.0716,0.2562,16.0234,63.709,118.949,0
9742,26.6684,19.6904,0.2036,-32.6844,80.8926,228.5077,1
9743,76.763,12.6824,0.2256,80.3253,6.853,218.788,0
9744,32.5272,7.8167,0.3714,-13.8055,19.3327,194.0103,1
9745,58.6329,13.5103,0.1502,37.7725,0.2733,230.84,0
9746,91.6174,39.9496,0.0406,83.68700000000001,3.0094,256.828,0
9747,27.7531,12.5654,0.255,19.0235,0.2168,94.6145,0
9748,27.4601,7.0214,0.2891,-5.8615,25.752,152.596,0
9749,49.7403,23.7094,0.1192,-29.4208,34.582,180.167,1
9750,18.4204,9.8345,0.4005,13.2696,33.3598,183.597,0
9751,20.1725,15.2864,0.2491,-2.4211,11.081,136.437,0
9752,18.0933,15.3799,0.335,15.9569,82.7585,137.232,0
9753,36.3031,18.2894,0.2542,25.0038,34.0127,165.1138,1
9754,81.0092,10.581,0.2341,-95.2555,18.3564,116.2746,1
9755,43.4952,24.9616,0.1192,-25.6589,17.387999999999998,54.8415,0
9756,43.6124,13.9316,0.2253,35.3,8.058,264.923,1
9757,30.1103,9.8668,0.4298,16.5349,42.5002,120.6062,1
9758,20.0506,12.8262,0.2566,11.0246,25.089,190.638,0
9759,97.8682,42.3994,0.1465,68.6183,18.895,342.372,1
9760,33.5489,19.832,0.1951,-25.0586,86.9442,226.62,1
9761,30.6613,15.0985,0.2687,-16.3498,26.9064,151.766,0
9762,35.2694,10.6241,0.2652,-25.3148,13.316,191.172,0
9763,37.8481,13.7118,0.1643,-19.5817,3.1288,198.936,0
9764,48.9754,20.5578,0.1199,27.6571,1.66,195.176,0
9765,22.5255,18.5272,0.2325,-8.7272,39.3295,99.1468,0
9766,21.6665,10.4032,0.3157,-0.8939,69.4669,143.3594,1
9767,182.454,103.023,0.0287,-201.012,68.664,183.377,1
9768,34.1537,17.1755,0.1556,-15.8122,2.5610000000000004,200.022,0
9769,33.8385,23.1018,0.1185,-18.5278,9.0883,230.897,0
9770,24.999,17.775,0.2453,-25.5307,81.8671,120.263,0
9771,12.1557,11.3919,0.42,18.6748,2.9939,235.5998,1
9772,69.7459,22.049,0.0761,54.4568,7.459,193.624,0
9773,139.72799999999998,69.893,0.0739,53.7759,3.031,207.425,1
9774,173.94299999999998,55.7884,0.1484,145.672,54.566,128.882,1
9775,17.819000000000003,16.3041,0.2868,12.1542,5.9996,135.28,1
9776,37.6661,10.02,0.207,-21.3915,5.0986,89.9939,1
9777,80.5522,59.7657,0.0785,64.7537,21.3447,298.4421,1
9778,32.111999999999995,13.2602,0.2723,15.3232,31.5112,90.2205,0
9779,19.5027,8.3665,0.5201,15.1227,54.3562,176.5708,1
9780,19.9263,16.7442,0.2107,-8.6963,2.579,187.392,0
9781,140.1735,17.9349,0.2133,108.1108,50.6208,127.1683,1
9782,13.8233,12.5331,0.4269,-2.7347,15.822,161.578,0
9783,132.57,75.067,0.1113,97.4511,58.863,369.971,1
9784,130.4586,112.3406,0.1138,-59.6096,86.7983,384.5202,1
9785,31.9493,20.2841,0.2436,18.1621,66.5278,250.6361,1
9786,96.8986,25.3328,0.1126,-82.7423,28.1173,168.5184,1
9787,136.8961,89.6279,0.0271,-40.6896,84.6145,360.7359,1
9788,63.6979,17.6914,0.2889,68.4409,82.1797,222.269,1
9789,31.7983,23.0585,0.1437,-5.1985,41.9239,80.9176,0
9790,24.161,7.3075,0.3914,12.9679,5.242000000000001,154.231,0
9791,77.8986,27.5097,0.1013,60.3882,2.701,279.476,0
9792,38.3982,20.7548,0.1633,20.903,6.941,223.71,0
9793,125.248,17.6702,0.2348,-147.918,83.7287,138.963,0
9794,24.3806,15.6248,0.257,20.4636,34.0116,169.22099999999998,1
9795,171.6771,76.8383,0.0719,-160.9615,65.2154,140.8486,1
9796,93.7259,27.8761,0.1065,113.066,18.6002,165.46099999999998,0
9797,25.2864,10.0618,0.2998,-18.1736,8.436,180.758,0
9798,37.9876,9.8674,0.1721,31.014,15.4444,242.4555,1
9799,156.238,19.8869,0.3443,-169.783,16.183,312.115,1
9800,22.9399,14.2921,0.2593,-12.2201,33.3697,107.932,1
9801,46.2801,16.3144,0.1575,-23.6669,50.944,61.9598,0
9802,68.8027,7.0206,0.2689999999999999,-77.9162,87.4631,143.2086,1
9803,49.2717,19.9877,0.1064,-19.1324,51.92100000000001,109.44,0
9804,14.8072,7.0241,0.6752,-3.681,63.6689,178.037,0
9805,102.3369,25.8713,0.0878,-38.8742,79.7161,81.1097,1
9806,17.1793,11.225,0.3039,-5.2114,73.221,93.2077,0
9807,61.2692,23.2062,0.1149,59.0903,12.18,286.97,0
9808,78.3373,18.1086,0.1204,-77.2964,7.9135,257.187,0
9809,23.5813,0.0,0.4235,16.6562,12.5074,239.929,0
9810,32.6417,13.4912,0.2285,-17.2488,69.17399999999999,165.988,1
9811,97.8123,17.6848,0.1799,-37.8531,67.1496,134.915,1
9812,58.9334,16.5973,0.1369999999999999,55.6722,14.9142,140.4382,1
9813,245.594,136.72299999999998,0.0731,-168.707,21.555,121.957,1
9814,25.3347,22.0816,0.1844,10.4672,41.911,52.4654,0
9815,90.7088,11.0098,0.1885,-79.2581,19.578,46.6216,1
9816,80.8379,37.1796,0.0513,75.74600000000001,5.0145,219.354,0
9817,123.5586,34.8344,0.1943,114.5499,55.2123,255.4515,1
9818,27.0944,21.3476,0.1701,22.1001,1.0148,69.6275,0
9819,49.7442,26.6913,0.1027,-24.7504,7.3364,187.46,0
9820,38.941,22.4191,0.1265,27.294,13.913,131.99200000000002,0
9821,20.27,7.3207,0.3913,-0.4035,18.0727,163.975,0
9822,128.2321,50.3486,0.1535,-111.0629,38.1218,269.705,1
9823,18.1641,7.0722,0.471,-9.8466,14.3451,175.33900000000003,0
9824,75.98899999999999,47.6357,0.0977,57.1007,4.972,314.553,0
9825,100.717,32.1655,0.2242,-79.3513,9.6768,301.496,1
9826,23.9796,18.4851,0.2352,18.0255,2.3258,54.3047,0
9827,31.5256,7.4577,0.3837,21.022,10.2785,189.48,0
9828,38.8055,20.8356,0.1525,-17.7058,5.343999999999999,170.34900000000002,0
9829,96.1947,22.6252,0.113,54.24100000000001,52.8841,97.4196,1
9830,77.7209,61.8617,0.0893,-45.8883,72.535,270.4173,1
9831,86.569,23.4751,0.173,-52.6124,41.156000000000006,108.593,1
9832,34.5433,15.8949,0.2165,20.5557,10.46,263.666,1
9833,133.155,29.9931,0.1273,-87.6751,14.134,302.857,1
9834,48.5258,18.8999,0.1555,-15.4234,1.2651,206.155,0
9835,94.4748,20.942,0.2288,-40.4334,3.4604,275.603,0
9836,26.2328,20.9103,0.1862,-21.0481,75.6027,201.633,1
9837,27.515,14.227,0.2197,-16.8821,8.977,173.972,0
9838,12.611,11.815,0.3764,9.5045,5.0155,166.312,0
9839,89.508,37.8411,0.0567,74.1725,1.7565,277.767,0
9840,27.1651,9.2889,0.3491,18.9757,65.8099,201.4,1
9841,21.1286,12.6477,0.3654,19.5594,24.538,173.304,0
9842,34.6908,11.2351,0.1975,21.2479,10.612,152.891,0
9843,57.6994,15.0819,0.1604,46.1829,50.6926,244.1902,1
9844,25.7916,18.3451,0.2406,10.9617,26.07,167.396,0
9845,151.196,51.481,0.088,-42.8232,7.2928,275.504,1
9846,34.7091,20.0706,0.1732,-18.3249,84.7176,174.393,1
9847,35.7658,12.3442,0.2266,25.0423,6.9809,153.46200000000002,0
9848,19.3353,11.5449,0.3653,4.5782,89.4066,202.201,1
9849,37.5814,14.2783,0.1925,27.0547,5.933,149.744,0
9850,26.749,18.9529,0.2238,-28.27,43.5363,208.7578,1
9851,28.6176,22.6032,0.174,11.4826,59.415,118.507,0
9852,42.8789,17.0404,0.1356,-25.2515,6.738,202.799,0
9853,100.4486,15.7331,0.1175,40.9504,2.5978,312.913,1
9854,29.0869,9.128,0.3141,17.4277,16.3577,143.684,1
9855,82.5728,38.2603,0.0732,87.9595,53.2301,74.0409,1
9856,101.501,82.7937,0.1136,63.6137,33.688,308.418,1
9857,77.5988,38.494,0.0505,61.3527,4.774,247.285,0
9858,36.9119,19.53,0.1812,5.7815,68.4468,198.1331,1
9859,20.7843,15.7948,0.3021,11.9971,16.093,222.374,0
9860,12.1929,8.5395,0.674,11.075,27.2483,263.954,0
9861,130.4403,79.1401,0.0561,-111.5511,37.5126,163.4359,1
9862,20.9356,6.9256,0.4249,13.7395,24.9416,201.145,0
9863,26.3796,22.7762,0.39,28.8831,49.3837,132.57,1
9864,25.4933,14.3297,0.2237,10.1372,43.687,186.828,0
9865,211.225,33.6703,0.0279,-208.36,49.983,139.023,1
9866,51.0614,7.9502,0.1953,36.3194,33.3331,256.777,1
9867,97.0383,14.2466,0.2404,55.7508,65.684,262.9,1
9868,48.0913,21.0416,0.148,39.477,3.2173,243.946,0
9869,72.0033,44.486,0.0724,74.3933,0.346,62.3561,0
9870,91.4284,11.6951,0.2541,-48.6659,64.57600000000001,216.72,1
9871,19.9633,12.0698,0.3345,15.1449,37.8944,158.387,1
9872,35.7498,19.0402,0.2456,7.015,78.4116,142.7194,1
9873,81.8411,24.5221,0.1291,77.419,4.582,319.987,0
9874,17.0052,11.2854,0.306,6.6965,52.599,169.947,0
9875,58.7256,19.9475,0.1267,28.2398,3.973,263.894,0
9876,71.6771,25.9488,0.1502,68.4821,1.0945,297.823,0
9877,115.826,64.4185,0.0789,58.4376,47.159,354.94300000000004,1
9878,22.1515,10.6322,0.2712,-17.3618,48.964,77.2833,0
9879,123.1291,70.0888,0.0654,-84.1803,41.8865,326.6975,1
9880,56.0878,25.9763,0.1552,44.3306,4.9101,329.4015,1
9881,27.5146,11.2114,0.2687,33.0422,50.3004,239.8878,1
9882,70.6168,19.7858,0.1101,30.0402,8.372,277.0,0
9883,41.9723,21.3517,0.1481,33.2394,0.094,198.526,0
9884,75.5097,32.861,0.1735,-45.2572,5.7551,323.932,0
9885,26.8397,15.8453,0.2766,21.3578,19.3678,216.9732,1
9886,26.5002,19.6695,0.1561,-10.9632,66.68,54.249,0
9887,185.738,27.0053,0.3797,-188.579,2.507,361.465,1
9888,19.605,7.0065,0.4316,13.5906,20.337,80.0587,0
9889,69.1433,34.7464,0.1789,58.4271,77.8989,127.905,1
9890,36.5926,12.6364,0.1939999999999999,30.5255,6.7752,218.012,0
9891,12.5778,11.8701,0.3556,5.5769,58.1539,104.656,0
9892,34.1275,15.1769,0.1539,21.9118,0.9488,130.314,0
9893,25.3484,23.7798,0.1509,-21.3467,73.19,112.886,0
9894,257.9951,104.7926,0.1043,-274.9632,51.5414,201.8658,1
9895,23.6296,14.8565,0.2529,12.0273,23.3977,219.937,1
9896,96.8654,48.2873,0.038,86.0432,0.6288,214.293,0
9897,43.0571,18.5468,0.1661,2.8882,7.3515,108.6069,1
9898,218.544,38.514,0.1479,94.9986,52.48,278.96,1
9899,176.93599999999998,33.9322,0.0888,-190.688,55.2405,261.765,1
9900,12.5842,9.1948,0.6242,10.0743,35.09,204.587,0
9901,25.8724,13.4735,0.4289,-13.675,4.6845,120.8897,1
9902,35.6049,14.776,0.2024,25.6703,41.3813,232.3171,1
9903,104.356,22.6643,0.0869,91.7126,1.6030000000000002,303.247,0
9904,74.837,64.3245,0.1757,-57.0294,9.532,339.73400000000004,1
9905,177.3946,84.84700000000001,0.0988,-127.8297,84.1682,302.2098,1
9906,74.0956,31.6713,0.0971,63.8177,23.727,286.242,1
9907,133.495,40.1631,0.0602,-81.3323,28.1458,319.373,1
9908,22.8366,12.7545,0.2224,10.3081,1.9635,263.747,0
9909,124.742,48.1381,0.1372,-110.132,7.537999999999999,394.841,1
9910,29.9919,15.2295,0.2351,24.3796,4.0005,183.542,0
9911,25.2747,7.6662,0.3442,-15.7221,38.741,113.628,0
9912,103.885,24.9776,0.1046,66.1967,1.2493,240.588,1
9913,62.8881,26.2508,0.0907,42.5362,14.193,149.351,0
9914,33.1758,23.5519,0.1799,27.404,16.4238,115.602,0
9915,32.3994,22.7096,0.1797,-24.3714,67.892,75.2982,0
9916,55.7428,10.4853,0.1334,43.8593,57.4427,107.9931,1
9917,88.8964,25.1039,0.083,63.5636,2.5743,268.116,0
9918,32.9946,10.4316,0.2468,32.4461,71.15899999999999,148.5766,1
9919,56.4149,30.6338,0.1536,-32.7553,74.4429,190.0006,1
9920,89.5781,22.4329,0.1051,61.4924,9.9644,231.88,0
9921,100.582,21.4883,0.1408,-119.555,37.064,243.424,1
9922,40.9413,15.8429,0.1543,34.9453,56.4333,202.8994,1
9923,135.231,26.8299,0.1218,58.9965,21.9084,236.009,1
9924,126.634,65.2359,0.0275,108.946,65.741,246.46,1
9925,21.0075,15.9626,0.4377,14.2554,24.7104,171.7924,1
9926,56.9892,27.8128,0.1909,-47.46,85.5277,76.655,1
9927,32.5973,13.8445,0.2608,-25.6857,7.556,206.229,0
9928,40.8482,19.3025,0.1626,-12.9194,16.1438,206.3743,1
9929,30.1169,14.2967,0.1978,15.399,14.588,70.7928,1
9930,65.3683,22.7606,0.3235,-68.712,42.0088,323.6534,1
9931,56.2418,16.5703,0.1103,39.648,1.574,250.91,0
9932,36.9017,24.9234,0.0977,-13.2831,1.9727,135.037,0
9933,18.8799,16.5387,0.2507,14.3866,48.7839,85.0159,0
9934,93.4082,25.7074,0.1302,58.8619,1.7356,321.954,0
9935,14.0646,9.6209,0.3363,12.5071,11.3795,109.0586,1
9936,12.9091,11.2356,0.4342,-7.7891,0.3707,224.628,0
9937,26.8053,16.6555,0.2194,-19.0066,1.897,149.966,0
9938,108.846,22.0517,0.131,85.7029,47.675,176.775,1
9939,29.2376,18.1419,0.1678,3.665,4.5201,133.308,0
9940,195.2309,67.0206,0.0677,-155.8811,1.9242,213.1906,1
9941,105.264,41.3551,0.0909,78.1311,5.8936,328.714,0
9942,39.7431,20.2266,0.1194,24.3205,12.148,93.2771,0
9943,17.2538,10.5402,0.3444,10.6371,2.559,124.563,0
9944,38.7404,9.7005,0.2306,29.2222,15.4031,262.1029,1
9945,74.5714,23.0735,0.1627,63.076,4.029,363.489,0
9946,103.0086,30.7006,0.1841,-74.094,13.9507,393.1593,1
9947,63.7085,38.5389,0.0586,51.8604,28.387,179.017,0
9948,13.8125,9.3185,0.4344,-4.3213,49.1374,232.916,0
9949,35.3385,14.4809,0.2381,30.6075,50.497,131.336,0
9950,28.7649,8.2457,0.3472,22.0444,11.0535,135.39600000000002,0
9951,253.248,46.3211,0.1549,-147.424,61.742,218.98,1
9952,31.5307,19.0776,0.2105,-19.6776,4.3498,173.0274,1
9953,15.5026,11.6269,0.2962,3.5972,32.3187,214.6567,1
9954,147.9936,52.9572,0.0393,2.476,15.4543,228.1573,1
9955,20.3898,9.174,0.3587,-11.168,7.6029,238.21,0
9956,53.9626,10.1645,0.1675,14.6327,31.443,167.52900000000002,1
9957,106.969,37.1984,0.0493,75.1862,0.252,303.584,0
9958,121.4587,109.9068,0.0713,93.1102,26.9872,218.7285,1
9959,28.8631,6.5382,0.3177,9.716,6.624,223.56,0
9960,30.4611,19.5954,0.2188,24.4328,6.7859,67.0467,0
9961,30.0005,21.6966,0.1857,17.6318,27.943,151.52200000000002,0
9962,25.8591,11.8145,0.2593,-14.5131,62.8424,229.431,1
9963,114.8354,60.104,0.1193,-109.8426,57.4374,374.3849,1
9964,28.1635,15.807,0.249,-13.7842,17.1252,248.03,0
9965,31.5733,8.1849,0.3156,24.0236,44.2908,74.7498,1
9966,18.1675,10.6015,0.3037,6.9935,34.9363,156.28,0
9967,26.152,8.1203,0.359,-18.5642,3.3480000000000003,153.24200000000002,0
9968,94.9356,33.6608,0.0791,68.8893,2.649,349.25199999999995,0
9969,19.8738,12.7679,0.2525,8.9194,12.8719,60.6493,0
9970,29.7199,8.096,0.2984,19.1109,74.889,194.74400000000003,1
9971,64.6465,10.9243,0.1746,39.8244,58.5,39.0471,1
9972,90.9536,23.7516,0.0837,77.8088,5.7787,278.866,0
9973,30.5069,15.0884,0.1898,25.4226,3.375,164.373,0
9974,67.2695,16.9279,0.13,45.3107,44.345,221.19,1
9975,77.8954,32.4773,0.0877,41.8189,5.47,285.277,0
9976,45.9681,14.2485,0.2617,24.3286,61.0296,199.6103,1
9977,29.9698,5.3825,0.5897,-24.6954,9.344,306.819,0
9978,9.6238,8.8125,0.5417,-12.0254,12.6183,193.8248,1
9979,28.0095,11.3457,0.2371,9.2992,17.516,147.412,0
9980,19.1799,15.8771,0.2769,17.1594,15.6268,132.254,0
9981,36.0699,15.0459,0.1602,22.3355,4.5385,210.71400000000003,0
9982,114.5368,89.9911,0.0487,-44.7882,74.7184,338.6713,1
9983,216.8238,133.2414,0.0078,-153.6521,84.4006,29.3581,1
9984,70.8573,19.6306,0.2285,-38.3308,19.8215,269.139,1
9985,22.4885,16.0269,0.1984,8.754,6.62,55.5981,0
9986,97.8708,32.2378,0.1016,46.0827,6.5329,298.6381,1
9987,158.276,93.1037,0.049,-121.306,52.085,249.073,1
9988,15.688,11.6747,0.319,-7.0918,18.6683,87.4693,1
9989,191.065,36.0059,0.0895,156.155,30.254,64.8841,1
9990,61.4065,23.6761,0.1244,58.0511,8.6684,173.19,0
9991,57.0031,28.3793,0.0897,57.2129,29.8,158.234,0
9992,120.799,70.0465,0.0956,-128.048,46.2106,351.675,1
9993,29.108,16.6512,0.2074,15.4043,17.2551,188.885,0
9994,24.2743,10.6304,0.2955,20.6559,14.3837,207.386,1
9995,52.3017,29.5335,0.1,-40.6631,25.925,150.792,1
9996,50.528,39.3477,0.0675,42.5726,6.658,107.841,0
9997,101.736,24.9284,0.1028,99.8901,7.025,166.43099999999998,0
9998,55.4982,51.7795,0.1152,41.2633,61.6744,145.1107,1
9999,47.7801,21.3242,0.0946,-14.0823,4.42,182.13,0
10000,12.4252,12.0564,0.3469,-7.2782,60.148,150.494,0
10001,65.2318,19.1012,0.1213,47.185,0.961,220.18,0
10002,20.8245,15.2367,0.2484,2.8524,10.312,137.158,0
10003,213.889,85.791,0.1055,-198.786,62.4386,233.058,1
10004,31.9034,15.5106,0.1791,21.5596,30.0135,198.587,0
10005,119.109,17.9183,0.1871,97.7142,3.444,320.563,0
10006,35.1787,11.1372,0.282,30.1116,19.0052,238.396,0
10007,22.9026,20.599,0.2364,-9.782,39.788,187.344,1
10008,226.26,133.3309,0.0745,88.4554,75.0874,197.0715,1
10009,215.539,66.9008,0.0991,-195.863,37.5218,245.99400000000003,1
10010,109.4953,44.9369,0.0702,-56.268,39.4314,179.8697,1
10011,24.6409,16.5116,0.2146,15.8566,27.087,173.98,0
10012,12.9287,11.3457,0.387,5.2195,28.1111,147.619,0
10013,21.0617,12.0636,0.2686,-8.6851,22.8621,106.71,0
10014,38.9485,13.0618,0.1724,15.9023,4.379,215.582,0
10015,19.6808,11.6456,0.3525,-19.2358,12.9151,188.061,0
10016,36.5852,13.103,0.1963,17.6063,10.337,208.037,0
10017,22.6483,0.0056,0.4574,17.9032,0.0,111.861,0
10018,77.656,37.4877,0.1624,51.5182,1.213,358.409,0
10019,43.2848,14.5711,0.2659,32.1494,54.2701,250.4787,1
10020,70.3337,18.5827,0.2025,51.479,4.6368,295.183,0
10021,20.7299,15.0309,0.247,-12.6929,20.0004,109.012,0
10022,99.4753,42.6959,0.0799,59.0818,2.17,373.103,0
10023,12.7005,11.6757,0.3909,-9.2572,18.557,174.24599999999998,0
10024,33.6576,20.2021,0.1714,22.3707,16.8909,200.203,0
10025,9.9191,6.874,0.372,-22.6644,54.6087,101.5057,1
10026,215.716,54.1181,0.261,-212.177,1.9377,357.026,1
10027,23.0777,14.9545,0.3432,11.6551,17.559,248.763,0
10028,14.316,7.6633,0.2509,-22.3006,78.1191,262.8649,1
10029,26.8246,16.1468,0.2052,-17.0923,3.717,143.235,0
10030,68.8641,21.4735,0.1909,-41.2418,0.1121,175.83,1
10031,83.8422,36.9681,0.1369999999999999,-58.9113,30.396,352.18800000000005,1
10032,74.4627,24.6191,0.107,53.0684,4.1034,233.046,0
10033,233.1126,63.385,0.0583,-267.005,33.7212,316.122,1
10034,64.3417,21.2392,0.1193,55.0198,3.0013,270.933,0
10035,87.9511,26.8918,0.1124,41.8274,2.5540000000000003,355.949,0
10036,71.7635,26.8695,0.1686,47.004,11.8032,266.944,0
10037,16.278,7.867000000000001,0.5017,-3.7571,80.935,236.0048,1
10038,21.2519,19.4391,0.2358,25.8304,11.3732,50.4489,1
10039,46.9364,18.5233,0.1217,31.6987,1.4485,127.868,0
10040,257.528,44.3228,0.3375,149.485,5.174,256.454,1
10041,23.0503,14.6481,0.2667,-11.2188,24.726,48.9024,0
10042,26.4302,18.7595,0.2098,20.2686,47.592,49.4055,0
10043,38.6776,25.1649,0.1247,-14.1851,49.2563,286.9275,1
10044,23.0401,18.1107,0.3736,-18.3317,17.075,108.315,0
10045,118.1798,57.7751,0.1245,-146.5194,27.9287,162.69899999999998,1
10046,50.3232,18.5832,0.1301,-43.8958,61.1893,196.905,1
10047,45.6374,16.565,0.1465,-36.3269,77.811,244.884,1
10048,22.8025,12.8557,0.3121,-11.5265,4.3154,121.39,0
10049,60.3633,24.4712,0.1248,-35.3547,9.802,121.841,0
10050,26.5114,9.7752,0.2425,-17.8677,50.4142,121.638,1
10051,24.8952,11.4458,0.2456,26.7974,72.4573,186.4652,1
10052,13.052,11.1346,0.3909,-3.8248,83.3102,178.04,0
10053,30.1788,10.6125,0.2383,16.4568,80.6957,156.608,1
10054,31.3586,22.7492,0.1532,23.4355,37.543,138.861,1
10055,115.666,57.3144,0.0291,83.084,6.803,263.303,0
10056,29.4396,20.4049,0.2108,24.6059,2.898,263.367,1
10057,24.2671,10.0765,0.3065,17.0319,10.9993,217.508,0
10058,110.418,80.831,0.0494,57.9054,41.911,306.002,1
10059,45.0761,17.3888,0.161,29.0213,55.8688,190.582,1
10060,101.2651,50.5664,0.127,-93.7945,30.3729,348.8022,1
10061,39.3161,3.1912,0.2379,21.5177,81.6321,162.9441,1
10062,38.3579,13.5529,0.2503,-11.9527,2.0105,88.7378,1
10063,57.3559,17.9068,0.2772,-46.2379,0.6666,298.569,0
10064,75.6635,27.7129,0.1325,65.7864,11.3729,275.16900000000004,0
10065,40.2674,31.7167,0.159,-22.4305,24.013,163.52200000000002,1
10066,99.1202,15.3957,0.0896,49.2179,88.7767,251.904,1
10067,108.803,58.9961,0.0951,60.4447,29.991,269.451,1
10068,53.1843,20.4815,0.1414,65.4537,13.9468,255.0306,1
10069,87.257,23.2826,0.1146,68.7719,2.3986,297.909,0
10070,31.6398,17.1392,0.2213,21.6732,16.7134,162.991,0
10071,16.082,2.4686,0.6098,6.6183,67.027,200.1501,1
10072,113.787,71.0243,0.1912,84.214,11.977,167.623,1
10073,35.8971,11.9435,0.3101,-15.5498,74.6084,126.1629,1
10074,12.7416,11.6448,0.3666,-4.9533,75.493,219.705,0
10075,21.1123,15.8118,0.2341,-8.156,75.2845,216.205,0
10076,77.9491,23.4312,0.1613,-86.3383,52.036,183.833,1
10077,19.6984,9.6076,0.3555,11.630999999999998,26.67,200.173,1
10078,30.2787,14.4192,0.2332,24.5918,5.858,122.236,0
10079,93.4579,32.3154,0.0682,72.5024,3.195,258.603,0
10080,53.7352,19.5578,0.0961,-41.3524,11.7065,203.392,0
10081,22.4603,9.5484,0.3408,16.1824,66.465,99.6135,1
10082,20.5372,7.2564,0.3744,7.0908,89.6566,140.618,0
10083,238.111,88.7285,0.063,-119.837,78.2445,196.326,1
10084,36.1494,23.7577,0.1264,10.2697,81.1465,44.2919,0
10085,35.7241,16.1802,0.2075,-21.6661,2.029,108.509,0
10086,27.0821,16.4977,0.2081,20.4304,33.4533,164.984,1
10087,12.1283,6.6551,0.3708,10.7947,42.0517,230.0975,1
10088,78.998,21.6069,0.1152,79.8408,6.8605,262.29400000000004,0
10089,28.3082,12.9431,0.2015,15.3343,53.097,177.959,1
10090,24.6265,13.7937,0.294,8.7907,13.9692,240.7022,1
10091,82.8071,20.5546,0.1241,67.56,0.524,276.384,0
10092,74.4411,31.977,0.067,54.6877,5.3512,236.404,0
10093,59.7685,44.6084,0.1361,52.2899,5.053,88.0334,0
10094,81.4857,36.6442,0.0907,65.2557,2.1539,302.711,0
10095,73.5481,28.6387,0.1356,35.369,21.3662,265.3557,1
10096,25.397,14.7328,0.2453,-14.0867,45.87,85.0188,0
10097,37.6967,20.4478,0.1449,14.3082,0.0179,141.71,0
10098,19.1186,7.2913,0.4381,10.419,40.691,91.2273,0
10099,19.9076,9.5357,0.3003,5.5834,72.58,171.56099999999998,1
10100,119.0001,54.4566,0.0995,47.1491,5.9524,148.1588,1
10101,97.9296,45.1758,0.0668,71.59,2.6233,254.449,0
10102,12.7273,11.6358,0.3927,8.9228,35.694,204.895,0
10103,66.2439,31.1568,0.1125,41.4128,0.7187,288.73900000000003,0
10104,29.3604,22.1916,0.1954,27.0678,12.4981,107.31,0
10105,22.3927,13.8158,0.257,-8.7231,16.826,163.037,0
10106,229.285,112.515,0.0806,-134.645,1.944,131.3,1
10107,34.6692,20.9534,0.1275,16.7804,8.705,219.968,0
10108,18.8209,15.2333,0.2872,12.8161,51.214,189.946,0
10109,46.3042,26.6742,0.1161,30.6148,7.0879,137.225,0
10110,87.3631,43.8422,0.0986,67.3805,45.177,357.1536,1
10111,26.9419,20.1143,0.2051,10.3599,3.9876,149.775,0
10112,22.8168,15.1381,0.3155,-13.0207,51.93,189.24,1
10113,52.8871,18.8994,0.1272,42.2585,5.3358,235.569,0
10114,32.9701,19.1408,0.2367,-32.71,30.8151,154.29399999999998,1
10115,31.0359,11.1013,0.2323,21.2969,86.4242,117.306,1
10116,139.204,37.4949,0.0924,135.35299999999998,0.35,241.141,0
10117,33.3506,20.8092,0.2391,21.9905,5.18,251.602,0
10118,41.3865,12.144,0.2054,22.9329,41.0017,165.49900000000002,1
10119,80.1855,15.8671,0.1372,67.3827,0.487,189.187,0
10120,26.2219,8.8622,0.324,19.9212,5.151,81.6524,1
10121,113.586,39.6099,0.0461,88.906,0.347,321.642,0
10122,101.2776,56.3561,0.0851,-61.2481,7.1559,330.126,1
10123,19.9107,9.4678,0.3606,-11.7614,8.044,108.082,0
10124,19.3017,15.3856,0.2895,-18.8464,5.4377,176.93900000000002,0
10125,35.8288,28.7369,0.1116,14.305,17.2831,179.097,0
10126,26.296,20.5655,0.2084,13.0944,64.2875,80.0205,0
10127,84.7453,26.8882,0.0972,71.3852,5.3995,243.507,0
10128,76.49600000000001,29.9032,0.1003,48.7944,6.819,261.692,0
10129,27.7999,17.5546,0.2107,0.5586,30.583,200.5103,1
10130,22.6859,10.1039,0.3307,13.0971,10.9199,131.041,1
10131,62.7337,9.7475,0.1896,36.7075,78.1012,74.1289,1
10132,16.5471,11.2976,0.3781,4.1978,55.8503,92.8949,0
10133,20.663,10.0563,0.4643,18.1629,42.481,160.101,1
10134,185.0381,37.7617,0.1851,-130.7518,21.9336,164.0492,1
10135,43.2473,21.4227,0.124,22.8899,16.234,119.655,0
10136,20.3418,12.8448,0.2581,-6.987,11.572,163.561,0
10137,67.4091,22.8023,0.2455,39.4368,6.117999999999999,334.597,0
10138,83.8563,54.2687,0.0828,-53.695,33.9184,212.8484,1
10139,50.3838,17.0337,0.1544,26.9324,2.5660000000000003,249.604,0
10140,78.5721,32.4639,0.158,51.029,9.643,329.541,0
10141,28.5416,15.7541,0.2408,-26.8414,17.9519,143.42600000000002,0
10142,25.7162,16.9298,0.285,-27.0423,70.9837,161.3551,1
10143,84.684,17.3999,0.1442,82.8554,57.5825,257.8408,1
10144,30.0751,16.9715,0.2146,20.7668,24.5471,96.1011,0
10145,49.6368,33.6785,0.1919,20.643,2.9996,413.0706,1
10146,164.7008,82.4579,0.1593,78.1008,62.6572,358.7678,1
10147,19.4363,9.6894,0.3635,12.1362,35.801,154.57299999999998,0
10148,34.1813,15.8859,0.2056,25.8877,4.2283,189.155,0
10149,22.8142,8.7151,0.4629,13.9087,21.013,219.46,1
10150,97.5815,26.1448,0.1103,70.7059,0.4193,294.581,0
10151,32.4915,9.5923,0.3173,-18.3771,8.249,230.031,0
10152,21.7329,6.8412,0.3834,10.3684,41.1319,207.932,0
10153,22.0837,10.5265,0.3121,-18.8925,14.4397,172.572,0
10154,36.7657,14.3265,0.1688,27.1529,1.892,114.97,0
10155,56.4843,13.1394,0.2235,39.9753,51.614,139.64,1
10156,48.4978,23.9276,0.1767,43.7729,23.893,217.154,0
10157,37.7137,20.7618,0.2074,37.6813,25.831,143.532,0
10158,90.9796,56.2669,0.1509,-101.706,2.076,386.316,1
10159,41.8126,10.9456,0.2182,18.7104,40.4672,209.872,1
10160,32.0023,22.0988,0.1848,21.9158,4.9446,185.749,1
10161,37.593,16.7365,0.1714,25.8026,1.2879,138.887,0
10162,39.7227,30.5479,0.2021,20.3505,52.0738,282.0605,1
10163,18.2452,10.3919,0.3339999999999999,5.7769,18.0235,190.144,0
10164,40.811,9.7607,0.2759,37.6193,86.2961,232.1721,1
10165,32.921,8.1907,0.2053,22.1193,89.9528,217.7938,1
10166,87.1984,27.0197,0.0937,71.9328,0.883,256.077,0
10167,20.46,15.3513,0.3179,-16.4939,75.7453,148.2301,1
10168,29.9867,11.4642,0.2667,24.9784,2.593,242.321,0
10169,26.4699,15.4093,0.2344,-21.9406,6.5818,194.936,0
10170,62.5984,17.4377,0.1638,57.3342,4.397,253.104,0
10171,118.4908,66.9402,0.0658,-107.2853,79.3923,285.8099,1
10172,25.1635,16.3015,0.226,-9.2911,15.053,142.65,0
10173,34.0331,16.4894,0.1785,27.5567,35.8363,126.279,0
10174,61.867,27.305,0.1239,51.4345,0.512,237.326,0
10175,19.4162,16.5386,0.3353,7.6174,10.8246,205.363,1
10176,16.1901,11.5126,0.3448,6.943,77.3535,91.544,1
10177,111.7246,56.7521,0.0843,61.8305,30.6901,148.4478,1
10178,88.6236,30.5744,0.1238,28.8837,0.77,307.997,0
10179,184.9713,56.9314,0.0298,-173.8273,59.1918,101.9371,1
10180,37.2735,20.2912,0.2215,-25.8559,17.7959,215.424,0
10181,18.4343,17.8717,0.2701,-16.517,71.07300000000001,158.703,1
10182,20.5387,12.768,0.2412,-11.7135,11.12,94.6405,1
10183,19.1694,12.4757,0.3002,-11.7821,6.4218,180.482,0
10184,83.6499,34.1457,0.0846,-80.5494,47.919,225.595,1
10185,91.734,22.198,0.1674,55.9949,2.652,332.255,0
10186,57.1905,35.5095,0.1197,-54.2835,44.732,102.995,1
10187,57.8119,33.0323,0.204,-48.5229,24.4339,326.79400000000004,1
10188,65.1269,15.2743,0.1779,46.7013,72.0462,129.1727,1
10189,29.0376,18.6644,0.1868,18.4262,21.6128,211.936,1
10190,33.1281,16.7898,0.1994,24.0955,10.224,110.665,0
10191,12.8548,9.5385,0.5866,-9.3624,73.8778,99.625,0
10192,59.9968,23.8181,0.1269,63.1616,43.175,205.258,1
10193,55.8635,22.3785,0.2199,38.6814,2.6299,248.256,0
10194,16.6762,16.1934,0.3124,-16.5137,31.8432,228.4581,1
10195,77.3543,41.9258,0.054,71.4133,3.7039,198.406,0
10196,33.8449,0.0639,0.4417,12.6117,61.7584,89.9645,1
10197,30.0809,15.947,0.1962,25.3748,27.9344,202.273,1
10198,84.5714,34.7437,0.1682,56.3256,3.551,330.714,0
10199,34.5932,9.9816,0.2576,-29.8757,67.5928,227.792,1
10200,43.3688,17.4694,0.1462,29.2243,0.3246,188.124,0
10201,22.0169,10.8862,0.3478,17.6218,32.666,207.981,1
10202,28.1343,18.3084,0.1896,-9.1926,10.3698,156.416,0
10203,54.4528,21.2343,0.1708,38.837,0.833,283.92400000000004,0
10204,35.4434,15.4958,0.2334,22.2955,47.273,244.308,1
10205,23.2615,13.518,0.2553,15.0383,44.127,106.503,0
10206,36.3008,20.5038,0.1282,-18.132,0.83,210.918,0
10207,66.6383,32.5347,0.1093,50.3724,5.2154,219.46400000000003,0
10208,41.0662,9.2465,0.3272,19.7613,2.123,79.1334,1
10209,18.7109,17.7854,0.2913,8.0853,37.3669,217.2366,1
10210,20.2191,10.6824,0.31,18.1267,34.0559,74.4097,0
10211,18.3905,18.1715,0.2573,15.8702,60.2553,96.2171,0
10212,18.6485,16.221,0.2905,9.2782,39.1318,44.9016,1
10213,164.6323,44.5141,0.0579999999999999,115.4027,59.2784,249.2569,1
10214,28.9066,15.8251,0.1948,15.7434,23.9718,164.343,0
10215,48.0807,21.9929,0.2067,25.4877,16.624000000000002,100.997,1
10216,27.2005,10.0394,0.3412,8.441,67.0881,129.47799999999998,1
10217,54.2506,12.7109,0.218,56.5119,0.0289999999999999,130.162,0
10218,59.2332,24.4358,0.1316,40.3654,3.6478,275.36,0
10219,27.8169,16.0478,0.2816,-18.999,52.521,144.054,0
10220,103.712,35.4059,0.1072,-56.9189,60.1451,230.927,1
10221,38.0643,16.1263,0.2578,34.5078,48.6004,178.68200000000002,1
10222,19.9277,7.2519,0.3959,11.1709,70.244,189.333,1
10223,80.0206,24.5151,0.1719,65.5604,30.1986,277.589,0
10224,18.7096,18.0184,0.2237,-12.0674,49.4271,170.946,0
10225,99.9364,24.258000000000003,0.1526,65.3518,61.6112,169.0678,1
10226,94.4022,26.7836,0.1155,70.0293,5.8196,250.4367,1
10227,30.5394,12.5269,0.4123,27.7356,30.612,267.933,1
10228,21.7992,12.2946,0.2956,-9.7833,17.1558,188.134,0
10229,47.334,25.5277,0.1392,-22.5711,0.04,183.411,0
10230,69.4757,33.2234,0.1963,-55.8526,16.152,294.403,0
10231,77.0202,33.5384,0.0524,73.1755,2.8361,232.458,0
10232,40.744,16.0635,0.1668,36.5069,13.3971,284.7751,1
10233,96.5408,37.4145,0.0564,57.73,9.0346,210.203,0
10234,67.3641,25.1165,0.0756,52.3102,3.1608,220.843,0
10235,85.0151,9.8589,0.4116,85.8494,10.694,201.148,0
10236,29.1255,7.8913,0.2877,15.3919,7.7902,168.173,1
10237,141.625,45.014,0.1705,-134.547,21.0841,383.557,1
10238,140.03799999999998,30.0048,0.151,110.813,23.7888,172.687,1
10239,120.9908,45.4409,0.0862,-64.3496,76.1383,226.4452,1
10240,30.8329,22.0892,0.1731,9.1749,63.5579,51.0149,1
10241,17.2568,11.1001,0.2876,-8.4161,13.267,136.0,0
10242,131.469,64.1847,0.0859,-62.5998,69.087,407.302,1
10243,33.4992,22.9809,0.1627,30.3014,33.6328,192.522,0
10244,230.6769,94.1347,0.0215,-137.5796,89.7222,267.2187,1
10245,80.6137,27.269,0.1072,68.3545,3.298,250.519,0
10246,58.9667,14.9409,0.1636,26.7538,11.591,213.63,0
10247,63.8752,50.1221,0.1863,-83.5574,21.7731,189.7358,1
10248,36.6913,28.2534,0.1858,-34.1515,69.125,105.144,0
10249,150.5909,86.5713,0.0786,-114.0487,84.0206,397.1679,1
10250,26.4659,13.6913,0.201,14.0048,4.0277,114.136,0
10251,36.4858,9.4858,0.373,9.2725,1.3705,122.4467,1
10252,149.8725,64.8825,0.0952,-144.6621,88.6655,374.1284,1
10253,20.5008,7.1659,0.3769,11.4787,88.4189,170.495,0
10254,69.1518,11.6149,0.2308,36.9873,2.023,305.823,0
10255,38.3867,13.5208,0.1858,-18.107,42.9217,181.487,1
10256,28.0012,8.888,0.2941,-12.289,16.315,174.21400000000003,0
10257,77.2268,11.9623,0.2816,31.9013,13.7613,177.632,0
10258,97.455,24.2555,0.1102,84.4157,6.3678,286.72900000000004,0
10259,61.7893,52.2988,0.0931,-21.9021,20.5574,154.871,1
10260,51.0076,15.8609,0.1914,-26.8492,70.839,218.156,1
10261,36.9438,8.9018,0.2171,19.4381,6.8549,109.6991,1
10262,49.8841,18.9021,0.1189,37.2435,24.677,246.174,0
10263,15.3417,11.5239,0.5495,2.9592,63.9277,236.4317,1
10264,19.947,11.7525,0.3352,19.6796,48.221,228.147,1
10265,19.9215,18.1894,0.2542,-13.465,40.256,130.425,1
10266,31.9699,12.897,0.1845,20.3419,44.373000000000005,131.319,0
10267,112.429,51.2607,0.0496,82.8492,12.037,253.998,1
10268,77.3327,18.1007,0.1936,48.2209,30.558000000000003,147.225,1
10269,63.8971,26.225,0.0915,59.9098,1.6754,202.263,0
10270,16.1567,4.9839,0.6051,-3.4587,28.157,77.9519,1
10271,21.4143,6.4432,0.4982,16.5974,81.9378,225.729,0
10272,34.0579,8.9101,0.2379,10.2437,82.3116,243.986,1
10273,20.3039,9.1894,0.3505,10.6663,21.937,81.9677,0
10274,28.5649,14.5312,0.2354,-14.3936,50.1338,130.194,1
10275,125.8177,66.0868,0.0888,-140.2779,59.2365,295.3398,1
10276,69.2979,26.8809,0.1074,44.3457,9.3234,248.75,0
10277,54.2662,10.2121,0.1874,31.0882,19.808,135.9448,1
10278,40.1306,26.8957,0.0989,28.0616,8.8138,114.802,0
10279,61.9829,17.8697,0.1353,-41.8689,2.076,238.892,0
10280,20.9745,10.2545,0.4717,19.6311,50.79,174.42,1
10281,13.4443,10.3165,0.4143,3.6279,83.0514,99.9004,0
10282,215.696,54.2842,0.1164,-99.8108,82.8969,279.551,1
10283,60.4752,19.7973,0.1651,38.2324,4.335,278.873,0
10284,56.4648,21.427,0.1863,45.3855,1.16,285.422,1
10285,28.9099,25.5902,0.1557,-24.6831,19.1765,41.3114,0
10286,39.2121,14.6739,0.1462,22.7781,0.0872,195.33,0
10287,70.1997,48.4268,0.1611,-51.5648,68.2026,214.2418,1
10288,19.8489,12.8985,0.3155,-10.7301,55.0925,168.972,1
10289,98.9974,36.6955,0.1163,-27.0749,3.854,355.251,1
10290,113.854,23.581,0.2834,-90.7664,18.826,326.649,1
10291,13.3522,10.3405,0.4557,-5.7115,38.0087,66.0699,0
10292,18.9618,11.3578,0.4159,17.8537,34.1441,195.4867,1
10293,118.801,99.6421,0.042,-117.005,51.4494,61.5123,1
10294,17.7533,10.1141,0.3496,19.8631,31.0868,143.9046,1
10295,37.3553,7.9149,0.3138,22.8409,71.2449,187.516,1
10296,23.2889,15.7807,0.2359,-15.5673,23.325,95.7377,0
10297,27.0329,12.8911,0.2197,21.7562,11.2582,184.0821,1
10298,95.9193,24.9227,0.1458,58.577,7.4375,316.122,0
10299,43.6408,30.945,0.0911,-31.642,69.045,138.003,0
10300,65.4786,41.5616,0.1835,40.5399,24.6642,333.785,1
10301,32.4537,5.4665,0.4798,18.8733,14.2261,84.9994,1
10302,32.9687,16.5013,0.1737,-7.1389,3.638,208.723,0
10303,24.6666,13.887,0.2797,18.1168,83.6963,206.77,1
10304,64.1939,20.2121,0.1768,36.1055,1.1672,258.54400000000004,0
10305,27.8664,23.2616,0.1743,11.1398,87.4691,181.371,1
10306,17.3491,10.7024,0.3293,10.3645,63.7649,116.62,0
10307,25.5525,12.0367,0.2655,14.598,46.9063,194.3545,1
10308,62.5283,25.7899,0.0894,53.3354,2.7337,198.74,0
10309,17.551,10.8105,0.3144,9.1472,21.124,217.556,0
10310,30.3122,20.5216,0.1667,-18.4012,2.2899,133.186,0
10311,33.6829,13.7175,0.3162,-27.1897,86.7287,224.7018,1
10312,29.343000000000004,14.3352,0.2254,17.3714,85.8903,47.2501,0
10313,34.7469,14.7559,0.2273,27.33,3.009,226.797,0
10314,31.4487,12.5907,0.2,-9.897,21.501,136.8,0
10315,18.759,7.0806,0.4465,6.6578,38.565,151.3392,1
10316,44.9886,24.3943,0.1261,39.0961,6.065,157.056,0
10317,70.5067,21.9276,0.1011,64.9085,5.4805,196.073,0
10318,74.0969,39.6845,0.2558,-60.4726,7.923999999999999,270.783,1
10319,202.3723,19.7505,0.39,-167.8656,31.6422,342.8315,1
10320,26.503,11.6146,0.2694,-14.4753,30.148000000000003,99.3175,0
10321,195.22,67.3082,0.0582,-149.315,12.793,236.332,1
10322,33.5826,11.0346,0.2459,29.6283,27.015,143.936,1
10323,21.489,12.3798,0.3681,-12.648,59.423,166.275,0
10324,19.9033,12.9443,0.2474,5.5234,7.195,223.819,0
10325,23.6924,8.8987,0.4543,14.1032,27.014,128.707,0
10326,77.5343,18.8832,0.1436,94.0484,1.892,213.191,0
10327,24.4582,15.2562,0.2509,-6.6784,15.933,131.71200000000002,0
10328,131.864,77.8131,0.2049,-176.335,85.081,271.402,1
10329,60.0764,23.4297,0.1352,62.6384,20.6356,242.762,0
10330,88.544,16.8029,0.1382,-74.742,4.4731,129.6023,1
10331,80.2574,22.0414,0.1101,70.873,1.406,335.755,0
10332,35.1654,18.8176,0.1804,-29.6739,3.828,225.341,0
10333,58.1232,23.5601,0.0922,-33.4621,20.194000000000003,94.0063,0
10334,47.504,20.1552,0.1166,33.5419,9.826,221.72,0
10335,78.6493,34.0613,0.0568,66.0231,3.227,161.776,0
10336,93.3768,37.1418,0.0732,96.8571,1.734,304.782,0
10337,93.2141,27.0488,0.1431,73.9184,84.2784,54.8511,1
10338,92.9989,20.7279,0.1554,77.305,2.4491,286.97700000000003,0
10339,117.783,21.0132,0.1668,108.425,4.6097,292.307,0
10340,105.097,37.5284,0.1531,23.2937,26.715,155.873,1
10341,59.9876,13.9983,0.1665,38.9739,5.452999999999999,228.919,0
10342,47.6273,20.7344,0.1476,26.1856,3.903,154.192,0
10343,20.9598,9.5091,0.3287,14.9631,85.9225,158.1783,1
10344,19.9211,5.3363,0.3649,-14.4696,30.5372,235.8972,1
10345,19.1651,7.4015,0.4483,-8.7318,10.83,159.811,0
10346,26.953000000000003,23.4987,0.1325,22.4574,76.0984,241.3646,1
10347,98.5017,16.8173,0.2012,56.7213,3.7729,270.468,0
10348,101.0367,21.8543,0.1701,16.3765,18.8689,315.7075,1
10349,33.5446,18.354,0.2536,-5.1011,34.0146,132.4416,1
10350,13.2086,9.1934,0.5696,9.9016,46.255,188.909,0
10351,41.0578,21.64,0.106,-8.365,2.2030000000000003,164.8244,1
10352,17.8206,10.352,0.3326,-10.5776,73.0659,229.696,1
10353,49.2906,15.3147,0.2044,25.2831,11.635,172.12599999999998,0
10354,108.2292,11.947,0.2753,-45.726000000000006,7.8289,166.9842,1
10355,97.6967,38.7353,0.1057,61.5963,1.141,369.88,0
10356,27.5215,8.4269,0.3651,21.8433,64.0684,97.0768,0
10357,39.4796,16.8977,0.1959,28.3,1.129,198.882,0
10358,23.1422,13.1456,0.2704,-8.679,75.798,66.6335,1
10359,48.3126,14.0104,0.3158,30.6659,31.7151,165.2955,1
10360,19.2472,9.7899,0.3163,-9.4893,1.7684,131.94,1
10361,239.647,64.2808,0.0968,-216.584,13.615,252.983,1
10362,246.1568,104.1048,0.0909,-154.7637,31.9716,191.5152,1
10363,140.7628,70.7294,0.0653,-89.1685,14.5686,306.0326,1
10364,18.2475,12.7427,0.3035,-13.079,14.9667,115.333,0
10365,18.1938,15.1087,0.3109,-8.6348,59.1272,31.8136,0
10366,49.7,12.3963,0.1452,21.1802,47.2621,162.401,1
10367,91.3478,25.1876,0.1267,75.7354,1.027,294.903,0
10368,35.3187,16.3799,0.2349,-37.63,67.7928,115.8281,1
10369,47.0562,10.9906,0.2915,35.8008,74.324,188.403,1
10370,48.0501,29.1882,0.1044,39.0543,19.9604,117.139,0
10371,35.9742,13.9513,0.2676,33.5526,9.2464,109.853,0
10372,97.938,29.8605,0.1689999999999999,-69.8618,1.805,358.874,0
10373,28.3143,11.382,0.2212,-9.294,10.678,199.532,0
10374,33.7199,10.0718,0.2529,24.4273,57.7589,206.014,1
10375,149.505,63.4383,0.0442,74.07,53.131,352.487,1
10376,38.5556,20.7404,0.1136,17.4825,2.5917,224.173,0
10377,30.1559,18.1573,0.2925,26.6561,17.775,112.265,0
10378,18.2925,8.9937,0.4048,10.0855,41.617,164.6588,1
10379,44.7661,19.7337,0.2242,50.1993,77.6086,229.451,1
10380,128.22899999999998,46.1107,0.0543,-70.2825,80.2086,175.292,1
10381,32.9878,8.1677,0.2637,-24.1729,68.9474,120.1013,1
10382,23.1041,16.8594,0.2146,-11.8597,21.8327,202.634,0
10383,54.8694,21.6446,0.1055,46.2773,4.447,215.524,0
10384,30.1107,26.1309,0.1576,23.0753,11.867,93.1345,0
10385,66.7336,24.94,0.0889,67.0539,9.941,223.912,0
10386,52.8741,30.0875,0.0819999999999999,38.1459,2.7843,184.124,0
10387,23.5274,12.8155,0.205,-7.0768,43.914,104.919,0
10388,21.0882,6.971,0.4044,12.6902,42.201,177.704,0
10389,26.4487,13.9988,0.2163,-18.1754,12.4655,153.21200000000002,0
10390,227.5594,55.3849,0.0389,-145.6697,80.3525,240.8288,1
10391,90.3579,34.2975,0.1115,57.1895,0.8029999999999999,343.31300000000005,0
10392,44.6762,16.4904,0.1238,-22.8745,11.0098,161.246,0
10393,109.8329,61.2259,0.1253,132.6343,49.8144,346.8112,1
10394,13.2557,10.6884,0.4235,-3.1234,47.2228,124.216,0
10395,35.0178,9.0437,0.2756,20.3377,51.287,135.614,1
10396,28.1945,17.8022,0.2329,19.4556,24.601,267.574,0
10397,53.3437,15.3243,0.207,31.9582,45.9154,191.041,1
10398,19.1862,10.058,0.2862,6.6295,0.1669999999999999,181.18400000000003,0
10399,92.7295,24.5898,0.1396,76.3109,0.9268,319.048,0
10400,76.9673,36.1711,0.0618,74.4612,8.824,157.748,0
10401,40.3463,19.8422,0.11,19.6038,14.5122,102.807,0
10402,56.6873,41.0291,0.1319,-43.8618,42.899,170.1159,1
10403,20.7378,6.9311,0.4317,-14.0378,79.64699999999999,20.5405,0
10404,26.9169,7.0266,0.3505,11.7952,78.1246,114.414,0
10405,10.2413,6.6381,0.3717,3.6371,89.1466,192.3161,1
10406,30.0983,9.5797,0.2698,21.8908,9.1993,127.867,1
10407,33.416,29.1745,0.1696,43.0662,30.3964,267.7236,1
10408,32.1076,12.2886,0.1424,18.745,52.3273,113.284,1
10409,36.1534,20.8358,0.1656,-25.6588,56.8776,96.139,1
10410,34.2343,21.0485,0.198,27.8208,3.003,80.5213,0
10411,34.2701,23.8482,0.23,24.4097,28.8934,148.4983,1
10412,17.3479,1.5338,0.4828,7.3247,88.8382,259.137,1
10413,108.2019,32.6265,0.0485,120.5696,6.5099,283.2477,1
10414,50.1213,16.8076,0.1186,26.346,2.8481,181.503,0
10415,123.4751,74.2078,0.0399,49.383,45.182,260.996,1
10416,19.9302,5.2495,0.491,-28.0653,54.6922,168.2149,1
10417,37.6554,13.4835,0.1605,-25.7961,49.195,157.769,0
10418,17.725,7.4803,0.5344,-2.2366,73.78699999999999,180.749,0
10419,48.1834,20.3629,0.1407,35.0869,4.4764,258.15,0
10420,67.4756,17.4582,0.1045,-41.7206,89.2028,150.1053,1
10421,67.4516,2.7156,0.2726,47.8936,26.8693,77.2194,1
10422,18.7382,7.4744,0.4779,-6.2641,0.402,209.245,0
10423,193.654,73.6691,0.0815,90.6984,85.0659,284.541,1
10424,130.346,36.4798,0.0675,88.7359,6.999,228.298,0
10425,50.8775,37.0657,0.0637,10.5105,45.4303,158.5236,1
10426,54.1757,30.0162,0.1107,31.2252,47.73,42.5206,0
10427,21.561,6.7887,0.4213,13.3083,10.302,180.155,0
10428,76.4482,26.3884,0.1141,62.0248,14.573,305.318,0
10429,79.0434,15.4282,0.1908,43.1711,31.9792,157.5973,1
10430,42.9187,19.7107,0.1236,-29.7166,63.1147,102.2467,1
10431,25.5538,7.6222,0.4274,-21.8709,88.3227,119.1256,1
10432,34.3359,10.6016,0.3271,25.531,20.3047,236.293,0
10433,27.5587,9.1854,0.2658,0.4856,33.658,217.4068,1
10434,22.8611,8.2654,0.3078,28.8722,16.1564,131.2128,1
10435,11.2711,3.3171,0.3783,-15.8742,32.0634,144.7288,1
10436,20.8487,7.134,0.3646,10.3611,0.0546,179.87900000000002,0
10437,26.0169,11.9642,0.2992,22.1867,29.352,176.426,1
10438,59.5295,13.4897,0.1437,52.8608,2.942,230.314,0
10439,109.352,78.0608,0.0572,69.6527,1.4315,300.036,1
10440,92.8723,25.685,0.1619,51.797,7.7301,304.585,0
10441,51.3789,19.0995,0.1698,-40.116,22.1294,231.842,1
10442,77.2484,24.1328,0.2493,30.1439,5.7357,269.47900000000004,0
10443,37.5719,10.1147,0.2254,18.2122,67.624,143.643,1
10444,37.4076,16.3912,0.1566,-31.9833,53.8684,211.3164,1
10445,120.9778,50.3934,0.1404,115.599,58.5822,356.3203,1
10446,18.8943,15.4488,0.3347,19.4668,2.707,214.564,0
10447,164.956,110.27,0.0301,-107.842,76.0489,322.57,1
10448,66.9651,20.9347,0.0904,47.805,5.807,257.819,0
10449,28.3371,24.9896,0.19,22.0479,7.207999999999999,107.15,0
10450,28.5623,20.8086,0.2557,27.8465,45.0675,227.8204,1
10451,84.8731,24.3425,0.1442,-55.8522,1.92,365.621,0
10452,22.7203,10.1826,0.3041,15.115,12.9105,152.55700000000002,0
10453,28.4655,9.5459,0.2452,17.8354,4.6337,197.098,0
10454,98.881,61.5566,0.1221,85.2288,20.2721,301.3584,1
10455,68.0256,11.6532,0.2123,-7.3949,38.7345,274.4498,1
10456,16.3137,11.4038,0.371,6.0221,10.758,181.856,0
10457,24.4963,17.2988,0.2451,-13.7043,1.675,237.182,1
10458,20.7756,6.6796,0.4813,15.8775,39.242,149.961,1
10459,151.031,65.7484,0.0296,-86.2587,58.162,88.2118,1
10460,39.0013,22.9181,0.1523,11.8392,9.8286,208.241,0
10461,51.5202,19.258,0.1239,40.6714,13.747,154.013,0
10462,22.9543,12.7254,0.2557,14.1919,19.4197,141.534,1
10463,54.3712,23.0745,0.1262,30.403,1.8163,263.463,0
10464,52.5569,19.0896,0.1655,54.904,2.29,230.092,0
10465,65.7719,23.8371,0.1073,62.2809,0.555,234.476,0
10466,50.1325,37.4544,0.0704,-13.7066,16.5336,95.671,1
10467,174.8898,60.0768,0.0745,-70.7387,85.3225,280.0962,1
10468,31.1292,17.3212,0.1769,15.5476,5.722,229.417,0
10469,31.3502,23.6958,0.1179,16.1963,18.427,107.747,0
10470,138.8751,86.57700000000001,0.0475,-150.1056,7.2948,330.0002,1
10471,34.2728,12.7234,0.2276,-15.9443,78.7878,94.4958,1
10472,19.1023,15.2928,0.2952,10.762,55.833,105.548,0
10473,22.8785,13.2144,0.4132,16.7556,6.8098,261.4239,1
10474,37.7449,11.2478,0.1962,26.2928,39.5153,240.7381,1
10475,20.4916,16.0929,0.4162,21.1434,23.468000000000004,72.9904,0
10476,30.0611,25.0721,0.1513,12.3625,16.3955,262.316,0
10477,74.1398,23.3213,0.1246,32.8741,0.7406,262.22,0
10478,29.1133,11.8054,0.239,12.5734,61.2334,101.9478,1
10479,64.6119,21.9114,0.1382,19.7226,5.402,291.997,0
10480,30.5026,18.7911,0.1871,25.6006,27.9829,117.905,0
10481,45.1942,26.4351,0.1235,39.5222,7.8797,116.305,0
10482,99.5309,33.654,0.1086,-82.1548,32.325,227.157,1
10483,76.5687,34.0259,0.0687,51.3486,28.9443,211.489,1
10484,22.1866,12.71,0.3301,11.2419,74.22800000000001,152.047,0
10485,41.7005,19.1167,0.1167,30.5875,22.7226,149.869,0
10486,29.0976,15.3475,0.2458,6.2127,36.077,194.115,0
10487,29.0806,14.9597,0.2531,22.79,29.987,156.94799999999998,0
10488,49.8805,25.0612,0.0944,34.2174,39.8357,86.0558,0
10489,39.163,18.2024,0.3082,33.2677,10.9465,242.224,0
10490,39.6147,29.7665,0.1143,12.8486,34.3275,144.6565,1
10491,27.9583,14.0395,0.2594,-14.7058,40.4651,257.329,1
10492,30.818,15.4767,0.215,19.2748,38.123000000000005,199.145,1
10493,20.5081,12.024,0.2616,-12.8854,37.6139,229.375,1
10494,25.2454,15.261,0.2294,-6.2972,32.442,160.56799999999998,0
10495,81.5485,44.7793,0.0819,63.3259,7.057,246.976,0
10496,208.724,51.3682,0.0753,166.987,83.3529,178.47400000000002,1
10497,27.9747,7.1877,0.3679,18.647,55.4616,206.844,1
10498,20.8068,9.9252,0.3642,18.6427,83.9952,110.701,0
10499,71.1038,7.1559,0.3328,-43.0173,1.4405,338.583,0
10500,20.6085,11.5177,0.3153,19.5445,27.234,131.877,0
10501,32.5528,4.6957,0.3365,17.707,49.7571,216.4745,1
10502,176.282,71.4843,0.0706,-142.841,36.9137,312.856,1
10503,65.5333,20.5582,0.1225,63.5057,4.13,273.821,0
10504,29.2428,8.1792,0.3342,27.2815,14.4655,234.8111,1
10505,28.6935,8.5113,0.33,16.3239,10.347,240.523,0
10506,91.9847,26.1815,0.1264,71.2449,4.5360000000000005,295.34,0
10507,34.0197,9.4725,0.2143,-22.6261,0.4852,165.158,0
10508,26.3029,12.1773,0.2848,16.1439,5.4587,187.665,0
10509,31.1124,9.0627,0.233,15.1102,86.8689,182.9867,1
10510,59.2028,31.5403,0.1337,41.7201,76.0345,200.04,1
10511,102.107,19.2212,0.1921,84.7256,3.9345,285.462,1
10512,26.0822,10.7729,0.2805,-14.2652,79.51,181.639,1
10513,22.5766,11.4721,0.3035,18.2349,7.5845,275.7394,1
10514,17.5993,10.8938,0.3879,10.3431,47.4161,93.8559,1
10515,20.2577,11.4767,0.2778,10.355,55.1028,237.1088,1
10516,25.7294,18.3896,0.3102,23.4762,7.882000000000001,126.857,0
10517,13.2143,11.0568,0.452,-13.5666,16.1159,94.949,1
10518,20.7415,11.2595,0.2904,7.5822,56.4785,209.332,1
10519,34.6963,10.9416,0.2503,-25.5179,82.5605,114.373,1
10520,34.5652,11.8034,0.3377,35.96,22.4731,154.4261,1
10521,23.3724,10.9488,0.3406,18.7433,7.1894,176.713,0
10522,32.7883,15.3772,0.2075,-29.6757,34.5289,223.2831,1
10523,236.715,92.616,0.0539,122.712,25.7824,71.289,1
10524,71.8727,24.8056,0.0932,77.4821,5.922999999999999,197.859,0
10525,23.4293,11.3673,0.1889999999999999,-14.5363,88.3032,269.0718,1
10526,46.508,13.4311,0.1815,59.4553,7.3555,187.1659,1
10527,30.3908,7.6326,0.3593,-8.7048,53.951,236.917,1
10528,28.2322,15.5154,0.2278,5.6554,15.5585,214.157,1
10529,21.2858,11.4472,0.3098,-19.7686,50.0471,238.41,0
10530,15.0428,12.1241,0.3618,1.1126,43.0169,66.4591,0
10531,22.2045,11.463,0.2969,19.4675,0.3559,63.8236,0
10532,37.4523,18.9754,0.1823,18.9164,13.1409,193.696,0
10533,22.8113,11.4933,0.3635,33.2876,7.8516,218.4869,1
10534,83.4228,24.5423,0.1639999999999999,-66.2854,71.024,237.565,1
10535,22.2511,17.4424,0.2348,16.2053,16.8825,93.1668,0
10536,53.586000000000006,3.1711,0.1933,4.6324,15.9907,201.0377,1
10537,20.9491,7.0366,0.3935,-12.1656,40.656,146.512,0
10538,31.9607,23.206,0.1344,15.2445,10.176,139.356,0
10539,29.4979,12.7272,0.1986,11.5067,67.167,288.692,0
10540,24.6949,14.1549,0.2325,-21.2997,1.696,76.7707,0
10541,104.5871,37.1702,0.1144,-99.2532,8.4966,393.3124,1
10542,79.1839,27.3956,0.2353,46.8425,11.082,284.165,1
10543,21.5295,13.7577,0.3337,-10.9723,7.3842,214.43,1
10544,13.3663,8.0592,0.6045,11.1805,5.787000000000001,130.23,0
10545,29.9425,14.5918,0.2221,21.144,5.9751,198.41,0
10546,256.985,106.384,0.0989,65.6442,89.0891,202.43400000000003,1
10547,34.706,7.9521,0.2828,12.7077,40.0399,107.9123,1
10548,23.4741,9.7318,0.3513,-11.8397,10.6763,208.416,1
10549,130.2771,28.3314,0.187,115.745,3.2776,260.5205,1
10550,36.1321,13.7532,0.3274,35.3679,4.167,220.93,0
10551,20.8042,11.6158,0.3218,17.084,17.5817,232.0434,1
10552,48.0266,17.5822,0.2281,26.6904,59.1356,141.91299999999998,1
10553,39.2852,14.4233,0.1812,37.0007,11.679,254.953,0
10554,28.0088,22.9561,0.1435,-15.8801,25.5231,125.751,1
10555,18.7096,16.1954,0.352,19.9471,71.00399999999999,54.3992,0
10556,44.2753,27.7639,0.1407,43.2498,14.118,148.595,0
10557,22.2134,18.3853,0.2599,16.1254,23.648000000000003,93.175,1
10558,191.1625,52.9846,0.0613,-159.7142,6.8004,116.0953,1
10559,69.9096,8.7907,0.1954,37.2517,20.8214,75.3304,1
10560,96.3524,61.7175,0.1101,-88.5551,63.1443,289.8717,1
10561,34.9876,16.5627,0.2155,19.6437,38.242,209.3256,1
10562,103.881,45.33,0.0539,72.1054,0.9908,295.988,0
10563,61.9459,22.2825,0.337,41.2146,66.2831,310.1382,1
10564,27.3546,11.1653,0.2481,22.5302,13.6063,181.7,0
10565,30.7392,19.9317,0.1502,-8.1904,10.8862,160.306,0
10566,17.3757,8.9842,0.2878,19.4719,44.5518,161.8547,1
10567,31.6946,20.4109,0.1754,-24.5303,23.934,131.878,1
10568,87.5064,28.9553,0.0823,48.4553,0.337,264.764,0
10569,23.4104,16.1197,0.3289,-34.3069,54.9737,140.2448,1
10570,75.5072,25.994,0.1598,74.3902,4.096,291.434,0
10571,32.9875,17.0613,0.1869,-6.4855,7.5903,221.887,0
10572,13.3685,9.7193,0.5165,8.3847,33.8055,119.793,0
10573,204.052,93.1411,0.0239,-175.81099999999998,45.678,256.171,1
10574,57.604,24.2308,0.1309,28.327,81.42,210.691,1
10575,21.9614,15.1584,0.3338,15.4084,50.547,161.91299999999998,1
10576,24.97,13.5539,0.2736,-12.6707,5.3656,149.155,0
10577,31.3006,6.9728,0.2741,19.0511,4.3556,161.403,1
10578,63.7042,22.1413,0.1549,42.7026,4.6486,239.087,0
10579,55.1562,34.3023,0.1323,41.4124,28.876,277.293,1
10580,30.9108,11.5379,0.2827,-26.5375,61.92,174.149,1
10581,48.1835,14.3086,0.2047,-32.5416,23.914,233.308,0
10582,27.3815,17.9356,0.214,-9.0074,34.259,226.211,1
10583,90.5857,59.856,0.0141,50.4788,73.9617,167.1689,1
10584,179.9872,60.3431,0.0011,138.3554,70.9233,147.3008,1
10585,23.4645,16.0261,0.2384,12.7104,33.041,44.4753,0
10586,35.0172,12.1368,0.2756,22.1097,65.1135,119.1495,1
10587,119.1882,28.0771,0.1519,-25.8271,54.2806,295.4359,1
10588,12.8449,11.4868,0.3762,5.0576,51.2589,182.407,0
10589,25.5805,17.8441,0.2302,-8.2515,1.8043,144.02200000000002,0
10590,24.5566,9.6981,0.3226,-13.8015,15.6504,221.256,0
10591,64.4096,22.5919,0.1169999999999999,-37.2958,8.0335,156.887,0
10592,20.2506,15.4963,0.2844,18.8544,17.2109,95.6973,0
10593,26.6614,13.6549,0.2958,9.9708,85.87200000000001,192.029,1
10594,21.6056,15.0938,0.265,4.0507,28.138,161.126,0
10595,121.6529,46.6521,0.1206,-113.3768,36.2947,354.8198,1
10596,152.485,52.4004,0.087,68.5252,80.8293,343.346,1
10597,22.3842,19.6795,0.1756,-12.5413,13.5342,72.0504,0
10598,53.5082,19.9123,0.123,34.1822,0.487,247.388,0
10599,41.9225,21.375,0.1329,-21.0698,68.2604,198.217,1
10600,92.0007,34.869,0.1216,48.376000000000005,1.7669,372.871,0
10601,17.0645,11.2136,0.3266,-6.1239,16.962,163.767,0
10602,59.2181,11.2908,0.1643,-27.0112,89.5952,112.152,1
10603,30.3526,17.3972,0.2058,-8.2302,55.8841,119.352,1
10604,145.285,49.5278,0.0898,-69.0312,45.862,343.319,1
10605,127.314,95.0778,0.086,-127.826,68.0493,397.574,1
10606,77.4726,27.7872,0.0901,-71.1438,47.8037,230.44,1
10607,54.7308,21.4952,0.122,49.3437,5.881,268.278,0
10608,187.1814,53.0014,0.1539,-168.4558,52.731,272.3174,1
10609,57.4339,12.1793,0.1969,44.0583,11.365,249.228,0
10610,195.598,87.2875,0.0478,-100.211,87.8503,375.54,1
10611,55.958,32.1315,0.0708,-53.7404,45.4669,80.8058,1
10612,37.3038,11.8145,0.1799,-24.9632,22.2935,176.155,0
10613,12.8515,11.4632,0.3891,6.5773,86.0453,219.583,1
10614,225.011,94.456,0.0675,143.319,77.525,110.932,1
10615,102.291,25.5723,0.1303,-102.087,19.9025,275.425,1
10616,31.5349,12.183,0.2445,22.6149,5.6246,178.225,0
10617,31.5877,21.6492,0.14,19.0826,27.155,117.891,0
10618,91.1262,32.5615,0.1203,93.7059,7.922999999999999,287.92400000000004,0
10619,72.6148,18.7599,0.1433,38.2462,56.6254,282.605,1
10620,13.2771,10.689,0.4066,-2.4955,41.248000000000005,174.19099999999997,0
10621,44.5114,6.4136,0.3203,30.3679,12.2536,158.886,1
10622,48.6009,31.3302,0.1181,-44.6535,21.4301,96.2032,1
10623,28.3417,13.9166,0.1875,-20.6703,78.069,160.356,0
10624,31.5516,10.9989,0.2251,-10.7553,57.633,186.8069,1
10625,51.0604,18.9819,0.156,44.2933,2.281,173.32,0
10626,62.8218,15.2759,0.1576,50.4547,17.0517,292.639,1
10627,23.3767,14.1785,0.3065,-38.4688,8.7792,136.4193,1
10628,36.852,25.1337,0.1131,29.5049,8.877,98.7117,0
10629,66.1331,25.9259,0.075,50.5528,11.5159,160.519,0
10630,53.5736,25.803,0.0986,58.4267,7.596,171.407,0
10631,36.644,12.1712,0.2728,23.3271,4.1453,59.6315,1
10632,20.5839,16.0609,0.2058,18.3629,45.687,212.062,0
10633,76.244,22.5596,0.0986,71.2976,5.053999999999999,237.938,0
10634,41.65,19.5857,0.0979,13.7179,68.2236,196.72,1
10635,29.001,18.3169,0.1826,-18.5409,1.14,193.666,0
10636,21.0324,5.5498,0.4609,11.4301,2.2901,53.2438,1
10637,22.3881,7.978,0.3604,-4.4094,84.361,191.4178,1
10638,46.31,21.8396,0.2776,39.9859,56.6947,173.87,1
10639,32.5101,12.912,0.2919,21.3098,9.475,192.303,1
10640,29.417,18.9528,0.1386,15.9058,88.4473,76.1243,0
10641,33.2278,9.1514,0.3141,-23.9935,22.771,134.211,1
10642,21.1789,6.9623,0.4007,12.4248,88.8729,169.85,0
10643,21.5693,12.0208,0.3584,20.9015,14.3002,139.964,1
10644,30.8152,12.0368,0.2754,22.7116,41.5882,168.774,1
10645,101.9257,44.3087,0.103,-64.7884,64.9736,272.7369,1
10646,16.9293,11.356,0.3101,4.146,49.2234,198.689,0
10647,21.3207,9.308,0.2863,12.9454,34.4698,143.7473,1
10648,21.4329,9.5412,0.3569,-15.0393,20.7,109.464,0
10649,26.9187,13.6487,0.3988,-2.431,89.4651,90.4592,1
10650,31.3675,8.4352,0.29,22.6955,79.123,193.515,1
10651,30.2932,9.8995,0.1639,33.3167,38.8759,252.9946,1
10652,62.0676,16.925,0.1306,42.5727,0.026,197.906,0
10653,74.9131,28.8761,0.1972,-67.0749,0.3194,384.822,0
10654,76.6007,33.8701,0.1437,81.1818,32.2782,198.3273,1
10655,13.4664,10.1341,0.4505,5.9247,24.21,141.702,1
10656,112.569,49.6183,0.0407,82.8447,1.064,288.644,0
10657,173.102,65.3651,0.0362,111.898,61.4059,244.89,1
10658,71.1972,56.31,0.0894,48.698,32.7935,260.9684,1
10659,254.5495,36.3921,0.1237,187.4007,47.5982,69.493,1
10660,49.645,22.0241,0.1241,-11.6764,24.2903,112.6932,1
10661,123.4954,33.1853,0.0849,-182.7114,11.7776,168.0363,1
10662,16.6915,11.95,0.4089,-12.1412,39.6093,160.155,1
10663,30.8618,18.3281,0.2476,29.4609,23.1046,93.6596,0
10664,24.4699,12.8827,0.3047,10.5679,77.82600000000001,175.775,1
10665,233.094,33.1213,0.0572,217.93400000000003,65.1453,78.0064,1
10666,35.6463,25.005,0.1287,-19.6207,88.9264,24.4148,1
10667,48.7661,36.6354,0.0787,-30.0173,44.1112,134.945,1
10668,142.563,13.4473,0.2691,71.1985,0.8956,302.925,0
10669,126.242,99.4705,0.0811,-59.6187,60.931,368.565,1
10670,28.971,10.9324,0.254,32.0622,32.9085,150.7236,1
10671,27.13,16.6154,0.2368,21.7103,72.7366,97.247,0
10672,66.8196,22.9146,0.3457,-53.7621,6.013999999999999,317.868,0
10673,20.9866,6.7827,0.4545,-14.96,31.425,70.2992,1
10674,25.9044,10.3557,0.2294,19.2868,48.126000000000005,175.52599999999998,0
10675,15.272,12.0666,0.3556,3.1911,36.8278,126.359,1
10676,26.6681,6.9778,0.4314,10.4678,1.1053,133.4689,1
10677,93.3282,15.8857,0.1163,71.1982,4.3552,304.894,0
10678,13.0151,11.207,0.3764,11.8171,52.8611,225.798,1
10679,29.719,16.6646,0.2213,-25.141,4.549,204.247,0
10680,154.732,42.9253,0.16,-163.247,85.3675,66.0071,1
10681,64.949,24.887,0.1023,67.3379,0.76,180.868,0
10682,25.4589,13.0288,0.3147,-13.0703,14.963,111.538,0
10683,27.7011,16.692,0.3096,-20.2057,13.072,86.3553,1
10684,27.71,6.6551,0.3342,-5.5253,29.3522,165.7713,1
10685,60.4518,17.4125,0.1815,-54.1557,8.0866,174.136,1
10686,117.9707,13.2646,0.1049,47.3084,69.0213,165.1786,1
10687,78.4011,23.4348,0.1395,71.3282,0.065,241.006,0
10688,20.003,7.3665,0.4068,-5.9995,35.9796,65.3452,0
10689,41.3691,29.9681,0.1177,38.014,24.194000000000003,259.535,1
10690,75.7741,34.3175,0.081,50.342,61.4041,217.7622,1
10691,66.7794,16.3312,0.2363,-46.8947,24.948,83.1796,1
10692,67.9088,30.1161,0.088,57.8612,5.515,236.664,0
10693,36.5765,19.9805,0.1639,-24.8331,7.1362,235.694,0
10694,16.3558,11.4514,0.3417,-7.0922,55.451,224.775,0
10695,47.8877,29.0881,0.1903,7.6255,22.0716,87.057,1
10696,25.5481,17.8718,0.2228,-21.5742,13.798,149.03799999999998,1
10697,47.3271,23.1339,0.1266,-8.1362,2.982,210.249,0
10698,169.0402,35.3614,0.1986,70.4636,48.5542,326.2363,1
10699,40.9662,17.7284,0.1302,-15.2806,4.324,137.016,0
