fLength,fWidth,fConc1,fM3Long,fAlpha,fDist,prediction
28.5425,11.917,0.2275,-24.532,36.659,132.207,1
63.2384,21.5036,0.1948,-40.6839,6.242000000000001,193.039,1
85.8898,31.0498,0.1309,50.5964,0.899,333.398,0
35.6137,19.4724,0.1654,30.6005,83.46799999999999,53.5997,1
149.445,87.2517,0.0179,-114.413,44.0915,242.466,1
238.1686,84.5643,0.0859,-93.5337,59.5554,175.1797,1
49.6425,9.84,0.2908,-42.9702,26.7642,249.1974,1
67.0326,20.1726,0.1369,-35.4383,23.76,156.6861,1
155.425,130.67,0.0191,-109.775,71.937,277.54400000000004,1
62.0891,28.8639,0.1796,36.3416,6.479,298.592,0
138.7009,59.5848,0.0783,-105.5152,75.9359,134.1912,1
172.6668,119.5586,0.0844,159.7598,69.2286,195.2145,1
157.4846,44.9801,0.2301,118.0335,69.0026,227.9841,1
16.9771,10.9403,0.3639,-7.8253,12.4336,187.58900000000003,1
176.8542,26.0601,0.089,-97.1221,59.1394,283.943,1
20.3817,8.9355,0.4023,13.5364,25.8139,138.904,1
60.4645,12.3819,0.1493,19.9717,88.9954,130.889,1
22.5524,11.1413,0.2751,19.9523,37.7034,157.6706,1
193.504,46.9149,0.2001,-193.8,29.4404,347.452,1
15.9255,8.3817,0.4881,-4.019,58.3505,200.0519,1
23.0929,14.0641,0.2901,12.0561,22.9228,127.801,1
38.9505,10.6421,0.2382,-7.1855,61.45399999999999,159.84,1
36.423,15.3431,0.1693,-14.4844,2.4,178.19099999999997,0
21.8681,19.7729,0.2301,3.3702,13.2734,182.0873,1
22.8645,10.6916,0.2601,16.7569,75.85600000000001,107.46,1
137.3589,28.7153,0.0583,78.417,85.8318,96.9345,1
29.1545,12.6045,0.2309,-13.112,24.7086,154.872,0
25.2228,13.6075,0.2939,-12.8844,66.649,78.9436,1
22.9371,11.8576,0.2957,11.5117,15.3,220.415,1
62.4314,20.7422,0.1303,35.1855,1.784,259.624,0
50.0814,21.3068,0.1188,40.8885,5.8695,127.361,0
43.1231,20.8528,0.1061,15.3768,10.922,145.513,0
76.6239,34.0896,0.0794,65.1166,4.172,252.444,0
78.696,24.65,0.1756,-73.197,37.6947,38.8639,1
12.3037,11.5968,0.332,17.1736,5.0091,183.4009,1
70.2654,18.8476,0.1101,50.8548,4.043,243.316,0
149.4514,68.7027,0.0186,-117.2844,86.6215,146.9452,1
52.1771,23.834,0.1218,40.0877,3.737,249.11900000000003,0
27.4635,25.4862,0.1269,-24.3228,38.2583,68.392,1
89.1783,30.8669,0.1243,51.4857,3.221,299.15,0
41.8231,25.2456,0.0945,28.248,12.156,119.375,0
99.9956,16.1585,0.1627,109.115,0.12,250.276,0
21.2877,10.0994,0.3278,-16.8421,8.167,244.58,1
73.0346,11.1193,0.1942,-54.3404,15.537,44.2306,1
35.8012,11.1362,0.1781,29.3521,37.256,202.701,1
23.8839,9.8458,0.3154,25.3493,4.342,127.9884,1
36.2553,11.2768,0.1775,13.7314,17.7197,105.322,1
40.9888,14.648,0.1722,22.853,0.5826,192.89,0
86.3172,27.7342,0.1091,-53.3688,0.897,268.702,0
108.2996,67.1603,0.0326,89.9112,29.2617,276.2519,1
26.3431,17.5466,0.2091,-5.5595,70.193,72.6392,1
27.7861,17.1611,0.1993,12.7493,21.61,76.0045,0
91.401,41.935,0.0776,42.7291,0.809,398.753,0
24.7067,14.5735,0.2738,11.5113,75.425,101.517,1
15.6186,11.9091,0.3601,3.5316,50.6366,40.0383,1
91.2575,33.4669,0.1304,83.7876,5.1639,234.4818,0
24.7267,12.5686,0.2283,23.7463,45.1546,236.49400000000003,1
32.482,15.9224,0.1785,-27.8162,9.45,219.995,0
60.9884,13.5134,0.3135,54.3714,41.8421,99.6833,1
44.1925,22.518,0.11,41.7787,1.6,169.00400000000002,0
33.7548,11.2156,0.2077,22.1589,11.3175,198.531,1
40.5724,11.6319,0.1819,-28.6802,9.5707,144.025,0
19.8726,16.965999999999998,0.2423,16.1831,61.06100000000001,136.387,1
16.559,11.5153,0.3202,5.5436,0.2019999999999999,76.778,1
21.386,13.6561,0.3662,-14.7031,10.142,146.35399999999998,1
23.2694,3.1184,0.3544,-18.5317,63.4187,225.0753,1
131.262,61.4667,0.0824,137.42700000000002,76.1339,283.501,1
14.8508,14.7363,0.2028,13.3743,18.0463,94.3795,0
29.3066,17.4959,0.1949,10.1453,5.041,163.644,0
73.503,53.9862,0.0997,31.599,75.1093,305.8298,1
22.9464,18.4975,0.2962,-17.5176,30.529,72.2829,1
19.0658,9.7981,0.3614,-12.057,86.4462,103.65,1
127.056,42.3957,0.0516,104.715,8.0112,198.331,1
29.751,14.4711,0.29,-17.6017,50.3592,207.7997,1
80.4825,58.0525,0.193,-75.6044,63.6153,388.1007,1
130.4518,27.1369,0.1883,-109.2498,9.6941,385.4177,1
21.8507,12.6266,0.2913,8.9802,43.706,215.701,1
31.3078,21.1374,0.1881,-20.6772,18.7814,253.017,1
25.4223,0.0038,0.3818,-11.0853,26.188,235.482,1
30.3294,14.5734,0.165,13.7241,73.44,130.171,1
49.1913,17.3681,0.1238,33.3533,4.2502,246.468,0
83.195,20.9793,0.1278,76.1369,2.2045,242.233,0
38.9505,10.6421,0.2382,-7.1855,61.45399999999999,159.84,1
65.1077,43.8024,0.1534,44.2995,31.6131,107.141,1
33.3349,13.5677,0.2204,27.8501,66.1986,79.9079,1
37.7305,20.127,0.1441,23.0671,31.436,233.711,1
35.579,15.7688,0.1707,23.4049,7.5527,196.357,0
18.3601,12.5485,0.327,13.4913,9.025,134.525,1
123.3622,79.1588,0.0573,-61.0842,76.612,306.1689,1
55.5478,18.9378,0.1068,45.8484,5.806,235.644,0
50.149,28.3118,0.0911,22.8889,5.0824,196.675,0
109.1565,18.2065,0.1084,46.7544,59.091,130.6783,1
27.506,17.6938,0.1775,12.4763,3.3162,187.61,0
69.0597,15.9685,0.1119,46.4195,13.1301,175.96599999999998,1
76.2691,28.3801,0.0559999999999999,51.0922,4.1242,219.472,0
115.8466,27.736,0.1073,75.7279,34.2794,199.7725,1
123.7507,88.0211,0.0985,79.9657,44.4057,301.3919,1
62.1547,22.8527,0.0949,43.1847,3.4278,222.286,0
21.1547,9.6927,0.3564,13.5207,42.3649,144.989,1
29.0874,12.3901,0.2457,38.8908,81.8035,155.9057,1
21.0002,7.1029,0.3627,-9.9623,12.863,162.608,1
26.4689,21.5712,0.3979999999999999,2.1894,75.699,402.625,1
20.8088,11.7226,0.2861,-10.5176,61.51,161.39600000000002,1
26.581,9.0776,0.4408,-16.8933,33.1884,48.338,1
163.29,84.2977,0.1736,77.2924,33.611999999999995,96.6701,1
115.948,52.6694,0.0352,90.9207,1.744,253.064,0
163.3054,33.1814,0.109,-100.6459,71.9265,139.7819,1
221.643,92.1734,0.0767,96.8281,50.42100000000001,248.752,1
28.7063,15.1931,0.2337,20.8,9.7129,243.798,1
64.4803,13.0572,0.1598,32.278,36.7671,118.3337,1
16.9165,11.9983,0.3213,14.4479,23.2351,180.438,1
133.0634,29.4108,0.1375,73.4109,29.3076,265.6031,1
28.5929,19.5192,0.1853,-9.0393,4.265,231.372,0
19.9205,10.3429,0.3761,16.1492,27.5493,242.753,1
19.901,17.8679,0.3027,-15.2362,49.18600000000001,245.623,1
57.0139,30.3512,0.0989,-41.8256,2.6075,207.457,0
13.4492,9.9891,0.4759,-7.011,78.47800000000001,196.658,1
28.8686,11.5357,0.2495,-10.1044,26.025,165.532,1
32.3195,23.9338,0.1473,33.8492,42.879,56.6868,1
61.4574,18.204,0.1662,60.2148,5.6897,142.855,0
124.186,44.7572,0.1076,-110.985,0.738,241.67,1
24.999,14.6867,0.2332,19.2386,9.862,174.003,0
69.8848,15.595999999999998,0.1939,51.4932,0.9472,269.79900000000004,0
25.8113,11.2957,0.3298,-7.5481,0.9657,182.834,0
19.4413,7.2845,0.4212,10.8056,27.318,137.048,1
18.4882,17.4723,0.247,-17.9824,53.4984,113.38,1
79.4345,11.5257,0.1219,39.966,15.9883,160.674,1
23.0991,12.3089,0.2367,11.8269,14.7613,251.344,1
17.8912,15.0832,0.3818,11.248,44.74,225.80900000000003,1
70.3425,17.5892,0.1814,70.6436,9.8881,258.308,1
23.7691,10.8291,0.2723,18.9078,12.969,211.29,1
41.7541,9.6036,0.1808,-14.9936,59.95399999999999,72.9465,1
83.425,62.3998,0.0946,-87.39,26.0595,199.515,1
144.8698,18.9582,0.2289,-161.7681,88.8454,92.3026,1
73.2887,21.4594,0.1063,-25.1149,51.2316,308.8334,1
121.8932,28.9923,0.0841,77.8702,34.5664,219.4513,1
27.4172,16.9852,0.2095,25.673,6.082999999999999,172.048,0
18.6078,18.3078,0.2481,6.0259,74.079,120.053,1
34.4005,23.3132,0.1946,30.9815,1.775,121.056,0
135.8522,57.0071,0.0314,141.9655,71.376,28.1046,1
122.4013,39.4187,0.0906,54.496,55.2556,280.5936,1
25.0418,18.4927,0.2232,20.2163,30.62,86.363,1
38.859,14.3258,0.2423,20.2685,38.7344,206.017,1
12.59,11.8424,0.3754,9.8556,84.3099,46.2508,1
146.941,52.5182,0.1315,119.395,69.4577,311.048,1
36.9795,17.267,0.2117,-19.9605,83.8026,198.2992,1
243.157,142.458,0.0661,-219.973,71.309,341.788,1
24.5508,11.1546,0.3532,18.19,62.4526,189.4756,1
13.2918,10.5394,0.442,4.5837,58.693000000000005,177.332,1
27.5558,21.5611,0.2,1.3736,59.9798,197.0548,1
96.6373,39.9019,0.1408,112.5887,68.7107,263.4252,1
30.4,14.4649,0.2023,18.9893,22.81,240.302,1
71.6117,12.2741,0.1593,59.4809,5.3775,253.743,1
53.8135,17.5276,0.211,52.2689,3.3422,257.236,0
24.4367,0.0,0.3615,11.4763,19.3086,157.149,1
67.7351,21.1326,0.0957,50.0941,2.6774,251.824,0
92.7062,18.1531,0.1292,78.0131,0.9333,228.686,0
105.3817,22.6493,0.2403,47.3405,6.4902,321.0829,1
42.3886,9.4983,0.2579,27.117,28.478,245.443,1
118.3765,45.5584,0.0713,-69.4899,51.9268,374.8463,1
180.999,58.4085,0.1279,-133.415,41.742,316.482,1
53.051,8.7223,0.2126,21.3111,68.4705,250.0441,1
38.2285,18.7394,0.1634,31.6882,23.28,128.97,0
51.2755,26.1717,0.0643,-26.86,4.1303,120.635,0
173.8034,120.502,0.1236,-122.8551,47.9885,247.0455,1
34.8773,10.9165,0.2677,25.0411,34.4381,86.954,1
15.8889,15.6052,0.1857,8.7702,11.9012,84.3773,0
29.7796,17.267,0.2479,-25.3075,23.0497,188.622,1
71.6335,25.712,0.1098,43.553,2.98,238.991,0
20.8995,1.5787,0.4582,-11.5139,81.0387,187.3977,1
35.3852,10.7404,0.1756,-11.2358,19.3026,212.0347,1
29.0678,5.8239,0.3318,33.134,59.3561,255.4879,1
113.0663,76.9218,0.0602,97.167,86.9145,285.9024,1
87.8645,78.8819,0.1979,-114.6773,47.6948,365.8636,1
34.9814,13.3332,0.3165,-30.2027,49.902,278.431,1
33.5606,14.1305,0.2841,25.0528,32.982,120.091,1
23.6483,14.9305,0.1877,15.7393,3.991,140.171,0
72.0237,29.5013,0.2033,87.7355,89.5515,265.9841,1
86.9253,19.9003,0.1194,77.6838,7.553,275.10400000000004,0
61.0799,23.3788,0.1442,55.2224,29.161,267.456,1
32.5176,21.9844,0.1644,-18.7595,10.0602,122.95,0
21.9145,8.6035,0.352,-15.7102,9.7889,113.032,1
139.377,30.1364,0.0789,99.1035,9.227,261.578,1
22.4147,22.2679,0.2419,-13.6009,6.572,191.599,1
60.8786,28.9609,0.0736,8.721,1.525,185.077,0
81.6495,42.7756,0.0719,74.2127,8.6194,279.48,0
27.406,12.0315,0.2311,18.2834,15.928,249.637,1
43.6493,17.1836,0.1355,-25.997,3.517,194.961,0
13.3675,10.4811,0.4168,-3.7434,78.458,99.8211,1
12.855,11.3739,0.4208,-8.3363,4.803,202.092,1
18.7041,16.4305,0.2794,18.5815,58.3452,154.05200000000002,1
25.2907,11.508,0.3125,14.6478,3.1678,119.874,0
59.7337,17.0227,0.1895,54.5868,5.093999999999999,217.856,0
72.9275,29.0387,0.1682,41.4062,3.908,353.292,0
27.5364,16.5294,0.2511,18.732,3.459,159.46200000000002,0
29.018,17.9337,0.2134,-11.7844,9.1884,160.708,0
30.4477,18.5964,0.2027,-25.6659,36.6265,171.15200000000002,1
18.9405,7.4823,0.4682,4.8004,75.056,208.478,1
83.3786,29.4517,0.1593,41.1071,3.915,350.357,0
21.2848,6.9088,0.4089,12.8164,48.4705,199.836,1
126.7675,85.4938,0.0363,112.9238,32.4884,146.5853,1
19.2745,8.455,0.252,6.1012,35.4363,215.0508,1
46.1458,21.7687,0.1396,13.6455,7.915,229.198,0
93.0085,30.5026,0.1181,54.6479,0.868,331.793,0
20.7936,10.7234,0.3535,15.3264,27.735,150.999,1
10.3292,10.2773,0.5476,18.1923,22.7602,224.9884,1
115.9424,73.9646,0.1433,118.0635,17.4339,162.7646,1
27.9892,25.4973,0.1848,-18.4566,76.933,224.416,1
164.6813,105.8796,0.0253,90.4276,85.1143,150.2983,1
96.8044,66.1914,0.0494,-34.8805,33.4328,357.455,1
37.8211,15.1137,0.1975,8.6506,66.9024,204.5065,1
24.5519,15.0466,0.3019,-18.0407,64.279,107.234,1
13.0382,9.7539,0.5568,-8.769,12.7129,245.401,1
103.7001,54.0413,0.1446,-98.8012,1.29,431.641,1
101.039,35.1399,0.1257,-47.9068,11.885,292.677,1
109.754,27.7179,0.0978,87.7985,37.2826,310.567,1
30.2753,6.5382,0.3564,15.8474,7.9518,199.3748,1
32.8824,24.0868,0.156,-17.0711,10.197,111.482,0
18.9595,4.6139,0.3886,-7.4096,88.4132,90.5856,1
18.809,11.1305,0.4245,-3.0608,75.574,222.591,1
58.9523,21.2274,0.165,-43.6717,32.936,89.1636,1
21.2081,15.4439,0.2668,13.2168,0.0354,155.149,0
13.4575,9.164,0.4889,-7.6129,12.0227,101.5295,1
36.5332,8.5835,0.2115,15.0374,68.1042,229.6978,1
86.0845,32.2874,0.0604,78.521,1.3119999999999998,250.588,0
34.5555,17.7096,0.1905,-12.1401,8.283999999999999,197.112,0
98.0245,22.3316,0.0916,95.7514,1.4469999999999998,270.99,0
44.1799,24.1175,0.2092,-31.2177,89.8466,211.715,1
95.2551,29.3494,0.086,84.4564,11.6527,134.1558,1
18.1497,10.6094,0.3948,-15.7528,74.8176,56.1165,1
17.3053,9.6993,0.3733,19.729,7.7583,245.5844,1
21.6023,11.8935,0.3111,21.0175,47.6795,130.388,1
46.4535,10.4535,0.1641,25.7969,13.748,257.7404,1
12.8939,7.8036,0.3379999999999999,15.6823,65.4062,115.3426,1
35.426,20.6164,0.1413,27.1753,3.278,143.56799999999998,0
37.1411,22.6281,0.1189,20.568,11.7059,196.991,0
42.3467,13.5697,0.3231,-40.1233,57.2494,194.4062,1
23.8915,12.8584,0.3173,-14.9193,6.2472,131.247,0
28.972,12.7592,0.3058,23.532,10.5327,162.248,1
96.9419,35.3037,0.1855,77.0775,7.0149,302.97700000000003,1
41.908,25.0351,0.0943,-16.1454,2.5359,163.445,0
55.6151,29.9928,0.1169999999999999,29.4904,38.6667,196.767,1
24.8503,16.7782,0.2044,6.1535,5.528,116.31,0
23.9909,10.2798,0.287,-15.9375,66.082,166.905,1
198.7183,99.2397,0.0547,-98.9017,34.4383,278.564,1
45.5972,18.9386,0.1381,38.0687,12.439,167.979,0
33.368,17.4968,0.1434,-28.6138,6.1441,177.243,0
20.9353,18.6645,0.2412,-11.9282,12.4041,80.8612,1
26.9291,16.4709,0.213,-19.6155,13.461,218.723,0
21.1055,15.1309,0.237,10.7439,34.1165,114.058,1
58.3389,24.843000000000004,0.066,34.8075,8.174,167.285,0
65.8683,25.7031,0.2684,33.0477,15.196,283.915,1
94.4509,44.1084,0.1436,92.0315,84.7466,128.619,1
20.4596,12.1963,0.2504,-7.9433,78.702,218.016,1
18.1899,15.2937,0.3168,23.3691,6.8119,55.9963,1
83.5381,11.6846,0.178,66.5003,30.777,294.0144,1
71.5181,19.5946,0.1155,48.8108,0.5301,259.5957,0
72.2842,22.003,0.1665,33.3607,2.371,313.163,0
34.8407,23.6243,0.1514,23.0298,5.9938,187.459,0
173.077,159.209,0.0232,-153.496,21.0231,195.416,1
22.7173,0.0026,0.4265,-5.189,5.2051,286.396,1
21.6476,6.7539,0.4235,-13.3679,48.7888,232.547,1
19.1132,9.5944,0.4399,-14.7571,6.0520000000000005,65.0976,1
56.6882,7.2554,0.1687,21.8099,41.7694,119.9482,1
91.6558,18.8293,0.342,-97.8373,63.8834,130.7998,1
46.7594,19.4497,0.2085,-16.122,60.4994,76.4276,1
27.6855,20.8327,0.2447,-17.5356,37.548,79.6568,1
42.5823,16.8721,0.1993,20.1895,31.7172,89.3296,1
86.3312,18.5662,0.1747,85.3566,7.6904,290.636,1
21.138,12.1025,0.3375,16.7364,10.21,97.0489,1
12.9541,11.0593,0.4533,7.064,62.6258,176.49599999999998,1
43.2557,12.0269,0.1976,16.1869,9.697,299.406,1
58.4982,39.8182,0.1703,-28.5801,2.9588,303.61,1
17.047,12.8708,0.4883,17.4565,61.3508,219.6848,1
25.4663,17.1171,0.2091,20.3061,21.333,56.2445,0
38.3618,17.667,0.2417,35.3398,13.47,135.828,0
32.9499,12.5784,0.2948,22.0003,41.9699,198.3992,1
62.7766,29.9104,0.1261,57.5848,9.9144,323.094,1
53.9402,15.3367,0.1208,-40.7654,11.6288,124.5165,1
82.1826,22.6802,0.1911,-50.0361,78.2117,119.466,1
69.6843,50.6352,0.0774,-40.9205,44.7645,208.114,1
88.71,22.2557,0.1189,75.7713,0.485,204.625,0
21.1221,9.3478,0.452,20.1723,75.3948,167.109,1
50.321000000000005,22.4097,0.2537,35.9781,7.3695,344.48800000000006,1
29.306,19.3494,0.1856,21.1635,9.652,72.8249,0
85.2587,23.0311,0.1218,-66.0624,7.4381,245.221,1
60.2993,11.0859,0.2842,48.0403,17.5315,198.135,1
26.5815,7.2683,0.3912,-11.4328,89.7897,243.741,1
48.5822,22.2574,0.1073,-34.3209,38.294,64.0172,1
47.3598,17.2387,0.1449,-26.4639,3.1134,229.38,0
78.6102,30.9949,0.0646,55.2388,3.301,252.614,0
26.7419,16.7192,0.2057,6.8641,79.01100000000001,205.8457,1
39.2191,16.9979,0.1266,21.9203,9.699,213.216,0
150.3307,28.3722,0.2203,-117.0066,52.7773,202.7992,1
173.882,72.4744,0.0733,196.643,67.5281,191.605,1
67.2302,17.0296,0.1486,59.9437,13.9446,204.926,1
24.3597,9.7699,0.3554,21.8366,82.8383,44.0299,1
48.2748,13.6537,0.209,-20.8908,45.9192,133.37,1
185.8045,52.0255,0.0601,-220.0505,53.6071,340.5532,1
18.4261,10.3567,0.3029,-9.3884,37.882,236.636,1
63.0359,15.7418,0.0931,49.2069,1.9109,187.249,0
35.3659,13.6076,0.2038,-19.9187,69.35,121.49,1
138.377,33.1671,0.0662,106.0862,11.6706,256.3023,1
162.1957,55.2847,0.1101,83.9108,66.7174,347.6828,1
20.585,10.9031,0.4283,19.4121,42.803,185.876,1
18.8069,16.4272,0.2994,-10.5534,29.692,224.387,1
170.6361,114.7415,0.0841,87.5462,84.1197,352.8747,1
33.5378,14.085,0.1802,-7.6258,35.2593,103.75,1
141.4681,65.7044,0.1501,-168.8951,33.4305,270.6249,1
30.5605,15.7773,0.2438,23.9239,0.732,166.646,0
19.6579,9.5752,0.4271,14.7369,63.8383,168.50799999999998,1
17.1862,7.246,0.5506,4.4909,12.358,81.6967,1
41.28,26.0503,0.0933,-46.5309,66.6318,98.1673,1
177.8503,51.6826,0.0985,-157.2164,17.1672,306.0614,1
85.0943,41.8733,0.1345,-109.8362,4.1744,395.0295,1
23.914,14.8707,0.2494,-8.2598,39.9594,213.922,1
14.4194,12.9566,0.4178,-20.687,77.9739,125.5237,1
29.8141,12.5051,0.4576,16.2367,11.9557,153.8474,1
159.0142,92.2572,0.1361,-70.7409,63.5359,326.1471,1
20.7052,8.1838,0.2695,-0.6733,49.3078,212.8215,1
13.1689,10.9001,0.4061,-2.8969,11.1276,123.58,1
67.3393,20.0735,0.1213,50.1302,0.4888,283.35,0
28.2671,18.5697,0.1752,12.8168,26.8293,216.422,1
131.0715,60.9879,0.0897,110.7311,84.4635,154.8328,1
13.2353,10.2651,0.4917,6.659,25.938,197.826,1
95.0207,35.3852,0.0905,51.5021,5.438,352.956,0
73.2988,36.0124,0.1699,-100.2164,36.6196,247.382,1
74.6238,25.2649,0.0724,60.7593,15.92,240.052,0
43.298,17.3545,0.1646,-33.8513,78.4099,224.8299,1
40.5427,19.561,0.138,25.2336,21.1203,175.37900000000002,0
25.1122,16.7456,0.2126,-3.9846,42.2479,178.2127,1
80.3703,33.2511,0.0688,69.4048,21.841,221.083,1
224.68400000000003,25.1105,0.2705,-264.278,53.803,78.5182,1
31.1424,9.3064,0.2786,21.0948,53.9669,55.5175,1
101.034,41.5133,0.0418,87.0304,2.9283,244.833,0
51.3827,21.0491,0.1478,63.6913,15.231,127.817,0
20.2655,15.6989,0.2316,14.164,79.7296,56.7602,1
68.2762,20.5852,0.1514,71.3691,53.6537,266.348,1
45.5221,12.7849,0.1701,-19.1798,9.498,186.949,0
26.1183,17.7737,0.248,17.9329,73.12,93.218,1
44.2348,14.3562,0.2406,41.1823,5.247999999999999,268.16900000000004,1
106.05,33.6443,0.0965,61.4413,1.987,359.884,0
26.8521,5.3971,0.39,4.531000000000001,60.8686,103.6934,1
125.306,50.3371,0.309,-81.2847,19.2743,232.301,1
24.2447,9.2461,0.3342,-13.7677,15.630999999999998,212.124,1
65.0708,12.4822,0.1645,51.3853,5.1913,237.093,1
13.2147,10.4235,0.4791,-5.7816,58.2994,187.181,1
24.7249,11.2214,0.2439,16.3355,47.624,70.4495,1
42.0666,12.75,0.1509,21.1264,55.937,47.9252,1
74.7955,19.3318,0.1485,56.5462,7.468,268.526,0
20.8258,7.0223,0.3295,-5.4278,33.6243,149.7986,1
40.7146,13.4118,0.1643,-11.5505,63.5078,200.171,1
67.855,11.9848,0.1742,43.9203,79.928,108.514,1
20.4275,9.3986,0.4103,13.7825,79.73,47.1448,1
26.1907,7.834,0.3449,-16.9155,53.6457,114.576,1
18.8887,12.2503,0.4024,-17.0104,5.448,167.44099999999997,1
13.3408,9.739,0.5193,-8.407,73.70100000000001,208.416,1
52.1761,19.9142,0.1822,41.7952,11.9522,208.072,0
28.3346,11.8033,0.2109,7.1239,6.7089,192.161,0
28.5888,18.6679,0.1493,17.8939,12.747,113.893,0
105.463,15.9674,0.2852,-125.081,58.1218,151.52100000000002,1
106.866,48.1211,0.1122,115.685,83.2013,277.068,1
29.2304,9.9358,0.2938,-25.5278,22.2624,171.91099999999997,1
25.0586,19.0707,0.1555,10.9499,56.591,167.437,1
236.35,39.6522,0.0481,-111.583,74.249,211.289,1
12.5969,11.8327,0.3769,-9.8924,56.6622,192.025,1
141.71,32.7866,0.3243,150.58,37.9397,65.5481,1
48.8413,25.4082,0.143,18.7668,7.282,256.274,0
70.3382,46.8813,0.1317,-78.5341,49.9159,231.6019,1
126.397,56.7218,0.0619,115.737,4.2599,32.8647,1
86.0824,21.9899,0.1694,73.3955,1.878,351.97900000000004,0
114.804,63.3777,0.0673,-6.4847,14.701,297.473,1
28.9452,6.702000000000001,0.2784,13.1853,86.7975,247.456,1
65.045,35.0272,0.0805,64.1156,18.4316,212.489,0
104.1008,56.1199,0.0405,71.4614,32.0244,278.6976,1
19.8047,9.2711,0.3131,-1.4499,70.7052,177.7763,1
84.6919,44.7513,0.146,62.8448,51.8623,310.6703,1
20.3648,11.1674,0.3435,8.6544,17.1627,211.915,1
57.278,13.6043,0.1454,51.378,1.741,264.79400000000004,0
70.7528,36.1413,0.1772,37.8433,4.755,265.797,1
72.3741,21.5584,0.1205,37.9501,2.071,276.474,0
34.9922,18.443,0.1628,16.2665,8.191,215.527,0
33.352,12.759,0.1771,18.9779,9.695,158.918,0
30.531,21.2625,0.1452,-3.7431,9.189,204.08,0
86.4336,15.5056,0.1123,56.248000000000005,50.1297,112.132,1
189.129,17.6867,0.2848,162.21200000000002,8.699,205.285,1
28.0638,16.4037,0.1992,19.1852,45.7827,117.5508,1
85.1017,31.2545,0.0782,48.0249,41.103,87.0258,1
21.3131,0.0,0.4943,-7.6499,82.9932,130.881,1
98.8112,75.9816,0.0789,-88.866,8.08,370.691,1
16.8782,12.2498,0.3967,4.1109,83.4539,147.2327,1
61.4489,24.0428,0.0925,37.3025,7.3758,262.074,0
131.944,45.8938,0.1706,-98.18,31.457,311.661,1
51.2136,13.4449,0.1932,36.9659,34.4183,113.0529,1
35.7191,7.2727,0.2428,17.5429,62.918,87.8689,1
79.6387,26.9121,0.0843,65.9371,5.2634,303.1,0
32.9045,9.7782,0.2676,18.2646,81.3208,167.8863,1
63.9326,31.039,0.1254,59.7712,33.194,273.41900000000004,1
21.9633,9.5128,0.3192,16.6868,53.3763,263.903,1
36.1618,25.9263,0.1216,20.1419,33.371,142.269,0
135.6762,17.1893,0.4371,-85.6674,18.4167,260.595,1
66.1075,11.957,0.1578,54.47,47.6322,232.857,1
85.3154,28.7665,0.0611,74.0532,0.7571,218.334,0
13.438,10.2638,0.4366,5.148,43.042,42.4625,1
72.6665,21.9177,0.0909,75.2689,4.838,251.216,0
30.6744,15.2889,0.2627,18.1141,27.3278,65.2747,1
17.3989,10.4599,0.3503,-10.9576,40.056,103.96,1
22.3818,18.6311,0.2017,19.3884,36.6633,166.645,1
72.8278,16.3008,0.1934,53.0262,23.3547,246.8571,1
88.2047,30.1447,0.0588,86.5774,4.1285,237.936,0
27.5225,13.9228,0.2739999999999999,14.1893,10.826,144.68200000000002,0
31.3812,16.2673,0.2134,24.9286,9.9904,164.81599999999997,0
81.9688,24.7704,0.0869,79.8711,2.967,266.017,0
22.1635,14.8168,0.2925,17.3376,67.5832,201.6649,1
31.5647,8.7083,0.3031,-21.4784,30.705,114.334,1
59.6387,11.1521,0.1681,66.6322,36.0506,257.8417,1
93.4633,18.8533,0.2044,-63.7816,16.314,393.805,1
92.2871,39.647,0.1066,38.0785,2.436,393.309,0
8.4802,5.3657,0.3841,-3.5224,6.0744,200.2925,1
13.582,9.9525,0.4311,-4.8815,71.5811,88.0816,1
59.2224,11.9014,0.1283,16.0284,87.7284,230.66,1
105.089,78.0338,0.1645,44.8059,80.2398,391.189,1
16.0412,6.6282,0.3107,11.0145,56.1641,168.8122,1
18.0774,7.3589,0.5043,6.9754,56.6874,162.468,1
18.0868,7.3052,0.499,7.5943,86.01,112.546,1
27.6322,15.5384,0.2048,8.6889,0.4686,203.556,0
26.8603,9.6666,0.348,19.0595,71.4902,135.442,1
45.7859,16.7623,0.1228,31.8625,19.482,141.214,0
29.0213,11.558,0.2146,16.317,9.2572,138.53799999999998,0
21.1064,13.3696,0.2348,-9.5853,67.4128,142.2807,1
20.3254,12.8782,0.2765,12.5931,4.829,241.909,1
24.2132,9.5469,0.3492,10.7815,72.5221,197.481,1
39.1329,36.9935,0.1133,-38.1818,66.2905,240.8362,1
40.9461,31.7927,0.2739,36.0377,1.6992,376.811,1
93.2868,41.7445,0.0479,78.9896,1.5522,275.117,0
90.7035,32.6492,0.0896,75.2937,1.5563,345.29,0
47.8518,9.567,0.1749,20.6754,87.7844,260.09,1
143.726,102.357,0.0437,84.9326,34.63,264.654,1
57.2016,37.1188,0.0803,36.5916,5.4811,105.116,0
11.1239,1.9208,0.5043,-18.618,81.8452,203.6724,1
145.6048,81.255,0.0694,-103.8861,54.4519,326.1046,1
75.0502,21.8345,0.1566,53.0248,1.2422,283.646,0
21.2971,6.9323,0.4008,12.3351,74.355,97.4673,1
13.0046,10.9848,0.4525,6.2012,70.6543,175.459,1
68.7883,20.6824,0.175,44.5411,8.7606,242.73,0
85.8964,14.4244,0.4873,-80.4154,22.4597,322.9645,1
32.0001,11.4658,0.1936,17.6233,15.095999999999998,101.912,1
214.806,43.6493,0.1275,-176.873,52.9093,275.151,1
55.4333,16.1018,0.2019999999999999,35.9742,40.1342,250.7299,1
18.648,10.2825,0.2985,8.9539,49.141000000000005,198.23,1
23.1919,16.9625,0.2071,7.7372,34.6018,236.433,1
72.80199999999999,28.4789,0.1497,53.8979,20.5896,271.6555,1
28.541,9.6103,0.2768,-21.3279,28.3824,149.881,1
32.9368,18.0335,0.1854,25.0526,23.5489,149.56,0
27.7629,4.2455,0.4276,0.5293,60.2751,154.2721,1
161.606,67.1405,0.2159,60.0966,28.3269,235.438,1
34.584,9.025,0.2269,37.6214,75.2666,225.2765,1
28.6404,19.121,0.2078,18.6593,2.5401,145.92700000000002,0
31.4664,8.7537,0.3753,20.6385,75.413,95.6832,1
26.8527,15.1268,0.198,16.3541,18.3145,114.872,0
27.0699,7.2547,0.3493,20.0326,43.2879,212.0619,1
41.7658,13.0274,0.2519,33.9677,8.295,184.046,1
37.7449,22.7229,0.1326,-15.9987,18.879,212.0,0
115.8125,76.4158,0.0523,63.6934,4.098,305.6383,1
56.5328,12.3021,0.2191,-35.5005,60.5292,163.5917,1
178.732,95.0808,0.07,-174.66400000000002,10.2226,273.15,1
14.8519,2.0429,0.2904,-7.632999999999999,44.2466,237.998,1
69.6868,32.5131,0.1486,51.743,5.4304,362.994,1
263.914,256.382,0.0326,52.4448,10.312,31.9174,1
184.5624,45.8357,0.1972,-184.0151,31.0807,313.2693,1
23.4077,21.8669,0.2651,17.995,8.293,142.059,1
22.0214,6.5474,0.4429999999999999,-14.1513,47.246,153.197,1
154.1471,79.2754,0.2306,-99.2896,23.681,390.8436,1
58.4337,5.2287,0.1863,-27.9946,41.862,114.123,1
91.9028,84.8221,0.0443,-50.0224,31.0095,261.265,1
66.6113,12.1066,0.174,43.1321,15.731,167.65599999999998,1
29.0922,18.628,0.1438,23.8378,16.05,178.56,0
37.2577,12.0793,0.2037,-17.8545,30.015,61.1727,1
97.4259,56.9767,0.0308,81.796,4.934,201.771,1
32.1521,17.2853,0.2127,-26.2882,13.6027,229.596,0
48.6388,9.0466,0.2432,45.4794,0.204,188.957,1
12.640999999999998,9.2152,0.619,10.0579,31.8219,175.09400000000002,1
54.8481,23.6269,0.115,47.3407,12.3916,251.278,0
53.1004,9.7925,0.1728,45.1434,67.0452,221.1503,1
104.695,40.5938,0.0529,74.1026,2.162,312.684,0
65.9948,33.8832,0.159,-41.7704,40.1133,271.92400000000004,1
17.9664,14.4311,0.3488,15.7688,80.7121,59.8407,1
101.446,58.8768,0.076,-68.0601,24.702,407.441,1
189.784,103.0273,0.0265,-143.8078,80.585,186.977,1
70.0452,18.8976,0.1871,57.768,15.494000000000002,285.176,1
34.8356,16.8011,0.2343,-11.4471,16.375999999999998,176.535,0
20.3139,15.8683,0.2469,17.5083,5.39,182.387,0
25.5881,12.4812,0.2045,15.0187,12.7754,199.2681,0
29.6626,9.2293,0.2921,24.5981,8.1489,83.588,1
30.3343,20.6495,0.16,-16.7559,9.129,112.46,0
42.1812,8.9408,0.1849,-15.2216,26.4708,104.508,1
94.7976,10.0175,0.2968,-39.196,3.343,252.541,1
89.8938,33.6844,0.083,62.9762,5.1881,250.6162,0
12.6838,11.6957,0.3919,9.6501,78.178,154.36700000000002,1
33.3489,15.2643,0.2371,-21.5264,43.507,44.9616,1
64.4081,23.7635,0.1016,41.2256,1.0067,224.491,0
27.5017,8.8141,0.3862,15.4541,55.9138,121.4329,1
35.8907,26.6034,0.1162,27.943,1.943,121.695,0
87.9272,26.3163,0.1983,-21.2736,2.052,355.997,0
30.9994,13.5465,0.2171,24.7028,53.453,71.1621,1
85.9651,59.7824,0.1194,93.5119,17.5239,201.7295,1
152.485,52.4004,0.087,68.5252,80.8293,343.346,1
35.852,22.9063,0.1433,29.1583,17.547,119.842,0
26.4947,9.9971,0.2685,21.2906,36.725,237.488,1
211.8697,57.7383,0.0905,238.321,65.2246,109.4099,1
33.121,15.9278,0.2234,30.9083,25.6036,90.9492,1
85.4772,66.6394,0.1033,-41.5824,22.1821,357.9892,1
24.5047,15.9642,0.3224,19.256,14.3432,66.2908,1
25.5688,19.0735,0.422,25.194000000000003,74.308,316.47,1
126.2551,65.3239,0.0825,-64.1497,81.5658,231.8873,1
97.2927,25.5448,0.0812,81.0806,9.6868,264.772,0
37.4215,12.4882,0.2567,20.7569,21.0904,173.97,1
30.8617,11.693,0.3069,27.9333,3.253,222.555,1
24.9339,13.984000000000002,0.204,16.6398,55.496,167.37,1
26.6759,8.0837,0.4168,23.8389,4.3881,140.235,1
25.3524,16.9733,0.1949,15.4934,11.066,192.401,0
174.7357,33.295,0.2257,-173.9663,32.8116,351.4009,1
43.9963,28.965,0.1163,25.3424,19.6508,170.22099999999998,0
21.3638,7.0174,0.3455,-6.1481,17.5411,82.2575,1
29.3302,12.9857,0.2304,-24.3176,72.755,122.374,1
35.4643,19.9744,0.2023,18.8005,20.5649,151.71,0
22.9072,12.7121,0.2406,9.6974,9.7478,50.9291,1
31.2934,8.1559,0.3076,27.4488,85.5028,34.9621,1
21.945,12.6578,0.281,-11.4212,59.558,105.966,1
110.097,27.4314,0.1304,113.708,5.346,257.735,0
21.0071,14.9404,0.2509,-6.3112,29.349,190.163,1
73.6638,28.3311,0.2059,52.1399,0.8240000000000001,30.053,1
40.9815,19.9359,0.1338,-28.5992,10.7449,247.604,0
58.3845,22.0406,0.1237,63.6753,8.6072,254.775,0
26.497,23.1468,0.1427,-13.42,34.7446,53.8351,1
77.6807,14.5039,0.2004,-61.3413,55.3942,151.1132,1
168.0618,121.8159,0.1191,-165.1215,32.3567,210.8559,1
54.2122,14.3806,0.2239,-37.021,28.641,110.78,1
70.441,33.5083,0.1663,52.4865,27.2726,237.014,1
37.7252,23.8649,0.1537,32.3372,4.0561,157.084,0
24.6827,7.1835,0.4341,19.1735,79.778,224.341,1
27.3045,17.2843,0.185,5.4327,76.8949,246.0027,1
23.8277,11.8989,0.2891,11.5776,35.3166,152.072,1
26.6863,11.3072,0.248,-29.7103,19.2642,193.1092,0
12.6396,11.7764,0.3778,-9.0584,61.162,140.64700000000002,1
104.2599,22.3,0.0941,-52.5945,56.1388,115.1904,1
55.9614,15.7893,0.2109,35.1794,17.8245,247.9746,1
33.9844,5.0908,0.3442,17.0061,46.603,185.645,1
46.5687,21.4002,0.1613,40.9032,3.678,185.554,0
31.4736,9.9279,0.3106,-6.4232,88.8524,222.5253,1
26.782,6.9718,0.3719,-15.2322,11.394,152.013,1
82.1792,21.0508,0.0945,79.006,3.333,241.222,0
170.766,126.793,0.1092,150.115,76.5015,185.976,1
28.1121,17.989,0.2297,-22.5277,56.0863,113.442,1
13.3184,9.929,0.5078,7.8602,42.856,70.596,1
164.7605,47.2287,0.2438,-189.448,13.5531,338.1177,1
23.9037,10.1626,0.2727,13.6213,66.9864,154.8975,1
32.0949,13.4114,0.237,17.3007,14.233,197.379,1
19.2295,17.0522,0.3291,12.6475,78.673,59.3604,1
45.5619,15.7514,0.3926,50.1248,8.9835,204.068,1
32.7643,20.1371,0.1476,-30.0399,6.2504,228.147,0
29.8023,6.9143,0.3355,-14.041,18.3516,122.0615,1
152.756,21.5442,0.2795,85.0392,32.8927,342.0483,1
75.8507,19.2153,0.2346,-45.4391,15.3192,255.374,1
24.4766,10.2554,0.2961,-18.3492,73.9672,146.967,1
92.7187,21.9532,0.1396,90.659,49.68899999999999,41.6894,1
17.9622,10.579,0.3258,8.2386,68.6452,62.7278,1
42.1522,24.1409,0.1037,-17.5803,21.355,156.687,0
27.0054,14.7283,0.2599,23.0522,8.7144,234.394,1
16.5548,11.2689,0.3814,-4.3425,14.44,162.27100000000002,1
31.7528,8.9225,0.2895,23.8877,85.9966,136.496,1
49.7636,28.4542,0.0996,38.4275,3.2719,120.551,0
19.2002,12.8107,0.286,-13.9132,8.542,172.938,0
79.4369,16.6114,0.2105,29.9081,2.8484,290.619,0
91.4561,16.907,0.099,56.5931,32.984,114.641,1
52.8226,8.5884,0.2272,17.0861,50.6085,31.0405,1
38.6811,19.8032,0.1346,20.0996,13.3421,233.669,0
25.9211,15.8385,0.2289,24.2508,2.66,183.15,0
206.199,126.838,0.0832,92.6391,35.232,218.962,1
87.6315,22.9145,0.1623,45.775,2.4188,321.79,0
227.085,82.2788,0.0664,-101.412,47.572,156.77200000000002,1
84.9631,27.0242,0.1347,51.0246,1.346,263.646,0
53.4875,14.8568,0.3086,45.3547,4.8069,305.9936,1
252.659,119.301,0.0567,130.435,58.974,178.389,1
37.149,15.6313,0.3135,-28.8526,13.729,159.411,1
108.5198,44.477,0.157,72.0308,25.0553,262.2081,1
28.0059,16.8032,0.2217,20.9818,16.694000000000003,218.134,1
28.043000000000003,15.4297,0.2244,22.7079,2.826,164.06599999999997,0
31.3874,10.1213,0.255,10.7738,53.3396,37.0972,1
84.9403,33.2071,0.0673,74.3871,4.5847,172.097,0
44.9628,14.8971,0.1627,-30.5689,7.5196,193.503,0
127.332,33.2566,0.1571,134.86700000000002,82.0656,80.414,1
31.1871,16.2535,0.2964,18.777,3.3099,152.94299999999998,0
18.8573,11.9122,0.3779,-8.0744,88.8278,111.74,1
71.8872,31.5961,0.11,40.7022,3.2110000000000003,255.282,0
101.6956,25.5144,0.2357,81.2832,32.0656,331.106,1
52.2833,22.7504,0.109,42.9534,6.254,263.367,0
23.7741,17.3609,0.3064,21.2657,65.112,221.381,1
47.7858,23.6861,0.1016,29.8589,3.2554,191.222,0
67.7017,22.1684,0.0806,-22.7384,1.7861,221.202,0
45.989,11.4069,0.2077,33.2423,24.65,67.2814,1
106.1214,28.4646,0.0895,81.645,5.0586,238.9397,0
32.524,15.7051,0.1866,16.3502,17.709,196.225,0
113.846,62.3167,0.1378,-104.47,46.63399999999999,345.811,1
34.9412,24.3793,0.1261,-23.1328,5.6692,134.92600000000002,0
33.1799,24.9684,0.1328,-28.6791,68.2681,50.8242,1
27.2564,18.7721,0.1766,14.8929,1.7427,221.25,0
56.2949,26.5441,0.1097,62.275,39.9409,120.105,1
86.0486,21.8287,0.1662,57.8212,2.005,302.553,0
32.853,19.9412,0.1645,18.1999,8.724,174.955,0
48.3215,6.8523,0.2606,27.5251,56.2381,185.012,1
21.4458,17.2918,0.287,15.1165,34.2026,232.04,1
20.6865,15.2789,0.1689,16.4699,10.1903,191.3144,0
45.8074,14.7753,0.1897,-28.9652,58.99,172.172,1
35.8039,15.6036,0.2377,28.0062,22.478,178.46900000000002,1
83.6871,17.2672,0.2553,-48.3792,26.492,286.746,1
23.85,12.2419,0.2977,21.224,4.2010000000000005,206.834,1
71.0768,22.736,0.0987,56.5905,5.2124,279.661,0
73.2648,27.0787,0.0897,67.9722,6.2195,285.997,0
21.6155,6.8719,0.3882,11.0487,32.8759,248.647,1
33.5123,15.0057,0.3104,27.5196,6.8985,199.944,1
103.894,48.5205,0.0985,-82.5931,70.82600000000001,425.028,1
62.159,26.5286,0.0899,52.263000000000005,14.3969,276.898,0
22.6904,12.8613,0.3289,13.3931,69.7558,231.041,1
53.9881,17.590999999999998,0.1344,19.1993,5.2981,237.018,0
119.2612,88.7506,0.0393,89.044,25.7092,336.6687,1
13.1283,10.5093,0.4866,-5.1053,43.916,122.292,1
28.9288,8.3747,0.3121,-17.2929,20.6729,174.312,1
31.034,12.874,0.2196,24.718000000000004,6.308,160.135,0
44.8213,12.0853,0.1696,-24.7591,68.7949,218.011,1
16.9089,11.1597,0.3342,7.952999999999999,26.26,139.873,1
23.315,0.0,0.3944,0.0,22.0884,196.27,1
27.1001,10.6195,0.2771,20.4881,34.541,219.501,1
44.7953,8.6945,0.2184,13.3177,86.5766,109.52,1
86.7913,29.3805,0.1642,43.5311,2.2840000000000003,375.966,0
67.7065,19.3835,0.2923,-51.6782,51.748000000000005,322.295,1
20.2832,11.8635,0.3538,18.7698,8.7688,226.524,1
32.7426,11.4639,0.2018,21.0286,72.4517,249.845,1
35.3705,15.0417,0.1685,18.3136,9.3046,150.686,0
255.749,83.1878,0.038,-157.16299999999998,76.7151,276.245,1
44.3624,20.855,0.1763,-37.97,34.3207,55.4034,1
130.308,13.303,0.1812,116.05,49.75899999999999,173.55200000000002,1
87.3506,17.2324,0.15,71.5371,0.156,256.415,0
22.3664,12.5096,0.3106,-14.1777,30.245,237.689,1
19.1519,12.6686,0.2843,10.1035,42.99,228.885,1
18.5143,15.655,0.3002,-16.6093,86.0763,211.161,1
46.9829,20.9474,0.1731,48.6343,30.186,117.287,1
13.1598,10.4453,0.4874,5.6563,34.5856,179.09599999999998,1
80.3238,51.6383,0.0473,62.0533,4.63,96.2282,1
27.0182,11.3381,0.2349,12.4563,30.222,51.245,1
18.1135,16.5305,0.389,-23.9394,81.4983,207.6501,1
29.3874,17.8245,0.2018,28.9954,10.789,109.694,0
25.7967,9.4117,0.3083,11.0684,44.734,205.278,1
52.742,17.7563,0.1452,14.2482,73.7897,220.2512,1
38.8801,17.8171,0.2121,26.6232,71.6297,134.35,1
50.0449,32.9152,0.1056,-37.444,69.094,94.9161,1
28.2788,13.7217,0.2809,22.8593,20.694000000000003,145.391,1
33.6992,20.6143,0.152,-24.4158,22.229,220.931,1
52.1824,27.073,0.3103,-21.1188,81.8003,495.561,1
68.0121,27.6698,0.1576,44.4184,3.9746,313.967,0
71.6766,36.6477,0.1019,65.881,9.612,328.60400000000004,1
20.8872,11.9209,0.2867,-12.1762,10.3786,160.838,0
111.605,32.5335,0.2313,-134.082,31.666,185.532,1
189.27,72.6158,0.0827,-102.769,60.9866,221.03,1
49.9404,34.5562,0.1445,50.7718,33.2229,231.8664,1
43.7724,20.353,0.141,38.4208,16.25,273.837,1
48.6979,25.7886,0.1168,-30.9838,69.0297,146.101,1
54.4781,24.9691,0.1437,47.8696,1.3186,246.013,0
42.1097,10.8762,0.1462,-30.4049,75.6662,114.0652,1
22.1208,10.4853,0.3302,19.2172,63.6052,159.27200000000002,1
11.9346,4.6845,0.3354,-0.5135,61.0924,56.1688,1
24.2748,17.6052,0.2064,-18.5344,9.6844,210.067,0
29.7142,18.3829,0.1665,14.9118,67.617,179.25,1
49.6905,9.6084,0.1837,31.5101,1.7605,104.8364,1
105.5069,16.504,0.1202,-52.7838,64.6235,169.7756,1
21.3521,16.4104,0.2139,-13.1007,2.9330000000000003,133.72,0
27.915,7.0212,0.3174,-15.1566,49.587,84.98299999999999,1
37.7096,19.299,0.1311,-29.6006,4.2358,237.302,0
25.1525,19.4973,0.2088,8.0538,85.32799999999999,156.844,1
46.6994,18.6041,0.1314,7.0832,5.0738,197.672,0
43.6825,15.1093,0.1562,34.3084,30.172,144.249,1
66.2184,10.8047,0.2448,-39.9141,8.48,188.576,1
83.2633,13.5806,0.1219,50.779,11.772,280.581,1
76.9668,21.0539,0.0904,71.1197,2.2043,200.034,0
26.0564,17.3963,0.2593,14.4535,62.601000000000006,122.55,1
41.8047,19.8119,0.1709,30.2703,3.29,266.947,0
20.1179,7.2985,0.3942,-9.6912,74.51100000000001,179.27599999999998,1
51.583,10.7969,0.2733,-30.128,15.0428,269.481,1
27.766,6.9094,0.2981,11.2292,36.383,253.108,1
85.2615,38.934,0.1088,-63.2463,32.8587,393.6885,1
87.478,25.3397,0.1047,41.6994,1.993,263.913,0
195.0339,120.6847,0.0636,86.7975,83.2553,170.6093,1
86.691,28.4975,0.1344,67.1927,3.886,274.98,0
71.554,24.851,0.1357,54.2777,59.965,50.8815,1
22.6971,9.2923,0.3543,24.0526,78.5135,163.2642,1
221.538,56.9025,0.0778,-279.35200000000003,14.1535,309.58,1
70.1992,14.5718,0.1573,51.5888,53.881,57.1306,1
140.6142,104.4255,0.039,59.7584,85.1154,295.2699,1
13.9216,11.2749,0.2436,-12.4654,54.0046,245.3768,1
26.3889,12.5779,0.2919,1.7325,57.7917,166.8573,1
71.467,23.6412,0.0941,-54.9547,89.3981,274.4902,1
42.2578,14.7049,0.1335,-36.6204,15.9862,163.5211,0
85.2436,11.4431,0.3046,86.6038,55.007,114.203,1
47.027,17.9904,0.1771,-19.5435,0.5398,196.901,0
21.3634,12.7614,0.2967,17.2963,18.1,200.566,1
22.2454,12.4406,0.2981,11.7127,47.5827,226.528,1
138.8453,101.6172,0.1083,67.0812,64.0622,382.3652,1
120.706,41.5505,0.0532,106.1672,48.7276,179.7492,1
33.343,8.3643,0.2687,10.0291,61.489,210.061,1
286.427,161.099,0.0722,-136.44299999999998,87.6742,264.825,1
76.0056,8.8529,0.2656,-50.8936,55.029,154.204,1
185.011,102.984,0.0278,-137.88,64.209,283.37,1
39.0778,11.1994,0.1783,10.8494,11.3232,198.609,1
36.1482,13.3309,0.1959,15.4709,17.980999999999998,148.139,0
63.0614,33.1903,0.0846,24.0348,45.916,274.406,1
43.48,8.6907,0.2117,-22.1743,1.7009999999999998,180.013,0
55.8382,27.6972,0.0771,36.6586,9.528,218.432,0
37.2474,19.6301,0.1499,-27.4403,13.753,117.412,0
12.9903,10.5886,0.5017,2.4639,28.5228,251.295,1
85.7372,18.5762,0.1634,39.184,20.6114,286.3504,1
65.6069,33.6033,0.073,43.5019,0.7567,246.341,0
26.074,10.1859,0.2295,-19.2808,2.4234,175.312,0
29.4527,8.7375,0.3446,23.8253,64.6328,142.235,1
26.4332,15.5201,0.3271,-8.1889,5.3365,147.446,1
41.6022,10.724,0.2108,-25.0371,85.1877,188.99400000000003,1
126.309,80.6363,0.0783,-135.2015,23.1322,369.8579,1
60.654,16.7887,0.1421,28.9192,53.6138,177.8056,1
21.8049,9.0505,0.3441,-16.0107,60.775,58.9665,1
136.416,88.1951,0.0189,125.687,78.348,196.897,1
19.4586,18.1662,0.2965,-10.5111,75.4267,43.4756,1
92.5638,28.5483,0.1182,64.8572,2.8680000000000003,310.103,0
40.5407,24.3492,0.1014,18.924,1.3003,157.019,0
74.3456,37.459,0.0801,83.1157,31.553,211.97,1
68.70100000000001,26.7423,0.0702,57.4395,6.285,201.83900000000003,0
27.1569,17.6983,0.2079,12.4993,2.1915,204.851,0
26.5324,15.6665,0.1886,15.2386,15.9742,162.96,0
65.9633,32.5027,0.1637,42.9172,39.104,282.765,1
57.9816,28.8317,0.1334,-32.9045,9.023,270.844,0
212.597,108.123,0.1105,-246.396,2.4385,272.128,1
25.3001,16.9477,0.1948,-13.0351,25.0526,95.3938,0
21.2683,11.3159,0.3012,19.3864,39.8,128.224,1
120.776,90.0659,0.0277,84.9067,24.028,235.673,1
12.4553,12.0213,0.3493,-7.1871,1.7809,242.263,1
13.1261,10.6377,0.4725,3.6146,66.85,189.665,1
25.7552,23.1352,0.1867,-11.8352,82.6024,70.0088,1
129.49200000000002,38.0251,0.1121,108.032,36.8162,267.675,1
98.1404,70.1961,0.0753,65.8481,39.2697,180.4646,1
49.5794,15.9478,0.1172,-20.6619,3.751,212.226,0
71.0454,31.5358,0.1017,70.4096,4.348,264.35400000000004,0
24.5151,0.0061,0.3505,9.5525,51.3098,166.428,1
27.6075,26.4077,0.1429,20.4556,31.557,72.3307,0
42.4352,17.724,0.1558,-26.6386,32.1443,222.614,1
20.7669,8.8377,0.3646,-11.0169,55.07,93.5079,1
39.8317,10.6187,0.2042,-9.1263,76.8001,175.7894,1
31.8517,9.894,0.2394,24.706,9.621,202.829,1
29.579,16.0638,0.3144,4.4021,62.0819,33.2864,1
29.6989,10.8918,0.2925,14.8697,88.1524,225.8803,1
51.5363,14.1394,0.2159,42.3068,11.399,277.005,1
101.792,19.2901,0.1856,-55.9212,20.49,347.321,1
20.7636,16.296,0.2381,14.4432,54.781000000000006,48.6631,1
72.3238,30.9529,0.0857,46.0447,10.7066,221.358,0
72.4802,30.4155,0.0716,79.7748,1.3082,241.578,0
45.0159,20.7843,0.1311,-15.5396,10.558,158.989,0
78.5963,25.2864,0.0792,67.1823,2.858,236.774,0
27.4977,18.0857,0.1658,-20.8497,76.155,42.2426,1
42.1261,19.3337,0.1656,-36.0252,2.1978,39.2314,1
59.1067,29.7666,0.0702,-36.7233,60.4798,241.4978,1
56.0543,21.6876,0.1134,49.8029,6.696000000000001,237.104,0
35.315,16.4057,0.1799,29.9203,5.231,151.136,0
63.2206,13.9444,0.1183,28.2917,22.1223,67.8807,1
41.9622,13.5936,0.1644,21.1732,10.3535,218.411,0
197.9408,57.4915,0.0788,195.7525,37.7404,55.7734,1
77.8915,20.9698,0.078,66.5833,2.1148,268.769,0
13.0265,11.1821,0.3872,3.7922,14.6389,153.748,1
200.9052,29.3163,0.1994,222.417,41.6755,167.1401,1
23.6577,9.8458,0.3,16.0048,26.831,126.2,1
22.706,10.3376,0.2931,-15.9242,13.228,238.17,1
87.9401,12.7271,0.1589,81.0619,50.1146,104.1828,1
103.8466,27.2251,0.1054,80.2072,1.1645,212.2325,0
49.8986,12.6365,0.1626,17.2189,35.934,204.903,1
103.1844,57.2482,0.0461,100.4328,41.5666,222.7026,1
26.3948,12.0903,0.2617,-19.0876,59.3855,122.631,1
59.6541,41.7831,0.0804,-57.1406,0.3034,132.6,1
25.2153,9.9909,0.471,2.8442,40.539,52.7636,1
17.5956,7.985,0.4372,-4.109,51.0098,157.6554,1
27.7915,24.8076,0.1583,-1.9937,24.7819,195.3719,1
20.7751,10.7539,0.3083,17.7862,28.623,150.189,1
31.0818,14.1038,0.2028,-14.6913,14.461,275.572,1
160.688,42.2971,0.0712,172.517,58.138000000000005,111.418,1
44.1108,9.3378,0.1773,27.1127,70.2967,215.239,1
28.1349,11.7475,0.1848,3.2754,19.3435,190.2169,1
138.917,33.8561,0.0815,-101.961,81.4132,230.234,1
35.9852,11.7567,0.1974,-22.0308,60.5251,170.446,1
27.9253,14.7838,0.1855,16.816,11.507,173.85,0
23.4976,23.1396,0.1689,14.2189,68.0392,89.1057,1
55.2057,41.192,0.0602,36.9761,3.44,131.738,0
26.0008,10.4058,0.345,20.0192,54.4165,226.0597,1
198.947,139.436,0.0475,-50.9589,66.528,299.096,1
43.2643,15.9915,0.3552,33.9622,11.33,283.098,1
58.5745,24.7993,0.1461,9.9657,3.3292,212.151,0
27.393,10.5005,0.3162,4.9413,76.4393,162.859,1
83.0728,33.7804,0.1718,-63.6065,0.054,368.97,0
17.8089,10.849,0.2887,-7.7886,73.417,94.9036,1
15.6403,8.525,0.4082,20.9552,62.7557,195.7507,1
22.0114,18.5969,0.2045,14.4986,35.946,51.9799,1
18.9361,6.9726,0.409,15.8158,15.4364,192.8464,1
35.0869,32.378,0.1045,-8.1597,76.074,70.1664,1
28.8731,20.877,0.1548,15.517,22.5725,148.197,0
88.9912,20.9955,0.1848,75.3921,1.121,346.19199999999995,0
26.7641,19.6261,0.1625,14.6437,32.534,121.942,0
21.5607,13.0366,0.3774,-8.0702,7.6756,107.6525,1
40.0416,16.063,0.1722,37.149,4.871,222.026,0
34.7391,18.8565,0.173,33.6467,14.8002,220.645,1
286.3977,157.2832,0.0897,-224.9206,46.2558,154.9772,1
21.5956,16.7994,0.2659,12.0294,52.6428,40.1499,1
36.7473,20.8996,0.1395,25.5135,10.7848,161.616,0
28.8214,20.695,0.1616,21.3601,23.4123,69.8538,0
13.0129,11.142,0.417,-5.8546,56.194,171.345,1
41.9654,13.3986,0.1669999999999999,-9.4224,7.1441,137.34799999999998,0
65.7791,9.548,0.1612,-18.9032,60.2661,90.1873,1
20.4351,10.9445,0.3018,18.168,73.5855,242.834,1
102.852,40.6289,0.0508,85.1624,3.708,245.047,0
69.446,28.4983,0.1653,43.1236,0.2501,321.117,0
60.0412,20.1433,0.1717,-44.8613,0.955,157.747,1
24.8562,10.9226,0.2689999999999999,-19.4875,22.9883,146.813,0
36.9314,19.4083,0.1743,21.2651,11.458,166.321,0
21.1549,6.9842,0.3956,-12.1386,48.4901,168.42700000000002,1
80.8877,25.7457,0.0819999999999999,65.22399999999999,10.4609,229.057,0
53.7088,16.6628,0.1668,53.7607,11.677,252.365,1
24.908,20.8785,0.2045,-16.8727,0.8302,254.279,0
28.2691,19.8662,0.2212,12.3808,38.1192,64.8425,1
52.6302,25.7179,0.1429,-68.0658,18.275,201.478,1
31.5154,8.4687,0.3228,15.9017,14.3231,240.2221,1
20.5716,12.8988,0.2326,-7.2786,7.463999999999999,77.9709,0
29.8424,11.0503,0.2834,-16.1008,62.5605,142.3577,1
28.8863,6.8206,0.4416,-17.983,54.9821,121.1793,1
37.0231,11.8232,0.2554,18.4226,7.417999999999999,141.289,1
39.9822,19.5534,0.1342,27.8685,36.4581,209.306,1
182.4738,37.1706,0.1841,172.5351,14.3907,139.6862,1
39.8141,16.125,0.1749,-26.5504,54.262,37.9877,1
36.2882,17.8381,0.1746,28.7377,0.1809,211.378,0
39.3749,19.9326,0.1587,-33.789,3.97,226.6,0
65.7604,24.5299,0.1456,64.8122,4.654,266.438,0
27.1686,10.3316,0.2844,22.8872,26.81,185.796,1
149.174,23.1835,0.0911,64.0779,26.7396,242.437,1
17.1416,10.0195,0.3279999999999999,20.8069,65.0385,118.6953,1
69.3297,23.6987,0.0631,60.9371,56.6926,268.913,1
104.906,85.3367,0.1077,-82.8637,37.382,296.143,1
87.4843,25.5134,0.0939,97.7039,2.72,149.034,0
32.5865,11.3165,0.2412,26.3602,37.384,212.728,1
32.3497,11.2028,0.2971,20.433,81.2924,122.9305,1
15.6776,6.3274,0.3479,10.4643,53.9394,222.1977,1
94.8489,24.7965,0.1531,57.2807,23.194000000000003,335.9071,1
23.1456,10.428,0.3293,-16.8162,60.5205,102.47,1
126.665,50.767,0.0766,-59.6968,14.227,296.466,1
24.9954,12.8249,0.3414,21.7122,78.2165,130.3076,1
21.2218,11.575,0.3297,15.3188,71.033,163.26,1
83.9488,44.9876,0.1676,-47.0178,8.252,305.97,1
22.3788,12.8508,0.3776,-17.0019,10.7186,65.7385,1
12.8789,7.2531,0.3718,11.3654,78.0805,233.6816,1
38.5934,23.4096,0.138,-24.1166,26.9788,73.3844,1
176.8345,78.3927,0.0277,-142.7733,70.5173,189.4295,1
24.2738,10.2544,0.3591,20.6702,84.759,227.16,1
140.578,33.8769,0.1106,113.486,87.3467,113.653,1
73.7512,28.5164,0.1001,60.4878,6.3353,259.303,0
92.2797,19.7173,0.2186,85.7441,50.299,310.806,1
18.1863,10.1711,0.4494,14.6129,0.4967,231.701,1
242.8317,50.7863,0.0654,171.5541,48.4566,132.5392,1
31.8879,16.651,0.1587,17.5417,31.3209,68.3407,1
16.7566,11.3063,0.355,0.1543,48.504,117.636,1
22.0159,15.7602,0.2104,-8.201,55.1338,229.633,1
13.1462,10.9455,0.4039,3.2397,55.1153,240.779,1
27.2062,6.8678,0.3196,18.6673,16.4803,216.58900000000003,1
62.207,16.278,0.2458,34.9393,4.6144,81.7089,1
47.5439,16.8095,0.1275,-34.8426,1.7990000000000002,222.749,0
22.7327,9.3162,0.3639,18.7337,36.461,204.182,1
26.2424,16.9167,0.2266,16.1582,7.942,181.546,0
48.5075,34.0415,0.163,-44.8226,85.6365,134.393,1
142.74,92.8384,0.0527,-78.1944,51.7033,367.575,1
39.3999,7.8633,0.2875,25.3928,87.4789,91.0664,1
75.6751,21.5095,0.1772,40.895,6.69,339.35900000000004,0
26.8174,21.0559,0.2051,24.1857,88.2338,106.427,1
31.5068,20.8053,0.1656,-18.7156,7.6688,120.824,0
121.318,79.1487,0.1025,83.9258,22.472,233.801,1
27.7821,21.1262,0.1692,15.4304,67.1879,141.5462,1
187.8498,70.6816,0.1119999999999999,-191.2433,48.6958,307.6267,1
40.6097,20.5874,0.1219,16.0028,0.774,233.346,0
18.4914,9.7635,0.3734,7.652,33.8161,188.867,1
23.4195,15.4552,0.3256,-17.3484,83.1994,21.972,1
60.6589,24.007,0.1316,-56.8415,68.547,74.1597,1
47.0773,12.5447,0.1589,-12.4242,26.9054,221.7892,1
65.4139,23.578000000000003,0.1961,-64.5557,8.72,168.322,1
27.0017,18.6292,0.1899,13.4257,80.473,65.16,1
32.8823,20.8996,0.1803,7.064,9.7115,207.967,0
15.8992,9.9494,0.2889,0.0313,16.2751,229.8505,1
18.2935,14.4717,0.3369,7.4088,58.0392,254.1091,1
13.1046,10.7367,0.4644,2.7674,39.533,184.419,1
24.4126,11.7612,0.27,13.2079,53.7096,180.677,1
84.5164,44.6698,0.0771,-64.6248,86.499,286.411,1
22.9856,15.0295,0.2556,-22.28,63.1867,222.9236,1
36.5105,16.9973,0.154,10.3356,25.1167,184.727,1
30.2057,11.0073,0.3453,27.9534,66.6421,229.763,1
13.2215,9.8806,0.5262,-8.2297,68.3213,164.00099999999998,1
44.4845,13.9986,0.1964,26.1503,78.462,203.951,1
73.7395,26.2305,0.1329,60.4879,9.2393,276.603,0
32.9345,13.6783,0.2871,31.4262,9.6233,182.668,1
28.8017,15.3571,0.2311,-13.3506,52.0461,216.466,1
68.8179,24.1383,0.1027,-34.3792,3.446,250.754,0
28.6457,7.3906,0.3789,-12.0845,1.9798,199.5122,0
130.05100000000002,73.8756,0.1504,-113.387,65.292,203.61900000000003,1
48.9181,27.5344,0.2411,46.7955,76.8882,56.9977,1
31.4336,23.2651,0.1717,19.8518,79.959,23.2363,1
36.4288,32.6215,0.109,23.0286,43.6107,102.899,1
52.3327,24.5651,0.2379,-64.6192,86.4925,191.2506,1
180.692,56.3602,0.0244,-108.561,89.9798,231.756,1
26.3904,7.0619,0.3819,-15.4233,9.8612,257.509,1
58.505,9.8665,0.1394,44.1789,10.3211,213.331,1
50.2046,5.2882,0.2302,14.9702,32.6903,243.5618,1
22.182,8.6884,0.3048,1.1238,23.8544,188.1051,1
45.7594,31.4493,0.0854,-31.0978,36.1302,142.638,1
73.7609,26.38,0.0742,40.1285,1.574,245.454,0
19.3139,12.2773,0.3344,16.1281,63.5259,222.127,1
19.2323,0.206,0.5305,19.4161,15.844,196.1829,1
63.1931,20.5842,0.0805,19.689,0.431,228.735,0
21.0425,11.7618,0.2847,8.5343,15.654000000000002,212.424,1
213.6676,42.1084,0.0838,-128.9566,15.1733,158.9085,1
12.9053,11.1999,0.4422,7.9081,47.135,126.963,1
41.6722,15.7646,0.2463,22.8555,75.4234,172.1233,1
89.2796,21.5342,0.1621,48.891000000000005,28.071,343.286,1
16.4733,11.3066,0.3549,7.2908,67.376,65.9992,1
69.6542,62.8887,0.1697,63.1938,64.605,401.807,1
62.1402,18.8759,0.2,44.595,8.203,328.44199999999995,1
157.02,72.7715,0.1708,-143.406,39.299,319.672,1
33.9555,15.9653,0.2797,16.5913,10.032,181.455,1
45.71,19.8224,0.1311,18.1879,4.655,221.253,0
26.694000000000003,9.5367,0.3885,20.5388,84.8213,28.173,1
92.8988,49.0521,0.0948,-56.9212,3.3724,379.671,1
40.2116,12.0067,0.259,32.4196,17.833,151.761,1
72.0438,17.4318,0.1088,60.8466,8.347999999999999,275.858,0
79.1694,31.7527,0.0997,-73.8495,63.8785,144.9938,1
35.8244,12.9203,0.2859,-15.3436,83.5162,220.13,1
59.8603,21.2562,0.106,51.307,0.1363,194.283,0
40.5572,22.2356,0.1482,29.7079,38.579,75.4929,1
61.2534,32.7662,0.2449,22.6197,35.9098,313.196,1
86.0363,51.4365,0.1476,-33.6731,43.822,250.653,1
129.482,77.0001,0.0267,114.169,49.472,176.37599999999998,1
58.2087,20.5589,0.1726,45.1295,2.861,273.628,0
70.7565,39.4608,0.0895,43.7692,7.797000000000001,287.001,0
183.006,67.1351,0.0456,111.716,14.6853,184.562,1
71.3341,22.0743,0.1116,-59.6576,57.6328,153.9082,1
44.9617,29.0237,0.1098,35.5255,60.1912,106.293,1
77.2639,27.1661,0.0953,65.9249,6.142,312.559,0
21.3784,12.8035,0.2208,6.6136,31.0226,187.951,1
32.2731,12.8275,0.213,-15.3179,14.4105,215.423,0
88.3871,21.003,0.1407,73.1872,1.8504,282.056,0
30.4575,19.135,0.2977,37.617,3.2816,129.4045,1
15.8819,14.8484,0.3451,15.9446,58.0306,82.9538,1
22.3229,15.7495,0.2528,-2.887,59.8118,259.407,1
23.7482,18.1092,0.1681,19.3269,72.7475,122.9703,1
27.8207,12.9459,0.246,-19.9657,22.8802,126.28,0
23.0075,12.2089,0.2635,-18.178,37.7458,140.8033,1
184.9312,98.5127,0.0813,118.9162,77.3193,315.2911,1
84.1495,15.470999999999998,0.1379,69.7426,0.4443,251.504,0
41.188,8.7842,0.3191,30.7532,15.6484,200.298,1
33.353,15.1927,0.1949,16.1896,23.7489,205.323,1
28.8208,23.9784,0.1918,15.8754,16.6,195.314,1
21.55,6.0508,0.5474,18.2119,44.943000000000005,144.571,1
45.6671,21.0998,0.0942,22.8327,3.197,133.452,0
87.5724,30.8293,0.0783,87.43799999999999,5.917000000000001,246.523,0
26.0078,7.2405,0.3247,-4.6882,22.151,217.199,1
27.5268,27.0289,0.1359,-3.1041,9.997,62.5272,0
38.5396,30.0414,0.1246,32.457,0.0345,67.9435,0
18.2742,16.9276,0.2619,-17.8521,82.5247,138.811,1
19.9217,7.2895,0.4007,-10.5086,29.921,127.18,1
23.3631,10.5873,0.361,18.8817,3.5191,216.965,1
35.3463,17.0601,0.184,10.4458,7.6086,216.975,0
89.8999,28.158,0.1134,-7.2309,0.128,362.793,0
45.6761,25.8262,0.1124,39.707,9.1708,102.7,0
41.4478,29.1897,0.0862,-16.3166,7.4614,217.693,0
117.515,46.7544,0.0751,-110.539,40.92,173.59900000000002,1
63.4427,48.4232,0.1285,47.6716,62.084,275.53,1
18.5949,10.0448,0.3201,22.3744,58.2024,192.1491,1
105.0299,34.6312,0.1211,-39.862,18.5288,363.2486,1
35.5217,16.5461,0.2236,-16.7064,11.586,213.452,0
133.10299999999998,87.8861,0.0289999999999999,108.53,8.6871,174.87099999999998,1
24.9086,17.4315,0.2229,-2.3838,37.114,204.794,1
102.225,40.6197,0.0732,-63.793,71.384,281.195,1
50.0306,21.527,0.3137,47.5023,11.877,277.506,1
12.8427,11.3821,0.4232,8.5891,82.4198,183.979,1
27.4634,6.955,0.3344,-11.7199,8.5588,169.08700000000002,0
62.3448,32.0626,0.0815,63.985,7.61,176.991,0
18.8526,8.564,0.3311,-18.5124,83.5139,247.5938,1
26.2027,7.1995,0.3201,-12.3954,80.0288,173.5,1
104.557,56.7628,0.1529,-92.0735,5.689,299.67,1
32.3989,16.4734,0.2566,30.3294,7.352,190.318,1
135.4783,16.6427,0.2695,-106.6342,75.6578,138.554,1
68.4655,22.3665,0.1438,-55.3082,84.7105,211.578,1
40.1618,27.4754,0.1271,40.7144,43.788,60.336000000000006,1
42.6599,16.9325,0.131,35.7591,9.0373,237.338,0
19.3604,1.769,0.3979,-13.2335,11.3138,172.7761,1
12.7235,11.6292,0.3983,-9.407,20.956,152.285,1
50.6529,10.7307,0.143,-14.3788,71.4379,190.3706,1
24.7406,7.0634,0.4379999999999999,14.8191,4.672,169.892,1
29.5468,9.166,0.2551,-18.1544,8.4488,208.981,0
17.5993,10.9228,0.3174,-6.4173,76.1895,229.774,1
27.7451,6.9264,0.3066,-15.3031,18.4147,176.274,1
184.585,124.715,0.0637,-181.21,87.365,210.34,1
42.9795,15.9668,0.1363,29.9491,10.603,185.708,0
12.7848,11.5692,0.3837,-7.0807,86.4459,205.549,1
23.2114,18.431,0.2195,22.652,2.8462,51.4993,0
35.3734,18.3628,0.1425,25.8782,41.747,139.644,1
88.7452,29.7188,0.1104,83.4887,3.4725,288.938,0
75.0593,41.762,0.057,41.8155,51.4228,150.211,1
16.9383,11.2215,0.3445,-5.7428,13.295,214.118,1
26.9679,15.1052,0.2266,-11.6507,33.8143,196.21,1
138.405,35.7701,0.2276,-85.3099,21.341,254.551,1
28.8155,22.3636,0.1437,12.5494,50.306,66.8509,1
54.8335,12.8325,0.1689,25.123,24.614,221.648,1
21.776,12.7202,0.3722,15.5208,22.3655,120.076,1
38.5646,19.5065,0.1377,12.5302,8.2142,199.937,0
65.6318,28.2821,0.2413,26.5785,2.4674,313.433,1
76.5934,21.6881,0.2224,-85.4021,19.152,181.36900000000003,1
36.9247,15.4856,0.182,19.0956,7.671,162.898,0
76.0124,13.3124,0.1361,47.4091,71.108,87.4189,1
68.9546,27.5912,0.11,43.367,7.917999999999999,281.8977,0
46.4638,16.1919,0.2553,28.0624,27.1336,216.433,1
39.1899,16.9555,0.1899,-22.0058,5.222,180.757,0
21.1305,12.5141,0.2534,-12.1122,81.2274,168.833,1
100.9329,17.1969,0.0734,34.2887,88.4878,218.2294,1
31.1572,12.4808,0.2461,20.8568,16.2791,60.7575,1
206.433,69.9945,0.0708,99.3595,61.437,261.51,1
49.1701,25.8629,0.2585,-31.4249,8.474,314.395,1
15.9549,10.1359,0.504,6.9677,3.7232,122.2161,1
45.0948,16.4904,0.1467,13.9027,4.361000000000001,179.202,0
112.173,20.9418,0.1728,105.051,13.0126,281.1,1
55.48,27.1606,0.1225,54.2556,32.222,262.181,1
93.38,31.0536,0.0963,92.3385,5.287999999999999,228.431,0
31.9219,17.0278,0.237,24.5355,0.0524,178.42700000000002,0
21.111,6.3501,0.5238,-17.361,39.389,136.715,1
102.309,37.0624,0.0601,97.4187,2.334,165.201,0
34.664,12.5674,0.2251,28.1683,0.3188,170.33599999999998,0
19.2604,6.9794,0.4334,13.3666,19.662,79.7601,1
85.411,31.5895,0.1707,-68.816,6.244,288.735,1
28.8471,8.0422,0.2799,-16.2881,13.2881,161.918,0
29.1755,23.2356,0.1745,16.8998,34.4518,100.674,1
73.882,26.8179,0.0778,51.8924,1.6503,260.79,0
60.2053,31.5846,0.0659,-39.5387,59.3859,146.928,1
18.6618,9.9741,0.3707,12.4181,45.7173,145.127,1
99.7874,40.143,0.0461,88.835,0.2545,299.367,0
20.641,11.6441,0.3055,5.9444,59.013000000000005,65.5167,1
49.2668,21.7636,0.1529,44.8508,75.1611,245.03,1
25.9887,0.0,0.4212,-14.2246,15.89,189.793,1
24.9532,22.0362,0.1599,-12.9585,3.4894,54.5603,0
59.2809,40.8788,0.1114,44.0363,43.2454,260.2098,1
128.2407,86.6013,0.0398,-54.005,72.3385,354.4363,1
26.6212,19.2324,0.2459,-12.248,44.407,198.768,1
54.6903,13.3808,0.1691,41.7832,22.307,84.5171,1
26.6552,19.372,0.2013,12.9495,19.8988,203.361,1
113.5527,23.8733,0.1885,85.1413,26.0409,249.3809,1
35.1096,15.7362,0.2249,31.9554,15.31,199.166,1
141.22299999999998,87.5125,0.0206,-121.458,8.992,242.075,1
36.728,11.3341,0.1988,33.2899,47.1913,133.0124,1
19.7233,16.0799,0.2571,17.284000000000002,72.4626,106.234,1
29.0737,11.33,0.2732,23.1537,60.4286,104.3705,1
77.3767,19.1751,0.3464,-30.6467,18.283,154.8265,1
20.3725,7.229,0.3765,10.5563,8.2645,232.581,1
29.1545,19.347,0.1939999999999999,22.4989,23.197,202.71,1
93.7755,25.2669,0.2121,40.2131,3.097,329.22,0
57.5105,19.2637,0.1385,52.2129,3.837,227.06,0
146.654,22.0517,0.0858,134.783,8.201,259.954,1
22.709,0.0043,0.4169,12.5464,37.3872,128.363,1
62.7878,21.5051,0.0857,-48.017,33.393,166.93200000000002,1
20.7517,14.927,0.3881,33.2333,57.1232,205.1802,1
27.3062,10.5344,0.2768,22.586,22.5743,195.661,1
21.268,6.8651,0.4221,-13.5124,12.8928,109.644,1
70.3028,26.3295,0.1033,41.2638,6.0446,222.422,0
23.3974,18.5583,0.1943,-8.6083,78.842,162.60399999999998,1
28.6277,24.2951,0.1395,-17.4477,76.584,89.9856,1
26.4178,16.2443,0.242,-14.7074,52.269,108.745,1
67.7208,28.5338,0.1739,-26.2084,6.4185,276.9277,0
26.974,10.4617,0.2948,19.0586,32.7169,193.05900000000003,1
101.699,43.1748,0.0553,66.8123,0.905,305.866,0
20.8538,12.6652,0.2265,-10.3891,14.2807,171.262,0
79.8937,26.1386,0.1428,56.62,34.986,290.431,1
42.3739,12.7034,0.174,23.1648,7.1396,153.64600000000002,0
86.8172,15.6015,0.1303,-48.4655,72.5286,244.2463,1
86.7215,68.3604,0.0804,-34.4964,5.337999999999999,393.465,1
74.3523,24.1072,0.1713,-65.9507,28.7573,114.9315,1
27.7603,14.3865,0.384,11.5611,71.1574,183.5483,1
58.9852,20.6539,0.0925,38.0697,58.8046,138.7223,1
182.604,71.6365,0.1197,-138.6423,34.0059,214.6293,1
30.9136,13.2071,0.2031,14.6628,11.2674,149.84799999999998,0
24.6784,0.0029,0.3556,-9.7671,52.1801,197.337,1
14.6656,7.9126,0.4984,-16.0882,34.0426,206.1159,1
25.2017,10.3461,0.2902,-18.1472,1.9439,172.782,0
38.6653,19.3423,0.1757,-37.8833,47.4316,145.2052,1
25.0814,17.2814,0.2686,9.6426,16.3615,130.519,0
150.965,45.7136,0.0521,129.254,61.152,189.67,1
73.6129,25.178,0.1015,76.2647,1.141,254.304,0
48.4191,23.3419,0.1785,-15.7444,20.5643,148.2865,1
48.0448,4.6115,0.2213,24.3113,40.7952,166.4561,1
29.0484,13.1506,0.2334,16.9378,0.212,192.271,0
38.4459,11.8371,0.2087,16.3965,77.696,88.1333,1
21.4086,9.9958,0.3342,16.2155,35.187,101.901,1
41.7791,10.5247,0.3087,28.1884,1.8949,204.743,0
12.8319,11.4597,0.4046,-8.0021,75.204,85.0246,1
12.6781,11.7267,0.3763,8.0692,49.7574,96.1815,1
70.9368,64.3401,0.094,60.5988,20.611,310.618,1
188.4315,40.2437,0.0562,-142.1801,49.1373,92.9174,1
98.2181,41.343,0.085,99.4825,62.4958,167.9039,1
72.1161,26.5274,0.0837,71.6665,15.2695,176.899,0
36.7154,4.5711,0.283,0.387,69.8405,142.6569,1
18.0336,9.8941,0.3912,12.6256,15.503,206.028,1
25.3361,12.0096,0.2818,16.7559,56.2,99.1448,1
154.256,75.1346,0.1695,164.812,41.6604,238.692,1
31.1498,12.071,0.2676,-2.4854,5.5107,138.7374,0
28.5749,9.4561,0.3178,-16.6155,51.6158,67.3931,1
25.385,16.9466,0.2134,-16.2494,30.869,145.548,1
34.5402,10.4504,0.2887,-3.2643,12.336,156.209,1
213.304,112.6789,0.0908,-144.2634,25.5932,169.2664,1
19.8813,7.3705,0.4122,7.907,66.271,201.33900000000003,1
24.0336,0.0001,0.4122,-0.0001,47.963,155.2,1
40.948,13.2824,0.2076,-28.9942,4.687,130.097,0
36.0383,14.4691,0.1752,31.4879,4.35,188.978,0
24.0683,22.5327,0.2303,21.5177,54.485,86.2586,1
42.7059,15.6046,0.2339,31.0628,32.549,158.688,1
23.3274,18.6652,0.2819,15.8766,37.3197,64.5903,1
74.7353,16.1675,0.1153,34.1375,27.7082,279.1457,1
33.5888,7.5491,0.2504,18.9164,22.805,101.167,1
43.4976,21.9862,0.1825,45.1022,20.1117,187.785,1
34.2579,19.7557,0.2371,19.1813,73.6632,208.4332,1
20.8531,11.555,0.3271,-9.9218,33.4715,146.912,1
16.8093,16.6981,0.2763,-9.8945,67.2839,86.6666,1
28.1148,17.3168,0.1873,8.3358,10.742,156.387,0
21.8064,6.8105,0.3852,10.374,18.095,188.635,1
127.4199,27.7732,0.1852,-102.7032,19.7812,297.1553,1
45.952,36.6764,0.0975,40.2426,24.992,143.65,1
44.8409,20.9502,0.1696,-38.3082,1.0638,171.685,0
43.4538,17.6541,0.1426,-23.2863,6.2607,184.729,0
138.7458,40.2431,0.0409999999999999,130.857,3.3626,218.1114,1
43.4117,20.8084,0.2589,24.6049,85.8773,122.4367,1
17.3109,11.1244,0.275,-7.7244,89.4859,225.009,1
70.0054,26.4929,0.1594,35.0244,7.789,293.646,0
21.4171,6.9928,0.3548,7.806,82.3203,177.011,1
23.7423,10.2031,0.3268,-18.359,14.9106,171.393,0
18.7746,9.4864,0.4395,14.6623,55.6153,217.883,1
10.1722,8.5135,0.51,8.7851,36.157,98.9462,1
168.6169,95.4345,0.0565,-62.3979,31.7599,185.7593,1
47.3112,16.0674,0.1292,-34.8554,0.069,163.858,0
23.4016,15.5129,0.2306,-11.4363,21.2603,176.81,0
10.8567,10.8014,0.3562,-5.0966,80.3887,148.5263,1
38.9695,17.6501,0.2046,36.5635,15.3354,263.904,1
19.3265,18.1572,0.2893,-14.4351,53.056,129.317,1
28.4085,23.9879,0.2092,20.2606,6.9991,150.776,0
25.5468,9.4973,0.2976,-6.477,63.086000000000006,243.501,1
28.7043,22.2965,0.1401,-14.4249,61.727,148.541,1
22.914,12.8643,0.3223,-16.430999999999997,16.4346,204.995,1
33.6386,6.2984,0.3125,16.6831,3.0282,166.0519,1
23.9415,0.0,0.3627,-7.9387,59.7983,150.306,1
16.9777,11.22,0.3442,-3.5736,65.595,63.9031,1
35.8032,20.2219,0.1737,28.2485,11.539,217.455,0
157.672,58.5786,0.0561,-122.064,26.359,299.256,1
20.2065,9.0614,0.3886,12.9607,33.39,215.372,1
36.9391,19.833,0.1537,28.9002,3.0159,256.056,0
126.029,73.1423,0.0767,44.9656,1.508,189.561,1
41.0314,10.9101,0.1546,30.7706,2.6397,198.018,0
12.9161,11.1984,0.4394,-7.7258,87.3306,165.80900000000003,1
26.2499,14.548,0.2493,18.4927,82.7315,123.013,1
44.8094,25.0454,0.1157,-23.6855,22.0962,216.643,1
24.8854,17.6444,0.1761,11.9344,15.148,192.916,0
12.9801,10.8815,0.4723,6.0371,30.803,78.2618,1
67.0368,29.699,0.0915,58.883,0.1579,128.90200000000002,0
27.3249,18.6382,0.1912,8.242,37.835,165.825,1
20.6484,6.9116,0.4391,14.322,7.414,100.548,1
25.142,16.2245,0.3373,-26.1279,62.969,176.699,1
37.3135,15.1553,0.1409,24.4088,6.6237,151.793,0
83.53399999999999,39.6402,0.1043,95.8359,22.571,160.65200000000002,1
23.6883,6.042999999999999,0.5417,-18.5123,82.5746,198.4,1
25.2488,7.3715,0.3702,33.6767,72.6942,216.252,1
48.6552,10.9235,0.2402,5.1389,32.0377,157.8148,1
85.1967,36.7234,0.0819,58.8622,1.473,330.595,0
111.3867,31.673,0.2631,-76.0236,11.692,343.8999,1
27.5031,4.0154,0.3678,-5.2818,65.6389,193.9021,1
78.7228,16.1085,0.1666,72.2015,1.585,209.641,0
37.374,24.8696,0.1152,19.056,25.394,117.962,0
24.3764,14.584,0.305,-11.7233,5.6969,208.7264,0
60.2584,26.2875,0.2863,-47.9288,7.944,275.464,1
57.682,20.99,0.1096,53.3826,5.272,208.324,0
16.9011,10.5483,0.4228,-5.9124,73.5542,227.385,1
54.8142,22.468000000000004,0.2107,35.0013,3.8937,254.67,0
15.234000000000002,6.3492,0.3889,3.0977,87.2831,246.4653,1
41.408,26.7215,0.1683,18.9059,16.083,164.472,0
12.8457,11.395,0.4189,8.4177,78.0798,164.907,1
20.0044,11.0652,0.45,19.7044,59.473,197.584,1
18.3345,12.8692,0.2849,11.77,40.824,127.44,1
23.0429,18.0175,0.1769,-13.864,0.326,175.71599999999998,0
21.6103,0.0,0.4695,-11.8168,75.1481,188.151,1
16.7272,10.9885,0.6159,19.1379,28.904,177.274,1
20.0262,10.5167,0.3784,-7.1333,15.5349,92.8754,1
14.8167,13.7926,0.2508,-1.9956,47.7889,167.88299999999998,1
99.8472,37.7139,0.1112,67.7417,9.1004,374.651,1
77.939,20.3214,0.0943,56.1539,2.435,243.344,0
102.285,28.5416,0.1494,-85.6091,2.661,373.445,1
39.617,17.3085,0.1529,32.7001,9.772,135.875,0
61.8263,22.7326,0.1335,46.218,44.4242,35.7856,1
48.0175,32.658,0.1122,37.0195,8.7025,127.172,0
24.3954,9.5513,0.3467,-9.8058,70.108,225.579,1
20.338,12.7461,0.2241,4.7392,43.43600000000001,223.037,1
74.9258,21.744,0.1161,64.5847,3.5,241.857,0
74.8745,16.9201,0.1787,52.5547,4.7291,347.18800000000005,1
106.7292,68.2509,0.0884,-76.1413,37.7783,408.4844,1
8.0518,7.6959,0.4281,-4.9496,74.1809,135.6929,1
30.5986,10.799,0.2389,-17.5384,2.5729,184.855,0
60.6909,10.5145,0.1647,21.3956,53.457,194.2611,1
72.0234,19.0296,0.1195,-44.8008,1.133,243.83900000000003,0
34.3719,17.730999999999998,0.1999,-31.589,10.2044,92.1384,1
125.0746,54.1217,0.121,60.373000000000005,17.2241,193.9131,1
18.155,9.9203,0.3667,11.8396,16.0923,187.323,1
74.4856,26.1142,0.1146,70.4962,15.2135,236.683,0
29.8806,16.4314,0.2355,-0.9242,72.641,155.9726,1
158.731,73.6773,0.0436,104.763,13.8859,169.67700000000002,1
24.7655,17.8989,0.1592,-15.7562,5.8870000000000005,173.37599999999998,0
29.161,9.454,0.4561,27.562,48.485,237.486,1
32.8082,10.1034,0.3104,-12.0691,32.3945,91.6486,1
36.2636,17.6444,0.1843,-19.4499,8.7759,170.28099999999998,0
97.794,26.8347,0.077,95.3544,3.2128,256.435,0
24.1656,15.57,0.2443,19.2392,69.3668,49.7173,1
18.3336,7.462999999999999,0.4988,6.0627,13.7506,133.609,1
40.3693,10.5989,0.1819,20.7647,17.8601,156.924,1
136.1294,33.9589,0.1053,-87.9102,4.2428,260.9902,1
26.9095,0.0033,0.4256,19.3913,29.07,160.415,1
21.1155,7.0711,0.364,-9.8554,49.707,167.44299999999998,1
27.5293,12.5033,0.2411,19.8347,60.636,182.86,1
43.2398,16.4744,0.2502,50.0607,81.1298,225.4924,1
66.2295,52.2133,0.0875,89.4804,28.0336,236.05900000000003,1
17.5764,10.8668,0.3085,8.6927,50.6709,116.39,1
22.9883,10.112,0.3384,-19.0424,16.843,113.019,1
19.0819,16.9368,0.2909,-15.9421,13.1186,276.279,1
94.121,17.1116,0.1022,67.6891,3.8489,174.0073,1
32.6727,13.6009,0.195,23.6626,12.193,252.294,1
96.4324,60.1079,0.0715,71.9804,33.8333,182.985,1
175.485,89.1504,0.0762,129.121,79.547,347.389,1
155.0248,47.3178,0.1755,-158.2666,5.5785,353.7976,1
54.9879,12.6037,0.161,43.6136,33.104,238.161,1
48.3309,19.0838,0.1251,35.9409,12.5792,205.407,0
60.1899,20.8679,0.1112,55.9689,0.123,216.447,0
21.4159,12.1067,0.3101,10.7647,12.174,157.28799999999998,1
121.1309,52.1726,0.1582,131.638,15.6468,289.7784,1
35.5728,11.6778,0.2607,-25.8459,3.776,175.84400000000002,0
157.31,32.8992,0.0609,-78.797,34.3119,231.102,1
30.7361,8.2288,0.3527,22.0902,34.689,233.795,1
20.3157,8.0369,0.2898,3.5835,69.2492,136.6671,1
111.3448,22.4878,0.2071,-81.0276,18.4264,290.5854,1
13.1053,10.5762,0.4837,-4.3241,10.380999999999998,183.961,1
60.8079,18.2385,0.1689999999999999,59.0673,2.6888,242.2668,0
43.911,19.6896,0.1568,39.0333,14.874,179.055,0
24.8184,18.6278,0.2173,-23.4197,32.188,104.017,1
26.6026,11.7037,0.3138,21.6709,12.153,211.942,1
31.5356,12.3269,0.1856,10.6413,68.3389,122.715,1
17.3441,9.3037,0.3994,13.3801,17.7168,224.8004,1
76.1681,19.3702,0.1396,60.9361,3.5156,215.196,0
18.7689,7.4119,0.47,-8.1489,39.1057,144.69,1
91.6774,32.7119,0.136,61.0854,3.4717,369.271,0
25.9612,7.8345,0.3436,-16.7128,36.498000000000005,192.789,1
15.2685,3.8124,0.637,7.0555,56.7287,219.8924,1
57.3932,21.2327,0.1467,59.8654,4.7613,110.085,0
17.5144,10.4238,0.3977,3.5747,83.1626,207.849,1
33.376999999999995,8.1712,0.2878,17.8089,40.3223,143.8758,1
75.8766,35.2101,0.094,47.1292,29.2498,220.708,1
35.3852,18.0039,0.1848,26.6055,7.802,157.049,0
23.9911,16.2626,0.2367,14.9584,4.869,156.565,0
30.8287,6.7464,0.3823,28.3289,1.459,190.334,1
27.265,12.7839,0.2946,26.0596,7.9881,148.295,1
80.7382,21.9043,0.0934,82.87200000000001,1.789,251.585,0
45.7772,14.5173,0.1742,44.1062,2.119,218.877,0
115.778,19.7697,0.1119,78.6337,29.9116,260.265,1
141.639,43.1145,0.1972,58.2355,3.2109,299.94,1
44.6944,15.4992,0.2605,-38.1651,36.465,158.8334,1
77.0603,14.9248,0.2566,-39.5128,2.565,288.182,0
24.0671,12.9107,0.3205,15.7777,21.05,202.08,1
90.7546,17.2648,0.2154,62.8513,23.6185,309.433,1
103.684,34.6287,0.1476,-100.563,29.0741,93.5249,1
106.235,19.67,0.0976,53.7852,59.4212,119.347,1
77.9107,28.337,0.1203,66.8088,1.7619999999999998,301.222,0
36.9729,12.0892,0.2099,10.3782,33.9522,93.2058,1
18.444000000000003,17.0927,0.2694,13.9761,53.0365,167.759,1
26.1702,17.3918,0.2145,23.0898,73.17,43.7272,1
37.6609,12.7483,0.2163,28.4349,8.74,161.638,0
25.3811,15.8935,0.2519,-8.6944,37.555,68.2,1
18.5368,8.6372,0.3821,-6.1591,23.7001,231.405,1
29.7368,21.2993,0.2169,-16.8538,43.61600000000001,106.011,1
113.421,32.4801,0.1058,68.1213,0.8370000000000001,268.427,0
46.7488,9.5968,0.2746,40.3481,0.4583,218.909,1
29.3701,20.6975,0.1889,3.1029,35.588,179.4018,1
61.9162,14.3146,0.1444,30.1938,70.6187,223.2091,1
42.045,13.3096,0.1995,28.5821,14.3144,135.996,1
24.7546,11.4566,0.2544,14.9656,20.6302,166.00799999999998,1
58.1256,28.6943,0.0928,50.1519,5.797999999999999,205.607,0
60.8494,14.083,0.2064,58.7475,0.294,167.112,0
162.1211,42.7781,0.1218,-114.016,77.0084,116.691,1
141.9054,70.7036,0.1127,-114.2699,52.8656,85.47399999999999,1
26.5235,16.858,0.2121,-16.1392,61.8555,68.6825,1
220.3177,77.3349,0.0206,165.5819,15.9931,45.4067,1
28.4789,11.7322,0.1949,-18.7255,3.893,137.655,0
20.9445,7.127000000000001,0.3568,-9.5235,53.159,44.6987,1
85.8375,28.1022,0.0583,-36.8489,2.5365,250.302,0
12.7509,11.6175,0.3839,7.677,46.2009,147.754,1
18.5924,6.937,0.4254,12.2213,83.5983,171.524,1
18.6832,10.2709,0.3179,10.1665,66.9307,195.753,1
26.9946,15.3352,0.1936,-18.1199,57.15,172.685,1
18.1344,14.6744,0.3247,16.4175,39.134,150.231,1
31.3318,19.8114,0.2061,22.1769,18.65,77.5384,0
22.0326,9.5821,0.3554,-10.2026,55.545,63.957,1
115.117,21.2907,0.1726,54.405,71.01,95.7596,1
100.185,33.4334,0.0666,93.13,3.049,263.678,0
208.3354,93.3314,0.0434,-281.9541,20.9724,279.2837,1
19.4502,9.1554,0.4302,14.5702,36.3441,182.013,1
186.19,25.8494,0.193,130.86700000000002,3.123,185.776,1
82.711,18.7608,0.1277,28.1258,2.356,234.873,0
69.6056,11.1889,0.1693,46.1947,46.897,153.717,1
48.1866,18.8432,0.1317,3.5532,3.684,210.329,0
112.4543,73.3094,0.1313,-104.6703,52.6677,355.2485,1
30.3767,18.4949,0.2136,27.1651,0.059,267.751,1
27.8755,9.2383,0.3285,-4.7217,10.9159,166.7302,0
25.2588,9.221,0.335,17.4503,16.997,140.759,1
20.1487,7.1297,0.3993,12.614,28.6298,166.60299999999998,1
49.966,15.6007,0.1437,-32.4918,28.521,27.2958,1
20.4089,11.3508,0.3245,19.6055,47.069,275.033,1
21.4317,10.6329,0.3648,19.8107,28.035,152.36700000000002,1
22.6334,10.7394,0.3154,17.7547,5.8519,256.42400000000004,1
39.7253,18.2909,0.243,-19.2068,6.3241,109.0673,1
14.1677,12.2639,0.3861,16.8662,23.0186,221.5359,1
12.8539,11.4698,0.3805,-5.57,81.2444,126.504,1
48.7057,14.4348,0.1614,28.9582,21.1081,221.079,1
30.6,15.0946,0.2079,17.485,1.107,81.3264,0
33.0857,19.4052,0.2226,-14.803,19.2177,256.7284,1
36.544,23.6759,0.1662,17.8686,44.8927,263.7605,1
97.6882,64.7545,0.1487,-78.3471,32.2174,349.7435,1
13.0542,10.9495,0.4449,5.4015,33.5722,97.4161,1
13.0085,10.5592,0.5017,3.6848,31.3229,101.243,1
29.1123,18.0166,0.1657,26.7753,36.953,190.445,1
51.7529,18.8279,0.1205,-41.8864,9.382,229.125,0
10.0244,3.137,0.3659,8.209,59.8434,86.024,1
29.2617,12.7089,0.1994,11.6095,6.879,136.74200000000002,0
15.8465,11.8639,0.3182,-4.6367,48.699,199.131,1
78.5832,31.9728,0.0602,61.1027,6.4886,215.234,0
94.6087,27.5122,0.0651,71.8442,2.314,277.217,0
62.2061,34.732,0.1012,37.3336,29.492,271.638,1
36.3453,11.6641,0.2367,28.9547,58.16,234.293,1
114.324,22.4208,0.1677,117.912,40.2357,250.253,1
16.1962,6.6604,0.4938,3.3712,25.0313,254.9687,1
20.5294,10.1788,0.3649,15.8176,34.677,130.88,1
106.456,83.5168,0.0573,-73.8359,67.316,365.016,1
28.9897,12.2636,0.2801,22.6547,15.3056,236.716,1
46.9295,17.1961,0.1515,-33.7309,8.4913,176.372,0
80.529,55.3783,0.0332,-56.4538,41.8947,40.8251,1
42.8176,17.1172,0.1891,31.5061,1.9292,139.977,0
127.244,27.7107,0.1239,-44.9143,44.96,300.746,1
69.4048,31.3935,0.0923,75.361,1.9954,159.731,0
39.8046,12.7282,0.3164,37.5596,11.243,196.743,1
32.3432,17.8505,0.2188,30.9411,17.4491,83.9524,0
13.3067,10.4802,0.4476,5.0004,29.238000000000003,192.652,1
39.345,23.972,0.1242,-12.2424,3.0825,173.827,0
38.116,26.452,0.1663,31.1554,66.0125,49.022,1
119.371,116.342,0.0157,85.6656,19.9605,242.764,1
26.9196,17.5294,0.1878,18.9954,7.9478,145.846,0
21.3995,7.0036,0.3484,-6.6339,22.623,141.571,1
27.2344,23.7909,0.132,31.0591,35.7024,221.0659,1
114.171,30.6278,0.0836,77.3711,1.219,305.775,0
19.1572,9.8943,0.3258,-10.2547,37.6534,69.6832,1
32.3086,21.2245,0.1215,-14.8047,36.13,154.793,1
32.3071,14.5857,0.2008,30.8019,85.5332,131.4392,1
18.544,10.1643,0.3453,-11.4336,17.2844,166.498,1
140.642,22.8156,0.3403,-69.3793,0.8590000000000001,225.635,1
97.4109,59.8146,0.0664,-46.5256,24.2656,303.2103,1
26.3044,9.7314,0.2697,20.7233,14.677,120.404,1
225.4103,57.4624,0.0424,-150.6701,17.7686,170.6206,1
67.6194,22.0969,0.1011,57.2741,4.4996,238.7,0
151.944,50.3368,0.1577,-56.6262,56.64,203.853,1
91.4673,26.3839,0.1386,91.3422,51.7579,225.1301,1
31.9573,11.0175,0.3093,26.4456,4.0232,186.821,1
250.385,32.1462,0.2653,-129.417,40.643,258.831,1
116.8513,59.958,0.1674,81.6298,63.5177,399.3452,1
26.4869,12.2602,0.2003,20.1534,40.5639,163.722,1
23.6517,16.7376,0.2435,-9.0462,10.816,197.083,0
21.5836,11.0068,0.3,-19.3165,8.279,195.988,0
29.7952,18.0364,0.2044,13.7636,5.2474,198.702,0
93.4287,27.5183,0.0995,69.9827,2.8918,279.524,0
120.409,60.9902,0.1208,143.498,45.2897,267.13,1
64.6156,19.2661,0.2228,50.9935,10.652,298.281,1
97.3356,19.7729,0.113,95.5804,68.5852,194.153,1
61.3263,17.2646,0.1481,60.3222,9.9477,242.263,0
18.5099,12.7852,0.3082,-5.8835,71.9926,226.582,1
104.424,54.86600000000001,0.0362,83.0922,1.29,247.228,0
27.5972,14.5052,0.2012,-18.1941,10.469,156.264,0
12.976,10.3524,0.5236,5.9192,0.764,168.262,1
56.6019,25.0266,0.1206,24.9611,77.1579,171.739,1
21.3013,6.2192,0.3809,13.5295,89.6234,79.5762,1
120.657,29.6804,0.0985,63.7978,19.0904,276.3924,1
28.8163,22.9315,0.1414,-16.1789,57.742,139.594,1
19.8547,11.7229,0.3851,13.4459,42.523,104.52,1
29.4243,16.4252,0.182,23.4194,52.698,57.8385,1
16.7578,10.9846,0.3929999999999999,5.9657,88.4385,258.1,1
87.0313,19.2844,0.1415,-38.9557,4.282,211.088,1
70.3414,32.109,0.0797,73.6752,0.517,199.846,0
34.7527,16.3799,0.1376,23.6607,16.5306,158.12,0
55.968,14.1856,0.1571,-28.4815,19.1473,222.656,1
35.8431,31.365,0.1811,-27.5521,12.2384,101.1014,1
59.0802,25.7911,0.1422,50.5402,1.0501,290.778,0
40.2362,8.9929,0.2803,8.4631,2.8904,127.3067,1
71.9578,12.5605,0.2072,44.3066,9.0544,273.848,1
19.6241,9.4747,0.3876,13.1382,57.761,88.6241,1
100.2769,22.5083,0.1988,57.1824,38.7149,293.3493,1
156.37,32.9325,0.1087,165.703,15.657,252.137,1
47.7458,30.0108,0.1496,-34.5647,14.8993,235.0346,1
23.0885,12.9505,0.3102,15.125,45.055,95.7283,1
45.4241,15.3792,0.128,-10.2001,7.295,176.706,0
41.5143,37.7714,0.0967,27.4409,26.155,219.644,1
30.7557,14.082,0.2511,-15.3335,25.831,160.813,0
63.1221,35.8997,0.0743,-44.0632,56.3522,186.804,1
70.6323,18.6983,0.1278,70.1269,6.3952,241.693,0
26.1033,19.74,0.1827,-7.5265,5.4609,182.49400000000003,0
25.4798,10.1972,0.2391,19.821,0.0365,191.305,0
74.0709,21.5816,0.1404,47.8255,8.7773,299.725,0
64.3202,35.1645,0.1849,-40.8468,0.217,308.944,1
18.368,16.0234,0.2789,18.6589,13.9435,199.54,1
18.6177,10.3838,0.2791,-7.3836,32.3548,248.18,1
32.4015,7.2669,0.3252,-6.5766,4.2383,233.26,0
23.4616,14.3598,0.2862,18.0847,80.8486,193.354,1
32.7101,23.478,0.1718,9.8533,62.9717,185.548,1
111.683,19.3573,0.3602,-83.6293,40.024,328.991,1
42.1685,32.0539,0.0893,25.6648,33.8695,114.013,1
24.361,8.5251,0.4355,13.4705,27.0267,149.495,1
35.7492,13.0825,0.1697,-24.2911,80.2599,260.2245,1
28.2471,14.4721,0.2058,-8.5855,0.374,194.479,0
110.0,28.8437,0.151,36.8558,7.3746,322.915,1
39.7973,19.6812,0.1355,14.7952,4.4105,186.205,0
39.45,19.6861,0.1524,9.3382,6.3884,194.697,0
48.5947,19.3468,0.1151,-24.1166,2.794,219.858,0
80.9545,29.885,0.0875,70.97399999999999,3.6974,242.699,0
24.7592,12.2102,0.243,10.4869,7.218999999999999,159.861,0
40.1255,27.9545,0.102,28.7384,9.5306,206.2758,0
20.5795,8.9421,0.4053,-14.9512,2.9483,171.72400000000002,0
35.2705,19.3642,0.1821,-27.359,80.8997,63.119,1
86.0727,22.7684,0.1881,39.754,29.3861,176.8892,1
22.996,12.9225,0.3243,-14.2164,9.5881,201.05,0
184.7094,108.3136,0.0539,-135.9046,44.1299,222.2196,1
73.0124,26.0763,0.0929,71.2318,8.1473,203.565,0
27.4519,9.3877,0.2794,19.8767,31.645,119.201,1
86.4015,30.646,0.0983,50.0957,4.1261,287.023,0
23.9965,16.2728,0.2252,16.469,25.4216,189.416,1
19.2365,10.0426,0.2806,-5.2548,41.0769,207.04,1
39.6297,15.6113,0.2441,11.1436,10.2034,164.8455,0
48.1754,18.215,0.1483,38.6935,45.0927,240.166,1
46.9069,29.0897,0.1339,42.1635,4.1101,95.3127,0
19.3789,18.1298,0.2126,9.3091,84.0609,181.251,1
55.0352,18.9305,0.2803,72.5367,80.4271,236.0146,1
23.6235,18.3227,0.1962,-17.9258,12.4528,208.203,0
20.0348,18.0015,0.2643,-11.724,56.105,55.0101,1
10.6594,6.5097,0.5265,-6.688,20.5723,145.2747,1
70.5449,9.6552,0.1498,43.0347,38.441,112.7577,1
21.8711,14.8478,0.3404,7.1398,30.5423,154.523,1
25.7223,12.8615,0.3219,17.9656,58.622,193.172,1
95.8526,15.8102,0.1207,25.5318,41.1151,82.0322,1
87.5301,36.5059,0.0809,75.0056,0.0204,354.79,0
19.1908,8.0294,0.45,-16.3824,87.9114,242.7449,1
26.2948,10.401,0.3254,17.1244,22.217,243.991,1
28.9049,9.6706,0.2785,-21.8162,34.599000000000004,220.209,1
66.4672,35.611999999999995,0.1178,50.3012,0.106,276.744,0
101.542,20.1867,0.2319,-73.5207,15.5822,384.412,1
113.354,22.138,0.1348,67.9171,4.8423,286.156,1
19.4697,15.868,0.2833,-4.3982,17.713,217.286,1
12.7717,11.5475,0.4043,8.95,87.9981,213.523,1
105.958,66.7134,0.0345,69.9438,3.726,303.839,1
131.487,23.2682,0.1622,-96.0874,2.915,262.948,1
19.8075,17.3821,0.2263,-6.7164,27.7967,53.1241,1
28.7755,10.9466,0.2432,13.7141,5.5984,88.8504,1
36.8382,15.6184,0.3025,-27.7019,55.4245,156.8538,1
19.8544,7.3577,0.4118,8.7888,45.5575,150.963,1
23.5829,9.2915,0.3897,-7.7884,40.6189,77.7996,1
115.603,22.1541,0.0806,44.7806,49.379,106.14,1
18.184,5.8259,0.4091,26.7226,80.9287,117.2926,1
21.8583,20.5252,0.2148,12.7987,12.6028,175.063,0
58.401,34.6992,0.139,-68.5577,6.8722,157.27100000000002,1
20.0324,16.4192,0.2126,25.1904,38.4644,238.3174,1
144.651,40.3478,0.4988,-155.489,38.0104,280.051,1
38.685,13.7538,0.2063,29.176,6.8087,222.35,0
50.4864,37.1735,0.174,-30.2334,39.7134,201.8814,1
58.3566,29.5155,0.1256,38.3185,3.237,290.363,0
133.339,30.299,0.288,-127.9227,16.2807,422.5991,1
80.1738,57.3847,0.0853,48.6703,29.038,254.302,1
51.5578,15.1741,0.2337,51.5694,5.497999999999999,148.639,0
18.7111,9.9918,0.3373,-5.001,56.9999,192.75,1
31.3696,13.9325,0.3162,21.9052,1.156,127.826,1
14.3633,6.542999999999999,0.3084,10.3337,29.3263,123.2348,1
21.9922,6.5944,0.4343,13.6991,11.6635,210.137,1
150.274,37.0108,0.1991,-144.817,3.9194,255.57,1
87.8898,68.488,0.1151,-57.535,59.2717,418.231,1
183.8082,68.4175,0.1032,-161.7404,54.4669,333.5108,1
21.5843,6.7361,0.433,13.9049,60.3918,274.853,1
61.4698,17.4053,0.1805,38.2855,8.5685,238.5662,0
13.0287,10.9544,0.4511,5.7807,64.87,182.98,1
30.2887,12.794,0.2845,25.3402,44.754,209.325,1
18.7287,10.3512,0.2873,8.0026,46.959,225.653,1
59.3247,23.9572,0.1347,63.4388,62.09,113.053,1
153.2251,60.1199,0.0273,-130.9514,5.688,265.2695,1
18.9805,14.728,0.3465,10.4799,72.4482,146.774,1
227.18400000000003,22.5405,0.3102,135.869,48.219,265.238,1
84.1012,35.2129,0.1051,58.3392,10.0766,324.815,0
11.4877,1.9614,0.4684,-1.8397,78.0487,159.5087,1
25.3725,16.9147,0.2364,16.5899,23.0687,223.1083,1
28.0583,13.5989,0.2726,-24.8641,51.9988,233.2795,1
18.9013,10.1965,0.3145,-9.8477,0.3038,80.3171,1
17.1591,14.682,0.4248,-13.896,52.812,156.192,1
28.6395,15.4116,0.2184,-7.419,29.9112,124.5232,0
33.725,11.8651,0.2944,23.8152,57.2969,267.952,1
44.5093,14.7591,0.1816,25.6017,3.81,195.217,0
31.3831,8.894,0.3404,22.649,20.208,55.8071,1
113.789,19.7495,0.1342,82.45700000000001,2.3023,282.741,0
93.3756,56.9617,0.0825,18.5969,47.45399999999999,332.296,1
26.3327,17.1639,0.2185,20.5967,27.6552,223.995,1
38.6665,26.0742,0.1169,-26.0915,5.6355,110.145,0
65.5949,21.5734,0.1373,32.5971,4.202,262.328,0
44.5086,20.5797,0.1203,-22.8515,11.329,113.047,1
34.0855,14.5796,0.2092,26.1895,9.6769,222.984,1
145.1413,107.2101,0.0493,-137.1122,37.0745,324.8371,1
72.1282,19.0392,0.1784,38.63,0.885,234.302,0
24.1185,16.9885,0.2751,-20.2451,30.845,205.247,1
28.7751,15.2636,0.2179,28.3027,8.6513,228.211,1
85.8378,49.6255,0.0744,-33.8178,58.0625,242.9225,1
174.5756,58.4529,0.0971,-198.1595,27.5121,359.1252,1
60.6214,27.0122,0.1331,-79.3473,72.887,133.899,1
34.411,11.1197,0.2043,13.8727,43.3588,86.5933,1
31.723000000000003,6.6559,0.3778,4.5231,75.2299,182.554,1
21.2986,9.9979,0.3481,14.71,46.896,228.125,1
69.8407,23.3806,0.1653,47.0692,4.3842,275.629,0
36.6165,16.1347,0.1831,-22.1609,0.727,259.23,0
12.5765,11.8613,0.374,-9.9861,36.511,90.9553,1
27.2713,9.999,0.3195,22.1784,3.1333,131.033,1
29.484,8.141,0.3886,23.6883,9.272,224.52,1
23.4908,18.369,0.1835,1.2252,43.2397,186.6566,1
33.3893,25.4757,0.1348,17.186,38.976,187.149,1
24.5139,12.9405,0.3442,-13.5898,42.0438,121.848,1
51.6669,8.9178,0.2178,42.9745,29.678,259.9,1
32.4023,18.5031,0.2387,-22.8882,17.5095,135.167,1
92.1126,15.2272,0.1301,36.0533,5.113,28.8461,1
17.7494,14.6272,0.3775,-15.3609,28.6886,239.057,1
49.2259,17.4264,0.1579,-28.201,1.1643,252.792,0
23.49,18.5649,0.2046,-15.8067,15.7122,129.389,0
40.209,14.4996,0.1679,30.8791,8.449,160.781,0
29.9097,19.3262,0.2033,19.5814,10.3494,128.784,0
50.3947,10.9445,0.3289999999999999,39.3874,70.8438,144.1368,1
42.7638,9.726,0.2176,21.2882,30.3347,49.6155,1
86.6506,26.9587,0.1864,-34.3385,20.8951,359.8186,1
26.3093,15.0286,0.2149,13.678,2.521,120.58,0
48.5814,15.7596,0.1772,48.3135,9.4002,266.12,1
66.2889,8.7789,0.276,-14.8397,6.6645,27.5502,1
98.9209,28.231,0.1196,72.79899999999999,53.078,272.853,1
174.1801,63.2093,0.107,-157.9789,5.3315,267.1959,1
87.4511,16.3664,0.1935,58.967,60.7157,282.531,1
13.453,9.7891,0.4957,7.8225,11.4657,172.05,1
17.2906,11.1882,0.2919,3.378,57.878,195.248,1
22.3332,12.7498,0.2634,-5.5732,7.275,159.24200000000002,0
26.0944,18.3299,0.1937,11.2326,13.429,164.053,0
21.2489,15.2421,0.3152,12.1388,56.632,132.58700000000002,1
81.2756,29.4681,0.1073,37.2109,0.022,311.874,0
38.9643,9.5737,0.2547,23.2082,62.484,136.343,1
39.1755,26.3821,0.2005,25.4219,6.4974,299.173,1
38.4177,24.529,0.1185,25.97,3.956,119.63,0
83.9196,13.3743,0.1175,15.0513,82.8678,158.6521,1
60.3452,20.8174,0.2782,58.0531,16.1157,148.0604,1
104.0759,79.5279,0.1038,-116.3219,0.5341,399.6806,1
21.8891,10.6018,0.326,-17.4299,42.8297,128.422,1
69.7676,18.9821,0.2654,-30.7591,33.0052,303.914,1
108.611,47.9986,0.09,-95.68,17.233,341.987,1
59.0366,29.638,0.1939,39.6096,32.414,291.66,1
195.949,143.465,0.016,-208.803,23.2154,236.927,1
28.7485,9.6862,0.2893,-15.7221,1.068,197.412,0
23.1649,16.3238,0.2832,3.7574,12.968,243.848,1
21.7038,15.7774,0.2928,16.1555,80.9855,188.33900000000003,1
47.9325,17.7433,0.1542,37.8166,4.874,159.999,0
59.073,18.1358,0.1836,26.4984,25.266,225.4115,1
64.587,28.563,0.1208,50.7011,1.926,307.242,0
44.4822,38.19,0.1824,33.1754,22.7861,305.6269,1
13.0186,9.8423,0.3795,23.0128,2.0169,249.1274,1
12.7658,11.5991,0.3815,-7.1501,39.354,190.741,1
30.9169,11.2068,0.2744,-21.5596,81.1239,212.6992,1
106.41,19.1664,0.1476,-75.4066,2.0319,310.737,1
36.37,20.8065,0.148,-28.7584,5.5742,172.991,0
33.5218,26.0405,0.1227,22.9681,13.501,112.325,0
39.4997,18.6159,0.2978,24.6677,74.765,224.0906,1
24.0705,14.2429,0.2632,4.8445,29.618,103.922,1
121.854,36.8405,0.0755,-92.165,10.626,303.658,1
37.6176,7.781000000000001,0.1669999999999999,36.9596,70.2243,258.2984,1
33.6473,16.4682,0.1963,-16.0461,30.914,64.9293,1
18.784,14.837,0.3578,-10.8727,15.3501,93.2232,1
48.2208,20.5177,0.1651,-38.6868,15.6936,96.6441,1
49.8634,17.8268,0.1009,15.4977,3.4411,129.14600000000002,0
15.6364,11.3955,0.3101,-29.9539,57.4318,32.363,1
30.694000000000003,22.0026,0.163,20.2385,37.1267,127.82,1
101.236,18.7607,0.1414,-70.376,81.3618,154.153,1
19.1419,18.2733,0.2794,-13.9946,42.063,150.092,1
15.7142,8.7197,0.2379,1.7194,36.7418,223.052,1
33.6616,25.047,0.1468,27.0844,35.279,173.31799999999998,1
36.9906,15.5377,0.1672,28.0966,86.1551,264.923,1
88.1997,22.1223,0.0862,77.8023,12.3059,226.814,0
16.9894,11.0002,0.3514,8.0823,55.393,91.3761,1
35.648,11.8742,0.1964,-17.7458,5.013999999999999,212.108,0
74.57600000000001,24.4957,0.0988,-23.098000000000003,1.863,257.483,0
31.3909,29.5248,0.2651,18.1114,7.575,173.622,1
17.5875,15.8431,0.4069,-8.9744,27.3912,98.9112,1
28.9203,21.7939,0.1746,-27.9037,18.6016,130.985,1
13.2431,10.7215,0.4209,-2.7128,10.6605,172.24200000000002,1
46.7818,17.6851,0.1415,31.3517,7.6187,212.679,0
70.7655,14.9721,0.1235,59.1086,60.0453,264.9908,1
20.5569,9.3607,0.4021,12.6821,75.158,214.83,1
26.3201,13.6678,0.2121,-18.1186,0.3082,262.888,0
42.4521,14.0844,0.3629,19.0035,48.416,368.443,1
21.5414,18.9129,0.2352,18.1741,42.731,89.2668,1
66.972,11.5441,0.1391,-27.2436,77.5046,54.756,1
42.5193,22.7804,0.2181,-38.3537,42.0641,81.1201,1
70.5627,21.4666,0.2497,-45.1791,5.8556,336.142,0
26.3995,16.4283,0.2789999999999999,-23.5597,1.679,234.77,0
12.9396,11.0653,0.4558,-7.2703,72.53,220.157,1
72.7273,21.5659,0.3053,72.1245,34.3892,109.5826,1
66.6232,18.4378,0.1014,50.3889,2.2166,227.106,0
21.646,12.4422,0.2956,15.2416,66.525,233.086,1
91.3563,19.7964,0.1657,64.1715,0.9563,290.707,0
30.1393,12.6966,0.1837,9.4996,24.192,129.904,1
80.3659,24.087,0.1286,56.4882,0.0753,212.201,0
46.2432,24.7377,0.0902,-8.5865,8.99,172.386,0
98.2442,13.6592,0.2952,65.6691,40.455,165.9593,1
48.3543,17.1386,0.1899,35.0022,6.4053,252.015,0
69.0913,25.5707,0.1614,-47.9726,5.7146,150.1662,1
294.3411,59.6299,0.1147,-178.55900000000003,57.5015,128.5567,1
20.8415,7.157,0.3532,9.3895,20.0419,221.375,1
19.1646,17.465999999999998,0.3091,15.1562,70.0002,187.753,1
55.5853,9.8477,0.2368,31.5485,50.205,43.7845,1
55.0298,35.1849,0.2168,-70.0625,22.8884,314.0137,1
46.3757,15.9563,0.3235,-12.5581,84.6939,38.8883,1
36.1005,10.3413,0.2468,31.5241,2.7836,172.7757,0
20.3187,17.7844,0.2373,3.884,48.0374,48.0278,1
20.8247,7.1719,0.3554,8.6766,39.435,100.761,1
13.4186,11.2633,0.2713,-0.5526,27.306,235.0069,1
77.4596,22.4927,0.1463,77.0023,26.0459,186.96400000000003,1
13.3396,10.5628,0.4019,-2.3901,10.7959,182.91,1
25.235,18.4194,0.1917,-8.6552,40.5095,236.144,1
157.757,106.801,0.0965,121.385,82.3074,416.326,1
50.0445,13.8823,0.1692,42.0317,15.597,234.206,1
102.179,21.1275,0.1147,107.617,3.2562,156.342,1
53.0516,38.4292,0.0851,-31.242,61.0381,235.0636,1
57.4424,38.099,0.0924,35.9114,3.1991,88.1379,1
51.8897,25.4177,0.1169999999999999,39.3683,1.075,274.19,0
161.639,61.6327,0.0228,160.213,75.7013,159.84799999999998,1
49.8944,16.6318,0.1255,-27.0807,23.1963,123.305,1
34.5557,15.2649,0.151,22.8035,52.9638,221.013,1
31.741,19.3926,0.1592,25.2396,10.898,271.184,1
24.9352,16.9595,0.2116,-15.0055,15.753,138.64700000000002,0
117.7727,55.9569,0.153,90.7397,56.5301,305.8042,1
23.3109,21.0066,0.1835,-7.6076,67.164,225.353,1
21.9142,11.0413,0.3404,18.8123,68.016,121.574,1
79.7152,24.3309,0.1067,79.5533,7.119,283.268,0
27.4252,15.9827,0.2184,-20.7383,25.877,161.066,0
17.4338,14.7142,0.3005,-18.2262,89.8463,180.5019,1
56.8333,28.7209,0.1054,38.1747,71.08800000000001,194.498,1
29.5565,9.7677,0.245,15.0559,25.3811,121.8509,1
20.1623,15.2891,0.3697,18.8776,12.3606,255.8995,1
29.7932,19.0038,0.2173,15.6283,48.305,145.2218,1
94.0577,31.8221,0.0921,68.3802,1.4980000000000002,274.523,0
92.0427,15.5742,0.2373,-68.7978,59.6514,101.9483,1
19.7721,7.0896,0.4132,13.0351,10.7736,129.519,1
67.8347,44.0252,0.1037,54.5154,7.486000000000001,158.459,1
31.9906,7.412000000000001,0.4424,20.3889,18.9558,198.012,1
47.8834,20.3658,0.2034,35.9022,11.2708,271.4991,1
154.583,46.0362,0.1204,169.773,56.935,200.131,1
19.7969,7.3536,0.4137,9.1781,77.4,195.272,1
64.8397,17.9677,0.1448,63.8889,3.332,256.686,0
47.3034,16.5317,0.1382,26.467,17.2617,169.89700000000002,0
110.37,25.6608,0.1478,49.0667,1.492,323.498,0
21.1218,12.4646,0.3439,-24.3158,30.8984,188.4942,1
34.8579,11.1368,0.3629,19.1145,48.7728,46.295,1
25.0535,18.9759,0.2307,14.58,27.262,195.287,1
18.6659,12.8139,0.3307,12.6605,71.0923,131.821,1
22.6754,10.1296,0.34,13.1312,4.8629,167.701,1
120.765,72.165,0.0429,65.9726,58.771,352.983,1
20.0973,10.8178,0.5084,13.6478,83.4678,103.1949,1
49.9467,13.455,0.2855,43.2372,19.672,188.316,1
20.2996,7.3111,0.3891,6.3146,89.7647,110.838,1
40.0797,8.6067,0.2219,-13.954,23.1959,235.3807,1
21.0523,14.8214,0.3946,21.6201,12.1039,155.782,1
56.6057,16.0101,0.1281,38.435,7.617000000000001,238.447,0
34.8949,15.5169,0.2766,16.3082,48.9159,193.7306,1
40.7123,23.1087,0.1803,27.1432,16.5465,130.289,0
17.9263,10.6429,0.3201,8.1116,52.3308,170.66,1
52.5016,9.5828,0.2077,36.1845,32.658,195.911,1
19.775,10.3848,0.3291,17.74,1.668,217.31,1
34.6114,14.3809,0.2262,23.1129,1.5901,250.027,0
25.9699,10.1946,0.3449,26.875,19.9874,177.1551,1
20.353,16.9312,0.3183,15.0899,77.1768,216.018,1
47.9114,7.7983,0.2474,17.5598,38.0807,132.6536,1
75.4781,27.9538,0.0919,60.1896,10.617,222.78,0
33.6525,9.2823,0.2579,17.8816,0.1516,154.3232,0
67.1505,52.2684,0.1666,51.0529,55.164,234.801,1
64.355,22.534,0.1238,53.011,6.0676,195.5,0
24.4143,17.192999999999998,0.2316,19.0726,18.4088,141.82399999999998,0
113.098,35.8026,0.0958,66.4311,2.787,324.019,0
65.7225,23.6661,0.103,53.4678,3.3145,219.849,0
50.6334,18.906,0.1507,26.7678,13.767,261.181,0
21.1715,10.7098,0.2898,-18.1822,82.0634,240.368,1
24.002,11.544,0.3571,-5.1194,75.7846,98.3481,1
53.3449,13.6422,0.1662,36.9502,48.2938,238.475,1
111.151,27.697,0.096,101.477,1.2138,313.803,0
26.1934,11.7379,0.3651,22.649,76.565,198.844,1
29.3635,10.0543,0.267,19.9479,60.6495,166.641,1
90.7751,16.5854,0.2033,-23.1775,23.585,364.7206,1
51.4815,31.8897,0.1034,-43.3118,62.0869,68.2002,1
24.0496,11.1987,0.3462,-22.1902,29.9911,172.896,1
59.3765,24.5358,0.1142,58.346,8.7949,154.341,0
202.7903,90.7449,0.0943,-124.4249,30.1538,230.7603,1
14.3539,9.1943,0.5497,-8.5917,49.07899999999999,142.0123,1
25.5932,9.8531,0.2701,-16.6016,19.3573,145.145,0
115.938,67.5617,0.093,69.0303,58.0271,409.5022,1
34.6098,24.9802,0.1137,22.1893,13.962,127.753,0
121.611,23.0402,0.1724,69.0576,7.3206,332.922,1
31.1073,14.7015,0.2325,-10.4508,22.259,213.061,1
24.845,19.3632,0.2546,26.9326,9.7727,163.8698,1
43.1642,19.6792,0.1286,32.1716,11.4188,176.62,0
40.0304,12.9342,0.2839,27.7201,4.6452,124.398,1
13.8117,9.2433,0.4563,6.2643,62.4361,205.991,1
20.724,10.442,0.3079,18.0789,13.056,201.203,1
66.2685,19.0117,0.1468,61.8558,8.811,230.594,0
20.6966,8.7924,0.3632,10.9873,80.4474,153.659,1
138.357,26.5591,0.132,154.428,53.558,184.493,1
20.8003,12.4121,0.2567,-10.3498,60.8343,159.605,1
41.8549,11.2544,0.1906,-17.4826,54.8484,194.436,1
59.4329,22.405,0.1259,31.3646,9.664,255.202,0
218.336,35.3365,0.0722,-213.898,81.4912,205.771,1
20.778,7.1662,0.3561,-9.7705,87.7875,129.671,1
27.065,14.0799,0.2734,23.5302,0.141,106.868,0
30.2724,17.0073,0.1803,-6.787000000000001,0.4079,156.863,0
25.9206,17.5262,0.2181,25.549,1.567,159.673,0
35.7106,21.1057,0.1304,10.6385,3.921,211.088,0
57.9726,25.6855,0.1652,45.7886,0.023,280.151,0
52.5772,25.1815,0.3845,-18.801,10.2974,299.2486,1
81.2642,10.6592,0.1939,48.271,1.28,194.187,1
26.0097,17.3529,0.2435,-11.0751,34.76,56.3888,1
85.4747,24.6605,0.1362,45.8046,2.5811,295.937,0
39.2823,24.2288,0.1413,28.5647,1.7762,152.06799999999998,0
32.8172,16.6688,0.4045,19.398,13.2369,258.0529,1
20.0048,12.4164,0.2794,7.0273,87.3427,61.4184,1
34.6453,4.6738,0.3424,-19.0894,44.6996,37.3045,1
125.479,35.7873,0.0942,-91.2738,19.7675,180.86,1
27.0691,11.0807,0.2923,15.1443,15.9689,224.57,1
213.7181,64.5242,0.0811,-202.2092,49.9322,336.422,1
30.0029,13.4299,0.3137,22.387,76.50399999999999,226.536,1
56.8163,30.386,0.1819,78.8955,71.2264,252.5838,1
61.6277,31.6442,0.0801,50.3227,1.7327,280.455,0
50.1891,9.2552,0.1819,36.1205,4.735,245.76,1
20.1268,7.1811,0.3856,-11.9981,83.1571,69.4201,1
40.4316,10.0119,0.1696,24.7242,64.2689,235.0006,1
37.5053,15.776,0.2201,-26.1547,8.6201,186.874,0
34.4244,9.6598,0.254,23.1758,27.604,182.12,1
38.587,17.8993,0.1479,38.0459,83.2992,220.687,1
162.0719,32.739000000000004,0.2936,-102.8281,7.1648,360.7767,1
56.9254,13.3598,0.472,-30.9375,24.217,309.425,1
27.2144,12.2936,0.2142,-23.8603,67.8016,37.2326,1
45.6756,22.38,0.1394,38.5015,6.4023,242.552,0
81.5461,29.1223,0.0688,74.5717,1.8365,256.98,0
80.4507,23.1313,0.1702,68.8152,0.29,208.775,0
75.3837,39.6086,0.1014,76.7048,10.522,216.027,0
19.5649,9.767,0.2946,-6.3994,33.364000000000004,187.651,1
38.6876,10.1242,0.3479,-14.4769,74.6745,84.7966,1
56.9476,18.6554,0.1856,45.6703,1.819,240.921,0
108.138,54.8564,0.0903,-56.6559,7.212000000000001,322.644,1
139.136,23.9501,0.1199,153.371,10.4186,241.478,1
56.6984,11.2842,0.1884,29.1725,24.6332,120.1266,1
18.0191,10.7403,0.2943,6.475,43.188,285.059,1
23.9534,11.0193,0.275,20.4677,11.5163,136.27,0
131.467,101.345,0.0757,-39.1393,59.555,262.801,1
73.7915,27.0194,0.1102,75.1641,10.5595,212.029,0
19.326,9.8381,0.3492,11.5088,4.1946,205.057,1
10.7015,10.2689,0.2778,-15.5452,3.6583,169.5017,0
51.3789,19.0995,0.1698,-40.116,22.1294,231.842,1
55.4239,16.6488,0.2482,36.6338,7.785,297.6813,1
31.4793,12.9854,0.3207,10.3944,61.4791,151.7632,1
123.6135,99.3213,0.0849,-27.3916,62.7913,257.6641,1
23.5193,14.4388,0.2872,26.1,40.5726,235.9756,1
37.1179,17.9932,0.1487,27.851,0.8845,217.719,0
69.7172,62.3134,0.1356,33.8501,11.4309,293.4828,1
32.681999999999995,13.5461,0.1707,9.8967,75.265,102.2822,1
37.7762,11.7127,0.2133,8.173,82.1786,226.909,1
54.3882,21.5084,0.215,39.3149,9.125,54.8051,1
155.9102,42.2451,0.2437,-147.3562,16.0222,321.6529,1
39.9257,6.1255,0.3008,-37.3063,48.223,69.3102,1
22.4777,9.2765,0.381,13.0842,27.942,128.74200000000002,1
79.4851,29.5448,0.0727,73.077,4.5885,261.942,0
88.0004,37.8465,0.1152,73.5133,5.397,355.599,0
92.9148,43.9708,0.2534,25.506,51.07899999999999,257.834,1
42.2145,14.1213,0.1357,-18.7026,0.5371,180.135,0
238.259,108.116,0.0731,45.4451,81.0641,225.336,1
254.6375,116.4147,0.0856,-224.4015,57.8297,186.4461,1
153.679,83.7294,0.0581,134.27700000000002,29.1256,30.6439,1
35.611,18.1687,0.2061,36.917,26.547,150.167,1
20.2085,11.6931,0.3486,-19.6996,82.557,102.127,1
12.9956,11.1405,0.4252,6.3281,72.4972,202.044,1
42.0533,32.5927,0.0871,30.9363,10.6589,253.6093,1
94.5982,21.9615,0.0869,-46.3192,80.7469,117.3777,1
83.7767,15.2713,0.1409,65.8426,13.374,219.462,1
15.7131,11.8564,0.3311,5.4508,46.4705,225.786,1
64.5254,46.8133,0.1321,53.0272,26.525,304.326,1
66.9332,26.349,0.133,55.0987,78.003,208.033,1
28.2315,13.281,0.4239,22.7801,10.6277,237.0969,1
95.2365,21.7442,0.1712,51.4829,27.242,315.83,1
36.3425,9.2414,0.2214,23.2299,32.5796,186.0689,1
20.364,12.7107,0.2449,13.0807,27.186,183.514,1
90.3757,22.9848,0.1409,-120.517,7.803,207.116,1
30.4807,21.9345,0.208,25.8472,7.2421,149.983,0
68.0656,24.9571,0.0874,-33.9962,8.0874,257.71,0
34.1178,12.2455,0.3082,-17.0831,1.154,172.465,0
16.5162,11.044,0.375,7.7221,24.0178,230.687,1
28.577,9.5947,0.2514,17.8947,1.003,225.335,0
35.3166,22.398000000000003,0.15,30.5628,78.04,99.6224,1
33.456,30.5016,0.2664,24.8192,67.25,179.52700000000002,1
39.167,10.027,0.2854,-13.3208,27.714,167.201,1
27.5198,13.7952,0.2682,-25.0626,51.1267,192.1215,1
19.5002,9.5863,0.4117,20.5253,22.7796,145.2303,1
32.2207,12.2707,0.2452,20.4912,20.917,222.266,1
225.453,56.7446,0.0771,-94.144,88.0696,256.8955,1
57.482,19.6322,0.1269,-41.8713,4.9204,251.694,0
19.9091,8.456,0.3095,-18.8923,68.1039,39.7711,1
68.7977,31.4546,0.0862,-57.447,37.027,96.5962,1
39.4071,9.5119,0.3676,32.8639,22.0967,244.987,1
61.1176,5.1427,0.2099,24.192,62.0811,109.4584,1
49.2132,12.9539,0.3802,23.7427,5.3502,157.6193,1
28.0708,8.9831,0.2802,34.7658,17.1458,203.9697,1
23.7017,7.0161,0.3775,4.7087,88.3684,254.1367,1
19.5955,7.2752,0.413,-10.9746,23.6345,197.041,1
40.0688,17.115,0.1593,-20.405,3.39,123.141,0
29.3911,15.9442,0.1588,-21.295,7.845,149.267,0
102.98,45.6669,0.0774,66.2168,3.0301,346.717,0
24.6829,8.8025,0.2583,-17.9715,68.5378,78.14,1
20.0758,9.4666,0.2985,-0.2571,34.4105,157.45600000000002,1
98.9198,15.6593,0.1335,-79.4405,67.3458,202.8971,1
24.3173,14.045,0.2975,14.1096,2.0464,175.21200000000002,0
50.2054,20.0516,0.2235,-45.9275,16.239,205.736,1
61.5559,15.2269,0.2317,38.2368,11.1606,229.9609,1
86.8646,30.5756,0.1279,63.331,3.97,332.352,0
76.70100000000001,15.0239,0.1673,-26.8865,4.783,253.844,0
20.5478,7.245,0.3727,8.2376,66.4659,59.8076,1
28.4275,12.66,0.2242,-16.8747,81.1363,228.321,1
26.1739,16.0439,0.2273,16.8025,2.988,180.849,0
28.3882,13.6672,0.3328,26.7332,19.803,191.799,1
88.1144,23.3753,0.1676,53.8003,41.7347,123.176,1
95.2929,21.2305,0.1262,60.9944,36.6314,302.0701,1
96.4796,57.592,0.0929,27.6346,1.0932,359.4094,1
29.5149,15.1711,0.2049,17.0961,9.6888,169.451,0
13.7208,9.0672,0.3896,8.9243,81.4517,220.8243,1
35.5727,30.818,0.1242,-23.6361,22.69,197.83900000000003,1
20.7706,7.0894,0.3878,-11.9469,19.8866,143.924,1
39.7201,18.5253,0.174,34.6454,10.505,162.208,0
21.3523,17.042,0.2974,20.6149,79.0603,181.7789,1
18.9949,7.009,0.4212,-12.6858,10.318,225.182,1
52.5995,9.5646,0.2442,-33.8603,77.7361,240.602,1
95.1033,34.0783,0.0551,90.4024,0.851,253.539,0
41.5898,21.5951,0.1211,31.0661,8.908999999999999,166.16400000000002,0
52.0233,29.4855,0.1895,-21.0838,2.1899,266.2687,0
62.5184,30.9783,0.0707,70.9183,10.1375,150.077,0
86.8053,28.9558,0.0899,43.1122,45.3038,71.7113,1
22.4648,7.3368,0.4375,-13.6033,36.47,100.667,1
129.2454,36.8891,0.1496,-39.7542,23.4792,294.9641,1
22.4719,12.3808,0.2876,-9.8406,18.2742,185.337,0
45.4153,25.3628,0.1165,15.2556,13.285,247.465,0
35.7876,19.1477,0.2121,21.3279,5.585,81.2448,0
271.4508,117.4579,0.0246,-180.8497,73.2824,198.6563,1
39.0194,16.0301,0.2386,24.6254,22.1841,69.6781,1
27.3437,9.4993,0.2449,-16.6525,21.3597,236.929,1
118.02,74.0994,0.0615,108.029,62.057,339.68699999999995,1
19.4043,16.7448,0.2754,8.7994,15.292,132.134,1
24.2923,11.8947,0.2995,7.6735,37.1321,254.0909,1
53.3101,13.6421,0.2199,7.3238,85.0171,203.782,1
21.5656,10.3079,0.3102,-16.0468,63.735,86.39200000000001,1
19.6809,9.5937,0.3608,11.9174,0.018,126.508,1
75.5387,34.826,0.0668,73.9339,3.201,219.342,0
20.4878,9.6293,0.3827,15.7766,4.1929,210.796,1
21.2491,7.3014,0.4235,13.8632,45.7701,220.6692,1
32.6779,16.3144,0.1697,-26.9678,19.517,180.212,0
20.5297,17.0656,0.3123,13.3391,9.1961,143.43,1
36.6025,19.477,0.1247,-30.0775,0.912,173.044,0
42.9047,13.9391,0.1628,32.7874,0.8390000000000001,192.135,0
80.7093,47.2876,0.0704,88.2266,30.763,280.767,1
74.2846,27.216,0.0828,71.574,5.1219,272.336,0
120.944,58.6708,0.0518,115.163,51.8458,149.761,1
19.4865,7.3947,0.4321,8.6595,9.768,181.37,1
13.0312,11.0411,0.4346,-5.8704,18.039,239.112,1
45.2067,16.8321,0.2018,43.4701,17.765,236.387,1
87.78299999999999,21.3978,0.1673,-38.1815,7.6853,381.551,0
47.0642,22.5286,0.1508,50.9012,4.4110000000000005,186.203,0
84.6723,18.2798,0.1561,99.6052,5.3339,273.305,1
81.0999,20.1503,0.2248,51.9805,5.3011,335.422,1
76.1914,36.9303,0.0625,50.6642,4.034,253.121,0
126.593,37.8483,0.066,143.764,18.705,76.9913,1
32.5739,10.0389,0.2794,-26.0441,8.9499,200.299,0
36.2174,17.4475,0.1939,24.7243,3.713,202.864,0
40.3395,26.5826,0.1082,27.604,9.601,148.651,0
85.6478,20.1038,0.2004,61.6568,0.7472,318.342,0
30.3256,15.9097,0.2526,8.0953,32.7886,186.156,1
124.4514,99.0565,0.0915,-57.6991,48.717,386.5873,1
23.3525,11.1607,0.2647,20.6501,37.0993,202.753,1
95.5185,17.0764,0.102,105.851,81.5718,223.04,1
18.8618,11.0502,0.397,-9.8726,36.709,125.482,1
166.9502,83.7963,0.0998,-116.1314,22.6114,298.205,1
91.736,20.9687,0.1195,65.2706,9.7456,311.3537,1
26.8145,19.1915,0.1788,-10.587,66.3368,194.616,1
116.161,30.6558,0.0779,113.155,11.16,212.377,1
176.96900000000002,81.3581,0.0871,-89.0242,84.4018,297.574,1
40.3581,20.3902,0.1847,25.4666,30.0933,195.148,1
83.4204,54.0954,0.1697,57.1011,45.4744,398.5181,1
29.657,14.4583,0.2026,-13.3073,19.4898,121.798,0
125.2329,23.2869,0.2174,-89.5739,23.8718,362.7632,1
20.1099,11.3279,0.3832,13.3676,22.163,154.447,1
10.0268,6.354,0.3201,0.4268,61.3248,177.7557,1
37.2741,10.2834,0.1977,24.233,56.033,169.491,1
17.4898,11.0884,0.2762,-4.7921,40.779,206.502,1
29.9358,23.5957,0.1691,13.6714,39.0829,143.347,1
29.4395,24.1908,0.182,22.7677,6.0268,85.9586,0
26.2925,8.9525,0.267,17.8951,54.7903,154.5261,1
30.4831,19.2097,0.2067,-15.1182,5.7732,167.261,0
130.24200000000002,75.41199999999999,0.0583,106.755,14.2737,231.029,1
32.1947,28.1355,0.2076,-40.5452,14.5518,137.4607,1
21.1974,15.3983,0.3151,15.4235,76.589,179.275,1
30.8715,11.6124,0.2581,24.5796,24.488000000000003,242.783,1
18.0376,10.1857,0.2715,15.6146,75.8844,193.7465,1
76.6675,16.8769,0.0936,75.8274,1.579,250.993,0
22.0438,9.4673,0.3318,23.8117,82.205,172.1424,1
21.8698,18.1692,0.1878,-9.1789,65.514,87.2234,1
19.2243,12.8361,0.3017,-11.0635,11.049,165.48,0
230.891,62.3233,0.1104,151.662,88.8043,296.491,1
23.5269,10.3603,0.2892,-15.4716,82.5176,222.778,1
195.084,84.4386,0.1055,-150.661,33.768,222.845,1
37.7445,21.0614,0.1392,-21.0211,5.247999999999999,156.184,0
126.609,41.9329,0.1233,-120.058,29.6115,369.92800000000005,1
23.6574,10.2495,0.3364,-14.9111,46.8138,178.328,1
24.8952,11.9504,0.2889,-14.5479,47.4256,156.086,1
27.0156,7.4843,0.3832,6.0053,89.3958,185.013,1
109.0911,43.0005,0.2055,-93.4192,34.2628,295.9157,1
176.437,29.6819,0.1946,-101.776,32.098,123.788,1
23.3581,12.9936,0.3426,15.7783,23.5901,144.578,1
20.8222,11.9473,0.2737,13.8411,63.3878,185.055,1
12.9582,11.0301,0.4568,-6.9409,54.137,139.361,1
23.9807,11.7305,0.2702,10.4892,3.786,201.128,0
24.8622,10.91,0.2516,19.7892,11.0008,153.534,0
29.1943,16.9534,0.2189999999999999,18.2287,1.067,141.99,0
98.8028,16.4991,0.0985,44.0962,81.1201,105.54,1
31.1816,19.884,0.1735,24.1669,35.4229,140.24200000000002,1
139.997,69.59100000000001,0.0753,-140.155,77.37100000000001,77.9413,1
102.416,35.3969,0.1257,-44.7467,23.1906,367.734,1
16.6936,11.8347,0.3298,2.6612,24.712,195.9181,1
28.7811,7.9783,0.4865,26.9819,3.734,211.169,1
55.7402,24.0378,0.0861,-42.2021,18.03,200.401,1
134.34799999999998,25.6256,0.1719,117.567,34.3216,272.553,1
21.9136,16.6953,0.1609,21.6509,31.0498,117.6349,0
23.9707,15.5071,0.2076,13.8811,18.953,258.564,1
80.7241,24.2144,0.1429,80.5329,2.7787,302.342,0
27.8065,11.0411,0.2894,-15.6257,9.2,177.62,0
200.881,59.7478,0.0484,127.103,85.57600000000001,295.34,1
40.5346,11.8593,0.2467,-14.8694,80.686,128.1809,1
22.976,11.1673,0.3539,21.856,16.2339,211.03,1
26.067,25.7576,0.1902,18.2108,20.441,80.6911,1
87.9333,70.2379,0.159,53.8995,42.493,260.422,1
48.6983,17.059,0.1578,47.726000000000006,4.923,201.378,0
37.3435,10.5345,0.2963,40.0429,20.884,103.4464,1
100.29,21.4219,0.1979,-24.1767,2.19,269.131,1
16.3002,14.3664,0.3561,17.4112,27.5505,212.3356,1
180.377,59.9526,0.1033,-106.825,70.84,259.558,1
18.5832,10.1782,0.3197,10.199,20.9362,217.548,1
21.8458,5.9441,0.3434,7.9599,88.93799999999999,216.2979,1
59.8426,12.2739,0.1481,31.717,55.9801,199.671,1
25.5659,16.3505,0.2166,17.7941,9.1817,246.247,1
60.1109,9.081,0.1769,11.9985,74.056,130.737,1
56.801,15.2251,0.1571,54.8448,85.2486,215.9216,1
23.4415,14.9202,0.2661,-16.4041,23.308000000000003,157.409,0
38.2154,15.328,0.2479,25.9978,79.44800000000001,219.851,1
30.1919,11.5269,0.3577,25.9788,70.509,206.867,1
33.107,21.1594,0.1792,-10.637,10.136,139.708,0
9.4412,7.8352,0.364,11.1148,23.1908,239.8898,1
17.976,10.8252,0.2665,-5.1607,52.227,170.51,1
20.419,10.4451,0.3315,16.6211,39.3763,261.466,1
164.123,72.8046,0.1137,-148.283,78.043,355.081,1
33.7566,17.6119,0.1723,19.9593,6.81,243.139,0
18.1548,10.5822,0.3106,-6.8206,89.6759,76.6735,1
62.7922,18.4786,0.1577,30.1098,0.368,267.629,0
19.4819,18.1986,0.2895,11.9733,36.406,89.6618,1
32.7943,11.6631,0.2079,16.205,4.4626,152.69,0
82.7708,25.18,0.1358,83.6344,7.9764,213.973,0
25.2288,18.3971,0.217,12.2677,51.6298,100.4696,1
33.3867,9.1907,0.3333,28.4767,50.444,144.829,1
13.3847,9.8704,0.5013,7.8418,44.34,217.042,1
12.591,11.8526,0.3523,0.9276,29.7285,172.71400000000003,1
129.93,38.311,0.0537,97.5116,49.379,218.399,1
29.0414,11.762,0.2691,-19.2335,46.79,45.63,1
128.2491,79.2188,0.0862,138.4559,58.612,178.0806,1
13.0559,10.513,0.4986,4.7756,11.534,209.103,1
25.4265,18.3037,0.2276,-18.7435,69.976,219.091,1
52.1729,43.5335,0.1583,-22.9855,66.51100000000001,262.97,1
131.046,82.5585,0.1076,86.4194,69.433,409.482,1
66.3173,37.1935,0.1678,44.5534,4.738,274.443,1
21.5664,9.7282,0.2263,8.9551,88.5246,129.0679,1
30.9768,12.5732,0.262,26.4698,10.829,182.342,1
40.0986,16.2256,0.2143,27.223000000000003,0.805,181.453,0
22.1758,22.1106,0.2656,-3.8675,21.346,132.83,1
22.0733,6.6451,0.4105,12.0469,52.6161,172.188,1
76.0204,26.3797,0.2627,-76.2211,8.7072,52.0792,1
30.5826,19.963,0.2064,-33.3422,26.3203,154.6928,1
33.7861,11.5953,0.2538,28.716,4.4966,123.68,0
88.9941,25.2279,0.0848,82.8117,0.3521,304.885,0
101.338,38.4791,0.0684,99.5084,71.7654,202.856,1
35.9418,13.7741,0.1987,-22.7859,73.7816,183.9279,1
37.7155,7.2191,0.2624,18.0399,24.5831,254.896,1
82.9434,45.3121,0.0957,-47.2232,37.4156,283.4576,1
12.6555,11.7668,0.3594,4.716,45.584,124.168,1
23.1865,8.4866,0.4204,11.8347,15.874,97.0245,1
52.2878,21.4043,0.1121,2.1288,22.0388,69.0464,1
42.5547,10.4196,0.245,18.0841,84.6029,51.065,1
87.8523,82.6742,0.0922,-72.3095,87.844,355.0771,1
53.5551,9.6114,0.2055,41.8805,53.1398,264.173,1
131.5243,26.528,0.1279,-71.3667,40.4944,268.7494,1
28.6896,16.7141,0.2568,14.0629,31.784,200.42,1
38.3052,9.9404,0.3618,34.3164,29.98,137.624,1
105.022,92.0342,0.0568,-15.1269,25.907,199.29,1
59.4898,25.0436,0.2638,46.7807,66.0689,198.9603,1
73.8615,27.4185,0.0812,20.1374,61.503,104.1386,1
29.6915,17.4648,0.2625,-20.8719,11.1156,197.096,0
78.1397,14.9445,0.1266,63.7554,32.3175,245.4325,1
63.6598,28.7648,0.079,43.1273,14.918,225.779,0
26.6885,8.5852,0.3055,16.0747,14.1441,109.703,1
38.9232,12.2752,0.1971,13.515,22.7058,157.608,1
32.3436,18.9317,0.1442,31.4377,3.7329,205.821,0
35.4328,12.6839,0.2328,38.5951,32.1414,123.8613,1
96.178,23.6791,0.1003,46.284,55.9672,166.3917,1
22.4042,8.5516,0.3818,-10.2931,81.6413,230.023,1
11.0725,9.7761,0.3145,5.0521,11.4395,104.3555,0
106.419,36.7662,0.0683,62.648,0.6179,340.782,0
19.2101,9.7685,0.3731,12.5988,26.2377,169.085,1
38.8551,12.8583,0.1909,-27.3015,89.4763,222.781,1
49.4025,9.5902,0.1892,40.9313,68.8163,275.161,1
100.011,33.4215,0.0576,71.0093,1.9529,298.428,0
75.4189,21.0294,0.1596,-36.8342,3.0122,289.341,0
40.964,2.255,0.3923,27.3428,42.9999,205.6136,1
33.1959,11.5356,0.2902,27.794,6.484,182.24,1
92.2557,23.5058,0.0982,66.72,0.2239999999999999,250.36,0
29.0755,20.2431,0.171,2.3986,62.4511,235.8847,1
81.7059,28.5607,0.0918,62.872,3.953,225.511,0
81.9305,37.9403,0.1499,-14.604,1.671,271.775,1
57.5381,28.024,0.1304,63.0951,15.563,133.939,0
114.722,58.9702,0.0273,93.7667,2.9341,257.85,1
48.0794,21.6991,0.0983,-26.7368,88.1059,75.6317,1
17.2427,11.7315,0.4167,3.2338,39.821,93.0481,1
98.2129,28.3077,0.1045,65.1911,4.1168,309.271,0
18.257,9.5406,0.4839,13.644,46.9799,143.74200000000002,1
32.2999,20.4792,0.1567,21.24,6.4181,103.198,0
24.0767,16.2194,0.2163,17.7936,32.3979,167.25599999999997,1
29.6384,18.1643,0.1624,18.1431,16.691,108.785,0
62.9308,19.1078,0.1666,51.5405,8.58,219.155,0
182.0891,42.573,0.1339,124.0546,22.8369,235.5909,1
24.0872,0.0,0.4191,-16.2725,37.3886,213.93400000000003,1
128.189,22.1649,0.1675,-71.097,26.796,158.97299999999998,1
58.257,29.8313,0.1689,26.5849,47.2221,174.56400000000002,1
56.9892,27.8128,0.1909,-47.46,85.5277,76.655,1
73.3171,23.5811,0.1133,73.4946,2.8894,204.991,0
22.0463,16.7734,0.2209,-12.7762,42.592,215.894,1
192.48,96.4264,0.0657,-46.8039,88.1959,250.91,1
137.7972,52.4945,0.0435,-121.8202,51.3917,35.6143,1
59.7619,13.912,0.2054,50.8533,10.5445,278.35200000000003,1
77.5391,28.2103,0.0658,76.7223,2.9112,233.403,0
130.892,94.9334,0.0514,-84.5031,89.7025,377.453,1
19.1533,10.0736,0.2791,5.4195,69.7206,222.842,1
13.0856,10.2982,0.513,6.5421,77.97800000000001,31.6795,1
12.5027,11.9627,0.3587,8.9941,39.702,151.754,1
43.8997,12.6323,0.1642,26.8231,24.8735,144.997,1
197.743,52.6165,0.0814,-270.639,1.161,269.186,1
32.903,8.9375,0.2444,15.6129,70.074,193.595,1
37.9953,17.6303,0.2318,27.3013,10.0049,223.025,1
129.138,20.4463,0.2271,36.0174,11.718,331.26,1
180.1275,89.0307,0.0842,128.2536,84.8175,347.4191,1
179.43900000000002,84.9199,0.103,87.5253,16.526,123.392,1
25.2665,16.0019,0.2219,16.2329,12.104,106.048,0
29.817,19.8364,0.239,23.9409,15.9328,222.18400000000003,1
41.9913,17.9165,0.1601,41.1898,3.9992,280.853,0
65.9566,20.7513,0.1518,56.0095,4.151,257.017,0
42.1745,21.494,0.1435,31.7311,4.9357,204.69,0
109.581,38.4424,0.1889999999999999,-47.4613,0.8340000000000001,244.819,1
27.054,9.966,0.2345,-18.7555,14.518,67.5566,1
12.7395,11.6166,0.3937,-8.7786,29.266,228.304,1
12.7256,11.6683,0.364,4.523,45.432,124.04,1
164.503,45.826,0.0725,103.314,52.613,256.654,1
123.0714,78.4741,0.0857,52.2982,89.8051,328.8961,1
42.8387,25.9333,0.0937,10.6836,11.6995,137.5028,0
39.3282,13.3427,0.2987,16.7,10.5731,281.2038,1
28.1352,7.2349,0.4156,12.7035,16.7591,139.6012,1
23.251,17.6772,0.2769999999999999,21.5714,25.3941,244.06,1
27.3752,20.817,0.1558,19.7221,7.598,60.4153,0
38.2721,12.0046,0.1903,28.5283,33.2677,201.752,1
23.8492,16.5219,0.3072,-16.4355,13.849,215.211,1
13.2866,10.3837,0.4677,5.8373,72.4904,227.185,1
18.8944,12.9798,0.2657,-6.8158,9.9795,199.053,0
7.3606,2.622,0.3427,2.84,17.6067,232.2663,1
83.6193,39.1214,0.1062,-84.0153,41.6742,16.4205,1
34.5073,12.2119,0.2068,-15.9074,16.189,218.625,1
118.7704,27.1813,0.1783,63.6855,32.8043,255.629,1
22.5329,9.0443,0.3581,-18.2522,35.6211,86.7946,1
66.9069,24.5527,0.1429,57.9597,7.311,208.27,0
17.5568,16.5157,0.3527,-15.952,41.4781,78.4445,1
15.4509,11.8074,0.3595,-5.2152,37.1275,161.666,1
57.1182,25.9623,0.0982,59.8664,19.89,237.713,0
53.4333,10.5246,0.1834,39.0937,15.321,172.393,1
13.1139,10.1463,0.5212,7.3292,9.4104,238.388,1
18.3881,16.5036,0.4505,12.8557,64.378,127.346,1
42.1804,14.7819,0.1772,31.3598,13.5661,260.04400000000004,1
30.7094,15.7963,0.1727,16.9828,3.388,214.717,0
29.0034,16.2569,0.2553,21.3007,51.9091,101.112,1
86.5932,50.6583,0.0581,52.5121,6.721,350.99800000000005,1
91.1981,64.4944,0.145,-100.797,30.1407,446.48800000000006,1
31.257,10.796,0.2097,-23.4546,1.9639,187.887,0
69.9615,26.3511,0.1535,37.7787,0.9013,347.427,0
131.9946,103.7316,0.0632,-64.1662,56.1828,163.8194,1
180.7133,58.2973,0.0733,-85.086,48.6995,175.3881,1
40.7215,22.015,0.1372,27.6403,4.1303,185.586,0
19.7587,10.2029,0.3908,-15.4466,42.972,127.285,1
29.446,20.8319,0.2261,14.5114,29.3534,228.656,1
29.6274,14.5327,0.2449,-21.4287,38.887,179.47099999999998,1
42.5208,9.4318,0.2278,12.2799,66.9928,166.825,1
33.1009,16.5548,0.2178,-22.3876,0.9654,211.733,0
31.6774,12.906,0.2805,-20.8384,69.8269,143.0876,1
21.4387,6.9858,0.3543,7.5976,34.8091,190.088,1
29.9301,22.5662,0.1898,19.4692,23.2975,129.135,0
71.5533,20.3187,0.1975,56.0385,5.421,317.828,0
29.5008,22.3311,0.2153,15.9975,7.7203,235.5696,1
94.618,31.6664,0.0955,62.7514,2.903,299.482,0
22.3554,9.7154,0.3118,13.042,39.1317,196.6361,1
71.5663,13.8504,0.1747,59.1168,5.9543,281.525,1
49.5441,26.2693,0.0974,33.604,2.4330000000000003,173.885,0
20.6615,12.8963,0.3131,-11.7091,63.4783,125.519,1
77.3151,26.2535,0.1391,34.1751,1.125,311.14,0
109.083,26.6171,0.1489,-68.3201,35.8313,122.277,1
22.6188,15.8586,0.3191,7.7236,1.8504,187.7461,1
43.2374,13.1353,0.1988,-23.5674,7.006,258.524,0
144.6539,60.9134,0.0582,107.0228,86.2399,395.8175,1
123.128,33.5194,0.1243,93.6003,44.193000000000005,225.373,1
12.9947,10.7499,0.4847,-4.7981,15.465,179.69299999999998,1
40.1086,26.9217,0.1245,34.4839,27.9324,208.4928,1
13.1755,10.4054,0.4887,5.9301,12.8122,252.24400000000003,1
17.2653,6.5603,0.4907,-8.5153,30.897,171.736,1
14.3587,10.5595,0.2872,-21.2655,82.9011,133.4632,1
29.0126,15.9081,0.2461,16.9729,63.086000000000006,202.882,1
63.5795,28.1548,0.1285,61.656000000000006,0.6445,290.046,0
99.4918,12.5027,0.2539,95.1581,11.8646,162.842,1
66.2837,30.9485,0.0667,-34.2382,41.382,236.373,1
30.3289,9.7162,0.2717,-17.6009,78.3458,237.187,1
26.7271,19.8258,0.1891,15.2639,46.219,78.9989,1
70.457,22.9878,0.1496,68.1553,34.2372,216.957,1
24.7809,14.0543,0.2089,-7.7667,16.8283,219.6659,1
109.252,35.4895,0.0883,62.9458,0.35,340.028,0
20.4837,6.8753,0.4513,14.7353,6.6610000000000005,179.298,1
37.5223,10.8539,0.2739,30.9437,87.066,210.852,1
20.0986,12.8671,0.2417,9.7434,21.675,212.098,1
46.6896,16.0466,0.1509,-13.9592,52.8842,158.3678,1
12.4893,11.9803,0.3528,-7.4384,88.4375,97.0711,1
24.8831,12.3282,0.2782,15.2402,87.4535,174.1535,1
85.895,24.3904,0.0987,95.9855,4.147,268.027,0
81.4054,25.1619,0.1014,70.7019,2.384,288.832,0
40.0484,18.1552,0.1966,-33.2105,1.596,206.09,0
107.427,47.3015,0.1369,85.7489,37.882,93.5967,1
67.4572,22.0192,0.1292,71.0193,2.653,229.732,0
17.9003,10.3235,0.4433,14.674,71.226,110.134,1
24.1845,0.0,0.3676,0.0,1.307,103.95,1
59.5596,17.5233,0.1158,42.2197,40.332,264.10200000000003,1
30.2497,15.8214,0.2207,22.6355,20.2662,74.0516,1
48.9435,16.1799,0.1291,29.1549,27.591,198.531,1
28.0756,10.0967,0.3073,27.2486,7.462999999999999,186.097,1
45.4416,13.7878,0.1833,26.3504,43.9545,171.5389,1
23.848000000000003,8.7197,0.3936,19.4631,82.2838,213.7735,1
89.6464,83.8453,0.1704,-94.5465,29.0554,411.468,1
58.714,22.8368,0.2679,-67.8161,22.9822,195.6839,1
29.8353,11.3519,0.2948,-9.0429,17.1944,230.5486,1
24.7085,20.0298,0.238,-9.3095,62.637,58.5226,1
21.7075,10.714,0.3018,-17.5153,15.7756,162.389,0
32.3023,16.6622,0.1587,23.9693,40.497,241.797,1
173.783,51.8152,0.1898,-135.753,39.5881,235.565,1
69.9392,60.9196,0.1584,52.3536,66.0965,212.728,1
222.9085,110.8744,0.0289999999999999,-264.2232,37.703,192.7844,1
20.0619,12.7981,0.2354,-6.4041,54.584,146.878,1
20.5762,7.3068,0.4974,17.1615,68.0969,175.4358,1
32.2241,14.35,0.2727,18.0815,2.2101,204.417,0
30.4324,24.7446,0.1377,27.7034,6.71,57.6624,0
41.6441,22.594,0.1576,44.4637,16.037,125.595,0
74.4417,28.3567,0.1426,36.8007,3.9083,284.264,0
25.43,9.634,0.3022,14.0487,70.247,107.393,1
23.1245,8.5059,0.3565,-1.6292,67.8491,197.9809,1
97.3016,50.3098,0.0708,64.0663,0.131,315.834,0
159.065,95.6256,0.0387,113.146,85.27,374.061,1
29.6828,11.2671,0.3305,5.224,57.6886,211.7046,1
102.673,84.0216,0.0614,60.6681,59.352,302.999,1
30.244,26.4647,0.1298,11.6027,28.51,138.822,0
21.0927,17.05,0.2498,9.5945,26.2364,252.133,1
62.8886,14.5019,0.0718,-52.1132,44.3394,36.6503,1
181.9511,24.8698,0.1681,-62.3109,35.7297,252.9749,1
88.736,31.0932,0.0831,77.2546,5.822,272.492,0
61.0366,21.3336,0.1113,-52.2643,1.615,174.06400000000002,0
69.9754,33.0572,0.1212,-66.9234,24.9148,179.293,1
22.7309,18.9412,0.2175,-16.9273,66.851,148.02200000000002,1
125.088,85.5769,0.1498,-112.296,27.4121,364.796,1
31.1218,9.766,0.2746,37.0727,74.2123,134.5963,1
76.6071,38.925,0.0981,53.5394,3.7384,352.186,0
41.5538,12.3952,0.252,-23.5217,7.58,193.935,0
28.2507,17.084,0.1812,-22.3459,1.2819999999999998,160.567,0
20.2908,10.2911,0.3352,17.4854,26.539,182.157,1
41.9009,26.0508,0.0851,13.2337,80.4293,177.7574,1
89.102,22.2456,0.1092,69.5356,4.472,299.97900000000004,0
21.4311,6.9151,0.6065,21.934,38.947,172.058,1
19.8582,17.0507,0.2317,11.6422,15.7031,109.533,0
20.3579,14.379,0.2898,7.0023,26.143,121.173,1
22.948,10.906,0.3624,20.2017,65.6668,175.984,1
35.552,15.5602,0.2171,20.6203,85.3816,27.794,1
41.6579,16.0833,0.168,25.9123,78.9602,213.9873,1
23.531,13.698,0.2856,23.0666,35.1268,171.78599999999997,1
53.8621,20.8043,0.1463,53.498000000000005,16.64,224.61900000000003,0
33.9349,14.5479,0.1827,-19.9363,8.1657,232.97,0
19.7455,7.2753,0.4064,10.9442,32.467,188.591,1
55.9732,14.3168,0.159,24.4704,8.527999999999999,251.922,0
26.5568,11.6576,0.2895,-10.3351,35.411,202.189,1
29.6869,6.3752,0.3204,17.1571,43.948,183.793,1
30.6929,13.4036,0.2395,-19.0057,81.9855,235.675,1
22.3098,15.0676,0.3182,-4.5585,34.0497,51.1374,1
22.1959,10.2442,0.4037,-7.7519,47.2107,172.4575,1
23.9882,15.7351,0.3967,19.7956,26.8717,164.9807,1
90.2668,31.9218,0.0902,70.3051,28.7043,298.747,1
18.8077,10.0508,0.4364,14.6619,6.865,46.032,1
73.7689,10.6768,0.1158,56.231,25.2735,170.2389,1
20.6882,12.8511,0.2765,-13.3493,14.885,192.704,0
22.3221,12.3662,0.2874,9.3878,4.6807,195.303,0
171.115,41.1314,0.0618,-148.374,79.146,191.177,1
38.5289,26.4492,0.1448,23.0993,0.804,189.437,0
38.0974,20.7089,0.1334,23.1759,3.185,227.834,0
29.0353,26.8642,0.1377,9.8908,28.926,110.928,0
26.4646,7.2686,0.3368,12.9975,1.8583,231.6696,1
24.1742,18.2276,0.1659,-9.7752,86.932,62.1077,1
29.9448,10.7167,0.3223,-7.77,79.77199999999999,185.495,1
107.602,27.1905,0.0895,64.0017,0.715,291.42,0
13.0703,11.026,0.423,-5.1004,15.8005,197.546,1
22.8448,0.0,0.4056,13.4868,11.186,133.93,1
305.324,70.8569,0.0461,-281.435,44.111,189.21400000000003,1
60.0261,12.245,0.1433,55.2047,1.3841,230.08900000000003,0
36.2672,10.7377,0.2119,18.6649,87.695,258.539,1
80.0027,48.2562,0.055,-39.8619,13.4448,245.0247,1
24.3806,12.9184,0.2761,-11.207,24.8729,84.4951,1
27.8559,11.5171,0.2367,12.6516,24.565,74.8486,1
20.443,11.814,0.3376,20.2117,8.711,198.71,1
21.3128,9.624,0.3611,14.61,7.096,234.971,1
31.6173,24.2115,0.1268,2.8864,22.951,157.613,0
33.0135,12.9288,0.2309,15.9759,5.1770000000000005,226.568,0
23.4398,11.1314,0.3615,24.5997,36.5224,129.89600000000002,1
41.4607,13.1818,0.2009,33.6571,49.32899999999999,210.499,1
148.3768,58.63,0.2129,106.0951,35.5259,342.2848,1
67.5844,14.7835,0.1993,66.5987,1.0325,159.286,1
22.2186,18.1081,0.2799,32.2887,48.836000000000006,162.3592,1
59.9073,11.5772,0.1981,-28.7391,34.4499,161.5613,1
23.7895,10.696,0.3122,17.3998,14.87,150.92700000000002,1
39.8388,20.5521,0.123,20.0187,19.3127,169.243,0
63.4209,26.9573,0.1152,57.7187,0.782,280.301,0
71.5616,11.5457,0.1566,15.0026,86.9989,129.8355,1
26.7459,18.4388,0.2656,-18.2415,22.4767,212.4611,1
21.0357,9.8262,0.3639,14.9775,20.22,225.296,1
33.2355,14.4987,0.2048,-24.6397,7.387,188.726,0
84.0827,55.4775,0.0346,85.0995,2.468,179.606,1
22.9886,13.3644,0.2937,-16.2021,14.3483,191.331,0
25.4707,17.1778,0.253,22.5066,1.7633,132.825,0
29.5469,19.0651,0.1351,-13.6024,32.814,152.297,0
35.1524,27.2944,0.1301,-19.9024,54.3607,170.7192,1
115.4899,76.447,0.0503,64.9656,51.2142,235.7913,1
54.8398,16.8547,0.1313,37.7836,0.7037,257.724,0
81.9549,44.1941,0.1388,44.1463,89.4604,205.978,1
15.1951,12.0624,0.3767,1.2266,63.395,117.992,1
38.5385,12.8024,0.1884,-15.7568,0.583,187.046,0
28.5056,10.4724,0.2657,-25.5155,11.59,158.588,0
35.086,19.428,0.1673,20.5008,11.3154,177.42,0
43.0797,16.1449,0.1663,37.1449,3.3,222.019,0
90.5299,17.8721,0.108,84.6189,2.039,272.038,0
28.1683,20.5255,0.2199,-24.683000000000003,13.937,80.5694,1
21.9255,12.665,0.2774,12.2922,4.941,226.152,1
22.2019,6.5999,0.4072,-11.5369,20.202,194.701,1
60.5328,34.9208,0.175,45.4899,0.8124,290.6,1
65.7802,23.6589,0.1009999999999999,66.4296,0.4845,182.558,0
29.9967,25.4047,0.1496,20.0918,16.23,108.183,0
133.524,65.5287,0.038,72.1716,47.302,314.584,1
58.3755,52.6013,0.1422,-59.4742,22.6831,6.564,1
110.8959,18.4251,0.0881,-43.5722,87.572,214.3619,1
84.0407,16.6481,0.1226,59.2023,24.7881,262.5706,1
37.0123,17.9326,0.1956,-19.4631,5.207000000000001,181.773,0
60.5508,24.4487,0.1241,-31.7991,11.12,144.592,1
79.2015,22.8151,0.0913,74.5319,4.884,218.029,0
100.2775,21.8784,0.1446,57.6547,20.7848,346.43300000000005,1
101.806,38.4131,0.1348,-70.6617,18.019,290.048,1
18.6575,9.814,0.3598,5.8616,6.9844,234.69,1
13.2611,10.5592,0.449,-4.6137,61.03,216.368,1
24.5384,12.9856,0.2654,18.2453,28.0868,198.539,1
77.6007,23.2756,0.1232,62.3527,17.6219,245.082,1
59.1921,25.7827,0.1293,31.4371,4.605,222.931,0
43.1582,11.7072,0.166,25.3654,63.2298,198.9022,1
24.7203,17.6581,0.1578,15.4106,12.9366,58.6703,0
164.6668,39.5132,0.2096,19.2538,55.7371,307.237,1
86.5927,25.3707,0.0934,73.6483,1.489,221.341,0
26.1461,14.5294,0.2593,24.9239,11.047,101.836,0
21.6617,10.2103,0.3085,-15.6132,37.428,202.86900000000003,1
75.6488,25.0647,0.0802,62.2942,5.0598,205.717,0
36.5987,24.2627,0.1226,28.8116,13.191,105.189,0
243.23,96.6374,0.0963,-256.06,45.5411,229.644,1
13.0293,11.1086,0.4191,-5.6726,58.1726,200.61900000000003,1
73.4805,24.7023,0.0938,74.5902,2.797,292.242,0
71.3472,26.9574,0.2184,-40.5541,17.5318,310.3971,1
25.8463,11.1219,0.3087,18.8071,3.61,185.927,1
35.3685,25.5231,0.1079,24.007,6.862,211.998,0
23.8869,18.7115,0.1923,18.9082,35.4637,58.4591,1
32.2851,20.7487,0.1666,27.5241,30.388,79.3781,0
123.58,25.026,0.2379,-99.6804,26.726,371.497,1
26.2056,18.5666,0.2486,-21.0011,5.7572,237.761,0
57.607,19.229,0.1497,52.0111,14.193,271.63,1
215.396,115.472,0.0505,-151.97,85.9234,269.273,1
22.555,10.4001,0.3392,19.4033,56.916,51.8786,1
100.286,20.9058,0.1211,-46.446000000000005,4.664,247.552,1
8.8805,4.351,0.5258,-13.8696,79.5006,189.9593,1
177.65599999999998,55.8744,0.1087,-156.014,2.3331,272.085,1
50.9772,10.3908,0.182,-23.5473,39.666,192.845,1
83.8233,33.119,0.1592,-58.7451,3.155,388.657,0
35.904,26.8518,0.1076,33.4534,87.6718,126.355,1
16.1743,7.0416,0.3211,13.8844,19.9777,207.8836,1
24.2128,0.0,0.4137,-15.9103,6.4563,231.044,1
40.9031,9.2502,0.157,-18.3601,66.4239,126.0903,1
39.938,17.9057,0.1756,23.8404,14.4579,113.943,0
33.5116,18.7002,0.1456,-25.0953,13.848,205.336,0
24.7466,9.3657,0.3387,11.2715,11.218,231.858,1
24.3287,12.8262,0.2234,10.2827,81.6604,228.036,1
46.8561,19.7924,0.1393,16.4572,1.1127,179.84,0
22.363000000000003,11.6285,0.3566,21.2192,38.9391,148.678,1
135.1843,94.2776,0.0332,87.4124,86.7509,403.1069,1
108.0953,20.8474,0.2013,-67.3065,30.9271,103.3614,1
240.462,134.084,0.0762,-142.709,26.902,138.66,1
59.8906,30.797,0.2064,49.6425,51.9758,191.0644,1
18.1769,12.935,0.3226,-14.0754,4.507,261.296,1
28.5635,17.5002,0.2637,-19.3316,70.517,139.061,1
36.1576,20.6371,0.1784,24.4302,7.335,176.66400000000002,0
67.6087,26.6783,0.2462,-57.9631,79.6662,227.191,1
79.5649,26.9862,0.1403,77.9938,8.538,252.399,0
97.4119,59.5868,0.1234,65.1389,16.0337,343.921,1
22.2696,16.8281,0.2959,18.8315,15.229,177.234,1
17.4437,16.6297,0.4365,-10.2647,4.2008,199.8158,1
27.3988,10.1619,0.3115,19.313,15.272,213.182,1
107.104,24.6377,0.2481,65.9027,27.4646,331.158,1
88.2238,42.1892,0.0622,77.0022,0.8714,318.368,0
47.2817,30.8593,0.1212,33.5565,19.286,176.97299999999998,0
16.4292,14.4969,0.2544,-15.713,28.759,117.78,0
14.6629,13.0714,0.475,9.1406,48.3131,252.015,1
46.0322,9.2692,0.2125,31.1426,39.539,193.375,1
26.0622,16.6977,0.2704,20.4193,23.344,217.655,1
49.257,18.4276,0.2433,-32.5111,3.3884,273.062,0
34.4713,22.056,0.1316,9.5699,14.0804,133.505,0
49.165,42.3026,0.1451,25.3868,4.8828,300.035,1
99.5006,24.2466,0.233,-74.1335,10.0367,302.58,1
72.6419,23.1654,0.1832,41.3698,2.1522,329.579,0
157.30100000000002,74.4076,0.1635,84.04700000000001,2.6081,96.5053,1
21.6653,6.5971,0.4582,-15.0471,74.508,98.9922,1
114.804,63.3777,0.0673,-6.4847,14.701,297.473,1
171.295,36.4213,0.1688,-155.9003,27.9053,393.4663,1
70.6596,30.9809,0.0764,48.7238,11.138,253.993,0
164.03099999999998,49.9716,0.0896,129.694,9.083,174.283,1
18.4277,7.1285,0.4596,-10.3391,27.2606,198.949,1
40.8289,13.1511,0.1887,21.1676,26.798,136.24,1
19.0259,10.069,0.3299,10.651,12.536,209.752,1
58.5298,29.5853,0.1094,46.2905,7.0009,205.821,0
88.6415,30.3987,0.1323,53.8696,3.1897,347.92,0
53.2494,30.1739,0.1259,44.1646,2.9517,290.654,0
33.549,13.8846,0.1688,-23.3316,16.5678,113.522,0
47.0077,24.8714,0.1048,-29.8004,74.8551,170.8147,1
35.9312,22.143,0.1406,29.1571,15.5754,144.56,0
17.0805,10.5225,0.4181,-5.2722,70.176,169.49599999999998,1
64.3999,31.2076,0.102,57.1013,8.889,248.691,0
51.3999,28.2574,0.1077,38.8168,32.3743,290.271,1
36.2401,15.557,0.2234,-21.0625,79.392,20.2445,1
150.4164,46.3383,0.1047,74.8631,32.694,183.051,1
18.8303,7.3273,0.4576,-9.5211,47.4858,218.691,1
99.6354,64.3958,0.1348,-91.6052,6.968999999999999,337.621,1
176.672,26.016,0.2003,107.279,39.9259,307.333,1
31.6299,26.834,0.1639,20.5005,16.007,132.66,0
25.1687,9.7395,0.3266,-22.5091,17.1569,106.2838,1
26.5848,12.371,0.3219,-17.8687,68.679,189.644,1
38.5211,19.0309,0.1312,27.6471,2.0933,225.227,0
80.3865,36.4232,0.1198,83.2999,82.0421,282.8658,1
29.9041,19.5678,0.1416,22.3811,85.4343,148.34,1
29.4909,15.9736,0.214,27.7684,25.4027,134.164,0
18.557,16.4293,0.2818,-17.0311,47.746,111.772,1
15.5225,14.7969,0.2575,-5.7247,57.3491,246.6306,1
32.2468,13.0261,0.21,-25.0816,16.2095,168.025,0
79.1607,12.687,0.1258,11.1943,5.632999999999999,20.8315,1
67.3802,14.5428,0.0939,-31.605,74.2601,103.4153,1
76.3259,28.009,0.1239,43.6336,3.6015,260.839,0
26.1083,19.3348,0.2132,12.6018,17.658,254.888,1
19.3383,12.704,0.2907,-13.9911,57.946000000000005,189.524,1
55.6933,26.2593,0.1793,48.1724,10.4307,217.979,0
53.1026,19.5641,0.1723,53.4769,6.082999999999999,255.59,0
28.5274,14.6945,0.3296,27.1228,31.4456,115.003,1
59.5565,20.7926,0.1493,15.5418,1.3614,283.871,0
35.4955,26.0494,0.1595,22.5246,72.543,269.35900000000004,1
23.5828,19.1163,0.1922,10.325,9.3069,94.4397,0
24.1451,19.6937,0.2688,16.9144,78.7982,131.716,1
30.8539,22.9645,0.134,26.4484,41.374,186.403,1
23.8022,16.2389,0.1875,-10.7453,15.4009,207.913,0
105.8838,31.6732,0.1304,-90.0392,75.8304,77.4709,1
70.6232,30.1373,0.0678,53.3275,2.043,229.754,0
53.0002,21.3824,0.0952,-30.2898,1.103,198.08900000000003,0
21.4355,7.9973,0.4285,9.0208,0.2327,178.3587,1
25.9384,16.2946,0.2424,-14.7785,26.632,107.972,1
21.1472,6.4262,0.5113,-16.9767,45.607,171.952,1
62.6862,23.7632,0.1303,49.3294,1.4357,277.996,0
38.6668,20.1272,0.155,29.1279,6.4438,242.514,0
62.4082,25.2008,0.1041,31.9218,6.2553,265.65,0
158.9654,55.6146,0.0293,122.7247,64.1905,178.2544,1
12.7537,11.6192,0.3784,-6.9668,80.0642,47.017,1
25.1407,10.8048,0.3593,17.9199,2.4381,171.21200000000002,1
39.2458,26.2194,0.1299,26.9375,51.624,66.4871,1
37.304,21.4064,0.1196,16.0075,4.3,145.666,0
15.1916,0.9938,0.3643,8.7319,59.1242,111.0125,1
30.3653,17.6916,0.2827,-26.1637,13.5504,215.374,1
51.131,20.6924,0.1413,47.0326,40.7608,149.4814,1
22.2988,10.1804,0.3304,18.837,71.1985,180.764,1
192.425,158.705,0.0199,-175.21400000000003,48.245,262.607,1
34.9335,7.642,0.3748,20.4607,2.8633,186.402,1
166.479,121.389,0.0567,-180.63,20.1748,109.639,1
139.579,31.3385,0.2336,-101.9453,9.2489,276.6578,1
19.4186,9.9248,0.3075,8.5982,41.8017,67.9618,1
22.6397,10.2608,0.3156,18.6537,14.3756,251.28,1
36.651,15.5952,0.1976,-33.9712,10.943,230.79,0
26.2102,13.9899,0.1985,15.7111,14.1372,172.054,0
149.7537,37.3156,0.0988,-115.0507,58.5112,153.4977,1
13.1297,10.4188,0.4954,5.8187,17.901,195.466,1
40.4803,15.8483,0.1947,-11.7925,0.8290000000000001,205.721,0
46.9141,7.5096,0.2295,15.3934,35.2782,215.6197,1
61.5172,14.8567,0.1692,51.6806,1.2306,243.478,0
138.701,71.5139,0.0353,-109.727,65.301,132.32399999999998,1
41.7332,20.7097,0.1061,9.6262,1.0347,168.99200000000002,0
180.9538,51.4932,0.06,98.1494,11.915,130.982,1
23.0238,10.5568,0.4231,11.8097,53.3703,176.8478,1
83.0808,42.8251,0.1632,63.6573,66.696,337.3921,1
212.5883,97.5072,0.0521,159.6209,73.3657,126.3444,1
15.9795,7.1734,0.6184,-7.6365,58.2907,213.345,1
22.3018,12.3422,0.2765,-7.59,9.809,156.321,0
62.5927,35.2466,0.2057,39.8251,3.1921,360.081,1
60.1978,20.9071,0.157,64.5593,57.4882,144.7271,1
60.7878,25.458,0.1036,28.6824,63.229,200.136,1
86.8732,43.1381,0.0936,53.7919,2.192,357.0,0
12.977,11.2337,0.4059,5.9407,71.4072,178.037,1
23.9948,16.2368,0.2698,7.0294,28.7838,162.13,1
48.0573,11.0862,0.1882,32.4358,26.93,165.22400000000002,1
122.8869,25.5638,0.1158,-108.4666,61.9702,238.8578,1
27.0469,7.7368,0.3163,-14.486,12.261,161.136,0
32.2216,11.4022,0.2918,-20.398,4.405,282.1028,0
84.9312,26.6571,0.0913,66.5324,1.1373,268.91900000000004,0
64.9836,36.9749,0.068,51.9287,26.7146,225.778,1
24.8934,9.0198,0.3735,-7.2937,0.8814,197.488,0
24.0201,11.2943,0.285,-21.1455,6.311,228.221,0
163.6203,61.581,0.1669,-167.7684,12.4703,398.6475,1
65.5503,26.8969,0.1439,43.1668,15.135,313.443,1
105.2088,36.4719,0.1285,-86.6187,29.8981,137.5851,1
47.0427,14.7014,0.2143,31.0986,24.1144,154.355,1
31.5058,28.4885,0.1097,25.4775,84.0498,67.9455,1
52.5016,9.5828,0.2077,36.1845,32.658,195.911,1
23.2199,12.5471,0.3061,11.3088,2.3661,207.886,1
111.9952,45.1453,0.1037,-22.8583,45.9324,63.8148,1
57.2275,30.3038,0.1618,-34.0194,89.3565,199.7229,1
23.409,14.562,0.3034,19.5486,39.0139,237.293,1
35.3566,13.6785,0.2201,-31.2304,0.2316,172.417,0
23.1709,14.3812,0.307,11.4031,34.0936,115.582,1
19.1567,10.0289,0.3232,10.1729,4.0951,205.977,1
30.5089,15.8601,0.2303,16.7796,6.33,212.259,0
115.177,24.6835,0.1232,49.6767,38.788,305.074,1
27.9504,8.4249,0.3531,-20.6984,60.468,59.7883,1
37.5368,22.1703,0.1354,30.9437,23.0716,207.755,1
22.3835,11.6583,0.3533,15.3469,40.0296,252.737,1
40.912,31.2124,0.1101,22.8315,14.608,201.924,0
61.7023,14.7348,0.1436,-39.2609,71.9639,157.4754,1
80.1159,48.7308,0.1695,-56.0855,55.4453,136.1121,1
239.7724,32.4624,0.2893,190.5494,42.2162,194.9762,1
98.6144,32.5417,0.1076,69.058,0.7895,332.552,0
38.8804,11.9079,0.2747,-28.9003,3.533,203.315,0
223.467,93.1625,0.0515,-168.467,68.635,358.784,1
72.5175,60.6466,0.0849,56.9624,81.992,328.7533,1
20.0075,10.1463,0.2962,-15.3466,34.2505,131.2396,1
31.0074,22.0149,0.1505,-19.6534,20.518,233.833,1
34.1721,8.7107,0.2152,3.9281,69.07,180.539,1
114.792,65.8183,0.186,-54.9896,14.3037,266.10200000000003,1
45.1554,9.6212,0.2236,36.8525,17.7436,187.33,1
147.5111,49.7622,0.1136,-91.3556,33.4438,254.8939,1
57.8733,33.3488,0.0859,46.6113,6.4404,178.703,0
23.5077,19.4764,0.2087,-32.5202,20.1264,269.4996,1
48.3776,23.7405,0.1243,-18.7428,8.3229,202.663,0
31.201,15.0653,0.2512,8.4701,80.3791,78.7286,1
63.4772,16.2974,0.1604,-70.7614,68.3542,178.6399,1
29.2277,22.3943,0.1546,21.8996,17.3452,164.08900000000003,0
62.8184,32.4881,0.0667,58.6506,11.533,168.144,0
107.903,19.1206,0.1842,67.7805,0.1009999999999999,328.728,0
139.385,45.7849,0.1204,74.9782,50.809,270.217,1
80.6494,30.916,0.0888,82.6968,3.0387,197.238,0
226.323,47.2655,0.0688,-238.123,27.396,291.48400000000004,1
124.972,114.291,0.0394,119.48,10.2319,79.5271,1
129.6316,28.6741,0.1237,-107.8582,11.1216,267.5001,1
68.6177,25.6677,0.0992,62.58,0.3339999999999999,215.015,0
25.7838,13.3367,0.281,14.928,20.3804,148.372,1
23.7253,0.0,0.3734,0.0,28.267,29.4987,1
13.3791,9.9131,0.4986,-7.7106,0.708,124.509,1
93.0016,17.941,0.1333,91.8036,17.0072,327.0483,1
49.6784,5.1439,0.2329,36.6091,7.25,157.3256,1
25.5681,7.4485,0.3879999999999999,17.1056,9.8852,115.1498,1
29.6971,6.7798,0.2891,8.3343,9.1552,187.4984,1
25.7808,18.8246,0.1889,-21.6238,3.0162,203.166,0
36.4381,13.5256,0.1783,-21.006,3.596,154.99200000000002,0
21.2509,10.8657,0.2843,17.944000000000003,7.182,123.84,0
19.8971,7.0326,0.4259,13.5681,3.5723,230.842,1
17.1015,7.4063,0.5652,-4.1969,9.259,181.938,1
25.4389,18.4712,0.2056,-14.1023,14.0504,162.21,0
37.2552,16.6907,0.1874,-11.0278,84.5037,145.1456,1
19.6147,7.4136,0.4286,-7.0857,29.2598,236.766,1
126.5899,24.3644,0.0958,71.0188,32.5813,106.2486,1
44.9027,34.1256,0.0762,32.5779,2.3411,106.219,0
37.5288,18.976,0.1266,21.3864,16.2846,216.761,0
182.071,17.209,0.1607,115.518,45.6762,286.955,1
20.7715,7.2029,0.3607,4.9762,33.313,154.81799999999998,1
23.0275,19.4128,0.236,-14.7399,74.475,116.555,1
62.7053,27.6299,0.238,27.6496,33.7638,324.367,1
28.5181,15.5266,0.213,20.4938,15.767,235.788,1
20.0041,7.3071,0.3996,-9.8912,31.55,96.7936,1
153.066,49.2126,0.0832,-126.184,36.077,352.282,1
21.5205,11.0824,0.4064,-22.3361,0.2671,154.7039,1
53.8346,16.1162,0.1951,54.8205,8.451,165.174,0
85.6186,21.3754,0.1431,-52.2066,63.924,112.012,1
70.2044,13.8444,0.1087,-20.6338,58.2394,174.857,1
50.1122,27.2217,0.1025,-43.1794,85.7234,134.637,1
48.9681,12.1154,0.1893,38.9598,12.422,157.251,1
93.7489,31.8736,0.1274,75.6106,14.3121,212.227,1
43.2815,8.7109,0.2764,27.6114,6.025,255.658,1
16.9233,7.1128,0.5593,6.0875,34.583,120.404,1
17.6353,2.6886,0.4895,7.0239,26.5873,208.5689,1
33.6341,8.7745,0.2142,0.9711,67.6115,112.4341,1
27.9506,19.63,0.1708,14.1282,18.513,147.129,0
168.6264,65.0079,0.0701,151.233,21.6765,216.8033,1
106.624,36.546,0.0704,76.3378,1.3581,342.54900000000004,0
85.3087,18.4628,0.1165,34.6759,4.4581,34.7187,1
38.7094,23.9015,0.1464,38.9864,4.65,159.414,0
39.4355,15.9327,0.1595,9.5358,24.302,179.261,1
13.1234,9.9102,0.537,8.2394,9.046,41.3399,1
78.7587,29.1133,0.1151,56.832,0.432,306.935,0
23.9164,15.7092,0.2509,-19.1267,68.0783,70.5975,1
194.1567,32.1825,0.0634,89.8355,23.2722,54.0459,1
18.9718,9.1695,0.331,-10.4171,79.1202,175.8149,1
90.7728,83.2654,0.1273,-96.7941,12.4989,466.4078,1
21.1522,6.9475,0.4071,12.7983,24.7311,142.054,1
32.3883,16.8137,0.179,23.9771,7.7602,233.5748,0
22.6811,11.55,0.3103,-20.3147,65.64699999999999,116.332,1
37.0475,22.2333,0.1767,-15.7213,0.6088,127.5368,0
28.4015,9.4934,0.2921,11.4296,34.9012,204.7034,1
16.8922,5.5166,0.428,14.0333,80.4352,169.9768,1
90.0058,33.8737,0.0686,78.6621,2.0580000000000003,180.799,0
29.4713,13.4156,0.2034,18.1788,1.643,147.592,0
15.3788,9.5171,0.3596,-5.9241,59.3484,214.6016,1
20.7522,8.9492,0.3586,10.5927,36.306,126.393,1
29.6058,18.3168,0.1617,8.5763,9.0521,134.291,0
29.9508,15.4549,0.1888,15.1616,23.9617,133.096,0
59.5052,29.3006,0.2258,-45.7282,31.747,425.5181,1
17.0899,16.6616,0.3194,11.0507,69.2804,55.1584,1
31.3719,23.3887,0.1592,22.6569,28.6317,90.0006,0
23.2118,10.7747,0.304,-19.3164,7.755,114.905,0
15.0587,13.4775,0.5438,-11.211,25.9856,108.06,1
94.012,18.8373,0.1913,105.671,34.667,308.911,1
26.923,12.6794,0.2458,20.7103,33.1921,236.385,1
40.9586,17.5945,0.1817,21.8974,2.9065,171.955,0
25.7688,12.833,0.2507,16.1553,27.5018,231.329,1
55.5393,22.7848,0.0989,38.9675,5.1038,226.5,0
21.7131,6.7565,0.417,12.9397,25.071,142.131,1
35.9582,21.7627,0.1463,-25.3418,8.0679,197.279,0
32.2999,13.9228,0.2715,-14.0933,83.4885,245.554,1
33.2553,12.9241,0.1673,9.245,87.0983,170.38,1
39.4923,17.2441,0.2095,22.5333,5.7442,168.199,0
68.619,13.7645,0.1593,57.7698,1.9636,256.718,0
29.0035,17.1994,0.1808,23.5272,0.2189999999999999,196.2,0
91.0539,19.4314,0.1364,95.9197,14.3675,205.305,1
33.8593,18.4629,0.1564,22.1898,4.009,173.179,0
41.6722,10.9719,0.2039,21.7489,84.7483,244.127,1
35.9534,31.5107,0.1241,33.4197,12.941,74.4644,0
50.7417,8.2783,0.2491,23.0449,50.0771,118.0061,1
20.4079,14.6465,0.2717,-9.7435,89.2364,103.368,1
30.4298,21.54,0.1314,19.9719,1.471,111.585,0
42.4881,22.2124,0.1723,31.4874,3.9627,114.525,0
32.4246,14.8329,0.1754,34.1108,64.1998,263.1032,1
41.1283,6.247000000000001,0.1742,23.3275,26.5913,217.1082,1
155.683,86.7432,0.0613,-147.471,89.0275,331.552,1
166.2833,44.2623,0.0942,-30.3837,59.7117,254.0102,1
145.423,57.0717,0.1661,-126.384,55.772,268.641,1
61.6736,12.497,0.124,41.8048,14.396,119.484,1
31.9036,18.0421,0.1521,18.2193,14.7783,111.436,0
126.117,48.5558,0.0987,-126.017,28.374,354.091,1
54.9625,17.7415,0.3282,34.8255,7.2035,257.0716,1
32.661,12.4938,0.2801,3.8473,62.3367,159.5799,1
26.1052,9.4291,0.3427,-10.1234,3.9731,219.587,0
36.9794,24.1174,0.12,8.5158,46.43,93.9373,1
25.4875,13.3783,0.3316,29.0183,37.6685,248.9734,1
67.9187,32.6559,0.0798,30.696,0.794,273.901,0
39.8874,25.9122,0.0934,26.0955,7.437,121.816,0
28.1746,18.2959,0.2236,11.1219,47.407,95.4522,1
65.3382,27.563,0.1207,37.0247,0.847,294.505,0
64.4978,19.6105,0.0919,42.9179,6.772,227.296,0
41.0701,7.6731,0.3202,7.7756,33.0732,99.3665,1
88.6419,46.4645,0.0685,90.9736,5.9917,143.3627,1
23.4762,5.4378,0.3136,8.3159,57.5568,149.0103,1
32.9078,11.7753,0.253,14.3055,6.8937,106.009,1
21.1622,17.2962,0.2206,12.0874,62.3566,144.1204,1
32.2136,17.0121,0.1834,14.4098,0.596,206.205,0
20.0335,14.284,0.2719,-13.3556,30.2511,173.673,1
109.6006,25.4601,0.0646,72.1357,78.9235,207.6945,1
17.7474,10.5396,0.4324,15.0448,21.915,114.096,1
121.1839,89.3474,0.042,-54.4342,26.0322,273.3197,1
20.8113,10.6396,0.3199,-17.0784,13.446,243.879,1
39.0281,9.4129,0.2151,20.8016,31.528,160.542,1
16.7566,11.3063,0.355,0.1543,48.504,117.636,1
21.308000000000003,11.5462,0.321,11.3902,25.5049,235.812,1
69.6536,32.811,0.1042,-54.0003,4.42,247.971,1
46.2803,13.2719,0.2511,12.5567,9.9035,216.0709,0
56.0281,22.2748,0.2603,39.2806,5.482,263.9465,1
41.0149,13.6674,0.1565,28.0699,6.297000000000001,223.441,0
106.75,28.0085,0.0762,89.8588,3.972,298.142,0
35.0935,14.411,0.2211,9.6713,7.5143,193.408,0
17.583,12.3608,0.3554,14.7387,48.9365,183.95,1
57.732,27.5528,0.1115,51.3579,1.3330000000000002,249.99400000000003,0
22.231,11.8873,0.3391,10.6926,25.929,183.843,1
23.0384,14.3798,0.2586,16.5478,61.9346,144.8005,1
18.3266,10.5029,0.2888,-8.6126,4.3975,158.422,0
44.0786,12.4609,0.2216,29.1928,3.9175,174.77,0
16.5431,10.441,0.3151,8.8734,30.006,214.645,1
56.6389,19.6846,0.1086,40.4884,13.0161,149.4119,0
80.0227,39.5044,0.0626,74.77199999999999,8.5037,207.781,0
16.0737,7.1383,0.2199,18.7109,22.455,138.491,1
17.9911,15.7644,0.356,-14.9682,21.9555,184.648,1
18.337,7.3265,0.4365,-1.9289,17.4926,103.0762,1
88.3305,21.307,0.2279,87.4836,77.808,136.17700000000002,1
99.3238,29.1599,0.1458,22.7739,1.3072,357.389,0
15.3048,10.5498,0.5066,7.4141,15.550999999999998,173.458,1
269.332,78.8836,0.0827,-331.78,26.195,254.639,1
72.9523,30.5716,0.0701,67.4553,0.7020000000000001,195.749,0
36.4186,21.9916,0.1296,-16.3513,23.42,147.593,0
51.0786,10.3515,0.1689,30.9474,0.6579999999999999,190.937,0
60.8875,21.234,0.1487,52.3825,4.14,273.79200000000003,0
21.8255,10.5479,0.2829,16.9324,24.6014,152.233,1
29.4021,10.3135,0.3656,-26.2285,11.165,145.465,1
70.9525,40.1728,0.0942,70.1906,76.95,316.14,1
39.2192,14.1085,0.2306,31.7324,9.1923,225.515,1
35.907,11.9374,0.2569,-23.7556,4.122,192.917,0
61.8847,30.7737,0.1164,52.6065,0.0235,277.323,0
51.7479,24.0639,0.2251,42.1082,11.1895,269.42400000000004,1
37.7629,11.7837,0.2133,-28.8848,24.6466,211.1458,1
81.0314,9.8854,0.2138,60.1031,21.007,180.324,1
136.889,72.3826,0.0578,-81.6242,81.5495,404.955,1
44.6843,9.4991,0.2309,30.1365,57.0501,99.2361,1
95.2333,31.0539,0.0924,69.8347,1.513,224.814,0
32.7243,11.9393,0.2692,25.9423,54.5812,107.905,1
60.2951,27.9635,0.0931,53.1801,56.335,50.2019,1
154.2224,50.697,0.1203,-108.9276,22.0795,233.0952,1
35.0679,12.2035,0.296,5.6228,5.9483,157.463,0
29.9323,11.130999999999998,0.2789999999999999,-20.0136,8.897,181.006,0
19.9169,12.7478,0.2571,-13.3411,11.2053,80.5603,0
24.8332,15.6621,0.2274,17.1802,4.833,165.03599999999997,0
